sale_id,date,product_id,quantity_sold,price_per_unit,total_revenue,Demand
2139,2024-03-09,84,86,0.420000,36.120000,1
1697,2024-06-23,71,77,0.610000,46.970000,1
1243,2023-10-07,48,87,0.160000,13.920000,0
1498,2024-10-06,80,94,0.810000,76.140000,0
1187,2024-03-01,51,75,0.680000,51.000000,1
716,2023-11-18,100,42,0.430000,18.060000,0
2889,2023-09-27,13,71,0.940000,66.740000,0
2885,2024-07-04,22,96,0.470000,45.120000,1
2213,2024-08-06,27,72,0.320000,23.040000,0
2710,2024-01-01,38,37,0.490000,18.130000,0
1140,2023-04-21,76,59,0.520000,30.680000,0
452,2024-02-22,89,14,0.930000,13.020000,1
111,2023-08-21,79,10,0.170000,1.700000,0
1020,2024-10-07,17,81,0.390000,31.590000,0
1574,2024-02-02,24,22,0.780000,17.160000,0
1719,2024-08-01,71,46,0.830000,38.180000,0
1034,2024-03-16,23,85,0.690000,58.650000,1
2055,2024-03-28,71,68,0.910000,61.880000,1
1301,2024-09-30,48,77,0.830000,63.910000,0
2624,2024-05-21,3,41,0.660000,27.060000,0
2804,2024-01-04,54,87,0.140000,12.180000,0
2967,2023-03-08,9,42,0.760000,31.920000,0
1645,2024-05-22,21,70,0.860000,60.200000,1
564,2023-01-31,6,20,0.220000,4.400000,0
2258,2023-10-25,98,57,0.160000,9.120000,0
255,2024-05-24,8,74,0.180000,13.320000,0
573,2023-08-16,6,64,0.430000,27.520000,0
806,2024-01-06,16,1,0.470000,0.470000,0
619,2024-03-25,65,92,0.830000,76.360000,1
2891,2023-09-30,33,25,0.680000,17.000000,0
2183,2024-04-03,9,7,0.350000,2.450000,0
2290,2024-01-24,42,7,0.100000,0.700000,0
2810,2023-05-27,57,93,0.210000,19.530000,0
861,2024-08-11,43,10,0.680000,6.800000,0
1356,2024-10-28,79,29,0.110000,3.190000,0
2212,2023-04-14,43,74,0.170000,12.580000,0
506,2024-05-24,33,51,0.950000,48.450000,0
2932,2024-06-24,33,75,0.940000,70.500000,1
2617,2023-10-27,66,73,0.910000,66.430000,0
284,2025-01-04,34,74,0.730000,54.020000,0
1267,2024-08-07,94,92,0.480000,44.160000,0
1679,2023-10-01,98,50,0.480000,24.000000,0
336,2025-01-07,34,60,0.480000,28.800000,0
2078,2024-04-16,12,51,0.850000,43.350000,1
1942,2024-07-20,2,93,0.910000,84.630000,1
2623,2024-11-15,25,72,0.400000,28.800000,0
2458,2023-04-25,45,72,0.760000,54.720000,0
581,2024-01-13,41,87,0.300000,26.100000,0
2796,2024-02-06,65,9,0.320000,2.880000,0
1674,2023-06-04,4,5,0.860000,4.300000,0
2073,2023-03-28,7,52,0.380000,19.760000,0
1378,2023-09-01,20,75,0.250000,18.750000,0
74,2024-04-19,22,92,0.290000,26.680000,1
1773,2023-06-16,94,11,0.880000,9.680000,0
1525,2023-02-19,20,32,0.500000,16.000000,0
2342,2024-07-13,1,87,0.120000,10.440000,0
212,2023-08-05,96,86,0.830000,71.380000,0
1453,2024-06-07,70,9,0.990000,8.910000,1
207,2024-09-16,87,58,0.140000,8.120000,0
1955,2023-03-31,88,49,0.160000,7.840000,0
1536,2023-09-19,97,73,0.700000,51.100000,0
2376,2024-06-03,52,60,0.320000,19.200000,1
22,2023-09-26,7,97,0.540000,52.380000,0
1661,2023-12-17,72,98,0.440000,43.120000,1
979,2024-09-05,9,59,0.980000,57.820000,0
480,2024-06-24,74,21,0.100000,2.100000,1
2281,2025-01-19,54,25,0.500000,12.500000,0
876,2024-10-03,95,5,0.740000,3.700000,0
1019,2023-12-01,51,19,0.530000,10.070000,0
2159,2024-08-20,26,25,0.980000,24.500000,0
1474,2024-11-09,40,37,0.350000,12.950000,0
239,2023-06-16,68,100,0.550000,55.000000,0
1095,2023-12-02,70,87,0.560000,48.720000,0
264,2023-03-19,4,3,0.900000,2.700000,0
1129,2023-09-24,81,51,0.990000,50.490000,0
790,2024-10-04,63,51,0.890000,45.390000,0
2474,2024-08-01,42,83,0.140000,11.620000,0
2276,2024-08-23,100,47,0.710000,33.370000,0
2184,2023-08-06,77,39,0.590000,23.010000,0
2268,2024-05-17,98,34,0.870000,29.580000,1
531,2023-11-09,9,13,0.240000,3.120000,0
1025,2023-02-24,60,46,0.990000,45.540000,0
2698,2023-10-21,64,13,0.780000,10.140000,0
1260,2023-02-25,66,32,0.900000,28.800000,0
1425,2024-11-02,90,63,0.780000,49.140000,0
1307,2024-04-25,49,85,0.430000,36.550000,1
700,2024-12-14,14,30,0.830000,24.900000,0
1361,2023-11-24,90,90,0.730000,65.700000,1
386,2023-08-25,97,69,0.140000,9.660000,0
2355,2024-11-21,17,74,0.190000,14.060000,0
2369,2024-09-06,47,46,0.970000,44.620000,0
1117,2023-09-09,51,39,0.500000,19.500000,0
1373,2024-07-24,12,95,0.790000,75.050000,0
40,2024-01-13,25,47,0.860000,40.420000,1
208,2024-11-29,41,12,0.880000,10.560000,0
1426,2024-06-12,74,100,0.470000,47.000000,1
79,2024-05-03,43,64,0.190000,12.160000,1
1914,2024-05-08,51,66,0.480000,31.680000,1
2909,2024-11-30,26,44,0.490000,21.560000,0
1941,2024-07-02,60,1,0.170000,0.170000,0
2594,2023-08-29,98,42,0.510000,21.420000,0
222,2023-04-09,97,43,0.720000,30.960000,0
813,2023-06-18,72,34,0.710000,24.140000,0
1269,2025-01-21,64,49,0.360000,17.640000,0
1058,2024-09-13,84,100,0.690000,69.000000,0
308,2024-11-27,39,32,0.370000,11.840000,0
1987,2024-04-05,55,60,0.730000,43.800000,1
85,2024-05-01,56,14,0.930000,13.020000,0
2544,2024-08-08,9,15,0.330000,4.950000,1
2311,2023-10-06,98,3,0.460000,1.380000,0
2152,2023-05-01,23,66,0.910000,60.060000,0
2968,2023-10-15,67,93,0.590000,54.870000,0
567,2023-06-21,69,79,0.120000,9.480000,0
1651,2024-11-29,65,74,0.640000,47.360000,0
2894,2023-07-29,6,68,0.700000,47.600000,0
2418,2024-11-01,72,23,0.710000,16.330000,0
1604,2024-07-04,89,36,0.440000,15.840000,0
751,2024-06-19,41,88,0.210000,18.480000,1
802,2023-11-09,86,55,0.910000,50.050000,0
1030,2024-06-20,17,88,0.100000,8.800000,1
618,2024-03-23,67,42,0.460000,19.320000,1
2771,2024-01-05,73,79,0.230000,18.170000,0
453,2025-01-20,40,56,0.420000,23.520000,0
870,2024-10-03,56,23,0.150000,3.450000,0
206,2024-06-21,94,29,0.800000,23.200000,0
2200,2023-08-08,21,18,0.110000,1.980000,0
1250,2023-07-05,61,19,0.370000,7.030000,0
1293,2023-06-18,100,82,0.570000,46.740000,0
1295,2024-12-17,21,3,0.360000,1.080000,0
203,2024-05-09,34,35,0.740000,25.900000,1
662,2024-08-26,94,57,0.730000,41.610000,1
1717,2024-09-14,84,58,0.970000,56.260000,0
381,2024-05-01,28,91,0.700000,63.700000,1
2832,2024-12-07,40,16,0.440000,7.040000,0
1278,2023-09-13,23,62,0.460000,28.520000,0
1027,2023-06-26,66,47,0.300000,14.100000,0
2693,2024-08-15,36,8,0.470000,3.760000,0
1654,2024-04-20,93,17,0.760000,12.920000,1
1968,2023-04-17,36,86,0.100000,8.600000,0
2895,2024-12-05,71,85,0.870000,73.950000,0
2221,2024-03-24,61,56,0.140000,7.840000,1
349,2023-11-22,77,91,0.440000,40.040000,0
2225,2024-02-13,12,82,0.770000,63.140000,1
2608,2025-01-01,89,9,0.220000,1.980000,0
991,2024-07-11,30,100,0.810000,81.000000,1
922,2024-11-29,34,14,0.450000,6.300000,0
2181,2024-07-09,72,1,0.550000,0.550000,0
1087,2023-11-07,88,55,0.890000,48.950000,0
2360,2023-01-28,88,38,0.810000,30.780000,0
670,2024-02-20,36,63,0.450000,28.350000,1
1210,2023-08-11,93,34,0.380000,12.920000,0
202,2024-10-16,79,29,0.870000,25.230000,0
1994,2023-10-25,83,24,0.390000,9.360000,0
2402,2024-08-06,1,28,0.110000,3.080000,0
1609,2024-03-23,97,30,0.410000,12.300000,1
1993,2023-03-10,55,20,0.770000,15.400000,0
912,2024-04-16,53,98,0.850000,83.300000,1
2270,2024-03-27,85,49,0.170000,8.330000,1
1671,2025-01-10,39,1,0.310000,0.310000,0
2113,2023-04-28,27,5,0.160000,0.800000,0
2568,2024-11-28,5,48,0.100000,4.800000,0
1823,2024-03-11,66,22,0.880000,19.360000,0
318,2024-05-10,37,73,0.520000,37.960000,1
1882,2024-01-05,67,95,0.260000,24.700000,1
896,2023-11-25,56,53,0.660000,34.980000,0
939,2023-10-13,100,31,0.910000,28.210000,0
1979,2023-11-06,29,79,0.850000,67.150000,0
1304,2024-04-28,34,31,0.860000,26.660000,0
774,2023-08-06,51,43,0.860000,36.980000,0
1492,2023-08-02,88,22,0.550000,12.100000,0
2451,2024-04-02,79,16,0.740000,11.840000,1
117,2023-10-06,20,49,0.240000,11.760000,0
2368,2023-11-08,83,59,0.880000,51.920000,0
2327,2023-05-28,21,69,0.160000,11.040000,0
2128,2025-01-09,3,9,0.190000,1.710000,0
1732,2024-08-20,15,52,0.650000,33.800000,0
220,2023-03-15,56,69,0.670000,46.230000,0
1347,2023-03-22,50,66,0.450000,29.700000,0
2370,2024-03-28,53,78,0.110000,8.580000,1
693,2024-10-06,91,25,0.740000,18.500000,0
2277,2024-06-09,74,7,0.210000,1.470000,0
947,2023-04-27,15,52,0.840000,43.680000,0
2511,2024-10-08,85,20,0.300000,6.000000,0
1284,2024-09-22,1,4,0.270000,1.080000,0
1508,2023-03-06,28,93,0.780000,72.540000,0
706,2023-06-07,5,16,0.600000,9.600000,0
865,2025-01-22,32,100,0.830000,83.000000,0
2998,2023-11-19,33,83,0.890000,73.870000,0
1777,2024-10-28,67,28,0.610000,17.080000,0
1457,2024-12-09,86,67,0.430000,28.810000,0
1840,2024-12-03,11,53,0.710000,37.630000,0
2423,2024-09-02,14,15,0.680000,10.200000,0
383,2024-06-25,96,27,0.600000,16.200000,0
2125,2023-05-31,44,77,0.770000,59.290000,0
433,2023-07-03,67,47,0.140000,6.580000,0
2144,2023-08-23,76,15,0.930000,13.950000,0
44,2023-09-11,23,97,0.370000,35.890000,0
787,2024-04-13,77,48,0.860000,41.280000,1
2359,2024-12-30,60,34,0.880000,29.920000,0
2921,2024-03-07,46,51,0.370000,18.870000,0
733,2025-01-16,93,39,0.630000,24.570000,0
1841,2023-11-09,23,91,0.250000,22.750000,0
1900,2023-10-14,82,69,0.670000,46.230000,0
1826,2023-10-12,65,98,0.800000,78.400000,0
2066,2024-03-01,59,16,0.410000,6.560000,0
562,2024-08-29,99,4,0.450000,1.800000,0
2197,2024-04-20,71,27,0.600000,16.200000,0
2251,2023-02-26,49,17,0.340000,5.780000,0
1946,2023-01-25,80,93,0.580000,53.940000,0
1855,2023-09-21,62,56,0.450000,25.200000,0
50,2024-01-07,2,38,0.430000,16.340000,0
1206,2023-12-02,53,88,0.460000,40.480000,0
1079,2024-01-30,6,63,0.690000,43.470000,0
754,2024-01-26,84,67,0.390000,26.130000,0
34,2024-02-25,70,82,0.400000,32.800000,1
1915,2023-03-16,9,96,0.820000,78.720000,0
1382,2023-06-16,45,96,0.670000,64.320000,0
2823,2024-06-27,74,7,0.950000,6.650000,0
866,2023-09-26,92,75,0.270000,20.250000,0
213,2023-08-17,82,71,0.740000,52.540000,0
2928,2023-07-10,17,96,0.460000,44.160000,0
404,2024-08-23,75,49,0.350000,17.150000,0
2121,2024-01-30,4,6,0.670000,4.020000,0
2733,2023-04-08,9,31,0.930000,28.830000,0
63,2024-07-12,37,42,0.510000,21.420000,1
113,2024-12-20,99,65,0.230000,14.950000,0
463,2024-04-28,11,21,0.670000,14.070000,0
1933,2024-07-16,13,26,0.550000,14.300000,0
1235,2023-11-20,45,20,0.910000,18.200000,0
2508,2024-08-22,2,94,0.500000,47.000000,1
836,2024-08-03,63,92,0.230000,21.160000,0
405,2024-09-08,32,100,0.310000,31.000000,0
108,2024-05-11,69,40,0.920000,36.800000,1
1866,2023-10-12,55,49,0.620000,30.380000,0
2198,2023-02-02,14,45,0.890000,40.050000,0
910,2023-09-05,69,92,0.670000,61.640000,0
2660,2023-09-21,53,58,0.400000,23.200000,0
123,2023-07-05,83,39,0.480000,18.720000,0
1639,2023-03-31,67,69,0.770000,53.130000,0
503,2024-10-09,84,53,0.790000,41.870000,0
1754,2023-05-14,19,49,0.310000,15.190000,0
2929,2024-09-15,93,48,0.170000,8.160000,0
2209,2024-08-14,49,59,0.270000,15.930000,0
246,2024-12-16,28,13,0.250000,3.250000,0
771,2024-12-09,24,21,0.490000,10.290000,0
2207,2023-03-10,8,76,0.650000,49.400000,0
1075,2024-10-13,7,22,0.460000,10.120000,0
1104,2023-10-12,90,96,0.220000,21.120000,0
1462,2024-07-28,5,51,0.810000,41.310000,0
1423,2024-07-09,62,82,0.830000,68.060000,1
2228,2024-03-08,89,20,0.400000,8.000000,0
2381,2024-06-21,73,56,0.280000,15.680000,1
1707,2024-03-21,38,88,0.560000,49.280000,1
1662,2024-03-27,21,35,0.120000,4.200000,1
31,2024-09-08,7,21,0.630000,13.230000,0
2154,2023-11-20,14,99,0.380000,37.620000,1
1390,2024-04-17,49,72,0.500000,36.000000,1
332,2023-12-22,38,76,0.700000,53.200000,0
138,2024-10-19,30,85,0.500000,42.500000,0
2566,2024-02-08,86,99,0.730000,72.270000,1
1167,2023-10-09,94,72,0.960000,69.120000,0
1333,2023-11-16,84,7,0.780000,5.460000,0
1318,2023-09-02,9,8,0.960000,7.680000,0
482,2024-11-16,86,6,0.400000,2.400000,0
1370,2024-04-18,6,37,0.330000,12.210000,1
522,2023-02-08,7,100,0.320000,32.000000,0
2206,2023-11-09,67,65,0.820000,53.300000,0
997,2023-09-05,25,51,0.580000,29.580000,0
2026,2024-01-22,66,63,0.420000,26.460000,1
1161,2024-07-14,97,17,0.700000,11.900000,1
1813,2023-06-16,3,36,0.960000,34.560000,0
511,2023-06-01,43,23,0.800000,18.400000,0
1045,2023-12-09,44,64,0.250000,16.000000,0
1024,2024-07-09,47,50,0.560000,28.000000,1
302,2023-08-27,77,88,0.350000,30.800000,0
1723,2023-07-04,64,41,0.640000,26.240000,0
1272,2023-08-28,68,90,0.880000,79.200000,0
821,2024-10-12,15,47,0.470000,22.090000,0
1978,2023-03-28,39,3,0.740000,2.220000,0
2997,2024-02-04,18,51,0.120000,6.120000,1
526,2024-07-21,4,89,0.810000,72.090000,0
2933,2023-12-26,53,80,0.770000,61.600000,1
2068,2023-08-06,9,73,0.110000,8.030000,0
2344,2023-02-23,2,35,0.740000,25.900000,0
622,2024-07-08,50,80,0.380000,30.400000,0
1204,2023-08-19,70,49,0.990000,48.510000,0
341,2024-12-04,67,65,0.110000,7.150000,0
1786,2023-11-08,15,19,0.830000,15.770000,0
1793,2023-07-31,14,54,0.930000,50.220000,0
2163,2023-05-17,67,50,0.830000,41.500000,0
1592,2023-04-04,61,87,0.660000,57.420000,0
2805,2023-08-30,100,86,0.730000,62.780000,0
2476,2024-01-16,74,78,0.920000,71.760000,0
632,2024-10-11,49,66,0.780000,51.480000,0
2291,2024-11-17,69,10,0.880000,8.800000,0
585,2024-11-16,74,40,0.430000,17.200000,0
674,2024-06-23,52,23,0.190000,4.370000,0
2403,2023-03-27,100,49,0.100000,4.900000,0
2191,2023-09-27,77,36,0.560000,20.160000,0
1299,2023-02-05,19,45,0.620000,27.900000,0
2021,2024-06-21,76,86,0.190000,16.340000,1
1154,2023-10-30,7,90,0.750000,67.500000,0
1668,2024-12-11,79,64,0.780000,49.920000,0
270,2024-02-04,94,88,0.530000,46.640000,1
2527,2023-03-18,75,26,0.100000,2.600000,0
968,2024-12-16,65,39,0.460000,17.940000,0
691,2024-10-31,46,16,0.950000,15.200000,0
2972,2024-09-19,7,70,0.290000,20.300000,1
966,2023-09-20,62,90,0.510000,45.900000,0
1750,2023-04-24,83,36,0.110000,3.960000,0
2242,2023-07-30,18,43,0.320000,13.760000,0
2738,2024-03-23,9,89,0.680000,60.520000,1
2214,2024-09-01,72,80,0.120000,9.600000,1
1816,2024-10-19,90,24,0.100000,2.400000,0
2056,2024-02-13,23,24,0.230000,5.520000,1
527,2023-01-30,74,80,0.400000,32.000000,0
1183,2023-12-16,44,100,0.640000,64.000000,0
994,2024-12-28,20,2,0.490000,0.980000,0
2031,2024-02-20,82,76,0.310000,23.560000,1
2865,2024-03-24,94,15,0.860000,12.900000,0
2058,2023-02-27,46,57,0.240000,13.680000,0
783,2023-02-06,1,29,0.220000,6.380000,0
1526,2023-05-06,30,51,0.920000,46.920000,0
29,2024-12-27,87,15,0.370000,5.550000,0
2603,2024-10-07,57,57,0.230000,13.110000,0
502,2024-11-11,46,49,0.700000,34.300000,0
2908,2025-01-16,2,17,0.260000,4.420000,0
2019,2023-07-10,24,55,0.460000,25.300000,0
315,2024-12-09,26,21,0.970000,20.370000,0
1764,2023-05-17,54,17,0.290000,4.930000,0
355,2024-03-31,40,13,0.760000,9.880000,1
2111,2023-06-17,43,32,0.760000,24.320000,0
1550,2024-10-02,9,54,0.400000,21.600000,0
999,2024-04-29,59,45,0.800000,36.000000,1
698,2024-10-22,29,76,0.920000,69.920000,0
290,2024-01-10,7,11,0.460000,5.060000,0
1216,2023-02-27,71,16,0.800000,12.800000,0
299,2023-10-29,41,17,0.280000,4.760000,0
1182,2024-04-08,74,4,0.680000,2.720000,0
1392,2024-12-25,78,29,0.510000,14.790000,0
1895,2024-07-18,57,56,0.730000,40.880000,1
1317,2024-10-13,62,19,0.630000,11.970000,0
609,2024-03-07,82,44,0.740000,32.560000,1
613,2023-09-10,62,49,0.240000,11.760000,0
1090,2023-09-28,60,36,0.730000,26.280000,0
1263,2024-09-06,50,22,0.780000,17.160000,0
1571,2023-04-10,11,22,0.300000,6.600000,0
1334,2023-08-08,60,34,0.850000,28.900000,0
2911,2023-12-25,29,22,0.620000,13.640000,0
2106,2023-10-13,89,91,0.490000,44.590000,0
2590,2024-01-06,39,80,0.740000,59.200000,0
588,2023-10-07,52,82,0.440000,36.080000,0
1787,2024-08-22,11,42,0.140000,5.880000,1
427,2024-12-08,47,6,0.950000,5.700000,0
2563,2024-08-02,87,98,0.770000,75.460000,1
1055,2023-10-11,77,96,0.980000,94.080000,0
972,2023-09-24,59,77,0.480000,36.960000,0
888,2023-10-18,60,21,0.370000,7.770000,0
874,2024-07-12,74,15,0.890000,13.350000,0
2231,2023-02-14,22,13,0.810000,10.530000,0
1513,2023-11-19,90,60,0.390000,23.400000,1
2648,2024-09-01,8,94,0.850000,79.900000,0
1538,2024-02-15,16,74,0.330000,24.420000,1
1107,2023-03-16,90,5,0.420000,2.100000,0
323,2023-08-11,88,49,0.480000,23.520000,0
1261,2023-08-12,29,85,0.330000,28.050000,0
1657,2023-05-24,27,27,0.680000,18.360000,0
834,2023-09-23,90,16,0.760000,12.160000,0
1294,2025-01-14,82,43,0.510000,21.930000,0
49,2024-10-11,18,69,0.800000,55.200000,0
145,2024-02-19,67,99,0.110000,10.890000,1
2331,2025-01-01,96,28,0.370000,10.360000,0
2385,2023-07-01,12,46,0.780000,35.880000,0
247,2024-10-22,55,41,0.970000,39.770000,0
1442,2024-12-04,2,35,0.680000,23.800000,0
2016,2023-03-06,47,83,0.580000,48.140000,0
1655,2023-06-14,12,89,0.730000,64.970000,0
1734,2023-04-11,80,58,0.830000,48.140000,0
2499,2024-03-04,61,38,0.390000,14.820000,0
1063,2024-07-07,48,27,0.480000,12.960000,0
1240,2024-02-11,20,100,0.600000,60.000000,1
2799,2024-07-28,6,88,0.440000,38.720000,0
665,2024-02-08,21,74,0.230000,17.020000,1
1700,2023-08-27,39,63,0.740000,46.620000,0
873,2023-08-13,74,36,0.140000,5.040000,0
776,2024-10-06,26,94,0.880000,82.720000,0
853,2024-07-20,19,71,0.800000,56.800000,0
1486,2024-12-10,49,82,0.290000,23.780000,0
803,2023-07-15,47,96,0.310000,29.760000,0
943,2024-08-14,56,19,0.870000,16.530000,0
2595,2024-02-19,12,74,0.900000,66.600000,1
1556,2023-09-03,74,23,0.290000,6.670000,0
293,2024-10-15,93,12,0.770000,9.240000,0
2767,2024-03-20,32,11,0.380000,4.180000,0
810,2024-08-28,4,38,0.300000,11.400000,0
1455,2024-01-23,91,61,0.860000,52.460000,0
2051,2023-05-25,16,88,0.130000,11.440000,0
513,2023-08-08,95,40,0.530000,21.200000,0
2393,2023-02-25,34,68,0.460000,31.280000,0
1984,2023-07-27,66,31,0.750000,23.250000,0
1810,2024-02-06,40,28,0.110000,3.080000,0
360,2025-01-15,21,4,0.380000,1.520000,0
538,2023-03-09,90,75,0.470000,35.250000,0
2692,2023-05-31,70,50,0.230000,11.500000,0
2713,2023-03-02,32,43,0.350000,15.050000,0
1613,2023-03-25,59,85,0.890000,75.650000,0
933,2024-05-03,63,76,0.750000,57.000000,1
1646,2024-11-25,73,33,0.630000,20.790000,0
1551,2024-10-24,21,26,0.660000,17.160000,0
1991,2023-05-06,65,41,0.520000,21.320000,0
1371,2024-02-05,50,74,0.200000,14.800000,1
980,2024-10-21,18,64,0.270000,17.280000,0
1339,2024-10-29,17,64,0.320000,20.480000,0
1581,2023-09-01,95,72,0.350000,25.200000,0
878,2025-01-22,74,36,0.780000,28.080000,0
711,2023-07-31,56,2,0.400000,0.800000,0
2673,2024-11-01,22,83,0.160000,13.280000,0
48,2024-08-06,58,60,0.670000,40.200000,0
1939,2024-05-29,35,75,0.440000,33.000000,1
402,2023-02-07,76,68,0.340000,23.120000,0
1666,2023-09-25,81,74,0.710000,52.540000,0
1973,2023-01-28,9,51,0.980000,49.980000,0
408,2023-11-11,75,22,0.420000,9.240000,0
2787,2024-07-12,2,3,0.170000,0.510000,0
2035,2024-03-13,35,88,0.390000,34.320000,1
125,2023-03-30,1,82,0.690000,56.580000,0
1084,2024-01-15,27,79,0.370000,29.230000,0
1934,2024-10-28,30,55,0.720000,39.600000,0
529,2024-08-27,6,81,0.810000,65.610000,0
815,2024-11-18,22,29,0.330000,9.570000,0
643,2023-09-11,15,5,0.110000,0.550000,0
1051,2023-05-02,61,88,0.990000,87.120000,0
601,2025-01-20,54,70,0.700000,49.000000,0
148,2025-01-12,46,75,0.870000,65.250000,0
510,2024-03-05,58,72,0.640000,46.080000,0
1193,2024-02-10,11,45,0.410000,18.450000,1
1807,2024-09-14,48,36,0.390000,14.040000,0
2899,2024-07-09,85,3,0.210000,0.630000,0
359,2024-11-20,82,57,0.850000,48.450000,0
1214,2024-06-04,74,23,0.370000,8.510000,1
2509,2024-02-22,24,78,0.840000,65.520000,1
1065,2024-03-03,78,24,0.430000,10.320000,1
2177,2025-01-14,30,3,0.400000,1.200000,0
1276,2025-01-07,18,100,0.940000,94.000000,0
2592,2024-10-31,84,20,0.230000,4.600000,0
2120,2024-01-27,69,9,0.130000,1.170000,0
2788,2024-12-01,70,14,0.290000,4.060000,0
2308,2024-11-15,46,55,0.820000,45.100000,0
139,2024-01-04,28,80,0.220000,17.600000,1
128,2023-04-03,83,60,0.480000,28.800000,0
2766,2023-04-26,40,1,0.620000,0.620000,0
1168,2024-02-23,87,51,0.820000,41.820000,1
2702,2024-09-28,75,42,0.370000,15.540000,0
2506,2023-09-13,37,75,0.850000,63.750000,0
294,2024-02-12,34,41,0.110000,4.510000,0
228,2023-11-03,96,16,0.440000,7.040000,0
1126,2024-08-18,93,26,0.580000,15.080000,0
1207,2024-09-19,60,74,0.440000,32.560000,1
2524,2023-02-10,64,100,0.980000,98.000000,0
1440,2023-01-30,94,53,0.610000,32.330000,0
1974,2023-10-17,18,7,0.290000,2.030000,0
2877,2024-08-31,69,16,0.480000,7.680000,0
2054,2024-09-26,15,86,0.420000,36.120000,0
441,2023-08-15,95,69,0.370000,25.530000,0
179,2024-03-14,55,40,0.690000,27.600000,0
1524,2023-05-21,24,90,0.410000,36.900000,0
2946,2024-01-30,99,12,0.310000,3.720000,0
1961,2024-02-02,34,79,0.700000,55.300000,1
1829,2023-08-28,85,49,0.530000,25.970000,0
1349,2023-08-31,47,49,0.890000,43.610000,0
2020,2023-05-10,72,87,0.110000,9.570000,0
1503,2023-10-21,83,88,0.350000,30.800000,0
900,2023-12-24,26,42,0.160000,6.720000,0
33,2024-05-19,52,62,0.190000,11.780000,1
2462,2024-07-29,98,39,0.650000,25.350000,0
466,2025-01-14,37,75,0.900000,67.500000,0
1427,2024-07-10,65,50,0.260000,13.000000,0
2807,2024-09-16,76,7,0.990000,6.930000,0
610,2024-04-01,48,55,0.950000,52.250000,1
1566,2023-03-23,88,6,0.730000,4.380000,0
472,2023-08-17,73,94,0.950000,89.300000,0
2504,2024-11-05,4,39,0.370000,14.430000,0
2286,2023-12-23,3,8,0.330000,2.640000,0
325,2023-07-09,46,25,0.200000,5.000000,0
168,2025-01-09,80,2,0.720000,1.440000,0
1605,2023-07-14,25,90,0.680000,61.200000,0
449,2024-09-01,78,90,0.190000,17.100000,0
1889,2023-11-24,45,97,0.260000,25.220000,1
589,2023-07-21,5,25,0.170000,4.250000,0
807,2023-03-02,40,31,0.400000,12.400000,0
2244,2024-10-06,97,29,0.130000,3.770000,0
2730,2024-05-28,58,23,0.410000,9.430000,1
193,2023-03-13,93,61,0.430000,26.230000,0
1099,2025-01-22,98,94,0.910000,85.540000,0
75,2024-08-15,55,71,0.510000,36.210000,0
2430,2025-01-22,79,31,0.170000,5.270000,0
436,2024-07-13,45,90,0.760000,68.400000,1
394,2024-04-07,81,20,0.890000,17.800000,0
576,2023-04-25,85,68,0.490000,33.320000,0
1950,2024-04-15,71,18,0.740000,13.320000,1
903,2024-01-01,99,28,0.960000,26.880000,0
1266,2024-05-12,62,65,0.270000,17.550000,1
1231,2024-06-18,45,83,0.960000,79.680000,1
1241,2024-01-11,57,28,0.520000,14.560000,0
2482,2024-01-19,42,55,0.750000,41.250000,0
1355,2024-01-15,24,2,0.950000,1.900000,0
2264,2024-07-27,11,54,0.900000,48.600000,0
69,2024-08-20,11,56,0.660000,36.960000,0
1792,2023-05-02,62,54,0.240000,12.960000,0
363,2023-02-21,73,55,0.970000,53.350000,0
1573,2024-04-18,67,30,0.920000,27.600000,1
13,2023-12-07,74,7,0.550000,3.850000,0
1890,2024-08-04,64,44,0.270000,11.880000,0
426,2023-08-29,8,47,0.430000,20.210000,0
1337,2023-05-30,20,69,0.340000,23.460000,0
2199,2024-04-17,39,73,0.290000,21.170000,1
1325,2024-05-19,74,84,0.300000,25.200000,1
1881,2024-01-17,46,75,0.520000,39.000000,0
235,2023-06-21,66,90,0.410000,36.900000,0
1996,2024-09-30,97,64,0.300000,19.200000,0
382,2024-12-21,12,63,0.770000,48.510000,0
2189,2024-07-27,27,20,0.200000,4.000000,0
1918,2023-06-22,75,39,0.120000,4.680000,0
1217,2023-04-21,57,95,0.160000,15.200000,0
504,2023-11-14,14,66,0.220000,14.520000,0
2993,2024-07-20,45,78,0.220000,17.160000,0
631,2024-01-21,82,93,0.970000,90.210000,0
291,2024-03-05,49,23,0.930000,21.390000,1
1320,2023-10-29,73,61,0.860000,52.460000,0
160,2023-07-26,14,34,0.760000,25.840000,0
2707,2024-04-19,7,52,0.320000,16.640000,1
2717,2023-06-28,30,87,0.990000,86.130000,0
2723,2024-11-03,73,49,0.550000,26.950000,0
1209,2024-04-18,74,61,0.190000,11.590000,1
1718,2024-03-23,32,6,0.730000,4.380000,1
350,2024-12-28,35,58,0.950000,55.100000,0
443,2024-10-13,2,41,0.410000,16.810000,0
1561,2023-07-31,41,24,0.400000,9.600000,0
231,2024-12-31,86,19,0.750000,14.250000,0
2005,2024-04-14,93,39,0.570000,22.230000,1
2108,2025-01-23,66,39,0.630000,24.570000,0
1680,2023-07-31,79,25,0.970000,24.250000,0
1695,2023-09-19,86,77,0.500000,38.500000,0
2554,2024-01-26,79,6,0.550000,3.300000,0
2364,2024-05-15,12,72,0.380000,27.360000,1
977,2023-03-13,71,63,0.840000,52.920000,0
2306,2023-06-07,96,44,0.920000,40.480000,0
2983,2023-02-19,9,39,0.940000,36.660000,0
1659,2024-11-05,53,23,0.490000,11.270000,0
530,2023-03-13,32,31,0.540000,16.740000,0
2765,2025-01-20,40,26,0.890000,23.140000,0
1358,2023-09-23,91,29,0.590000,17.110000,0
949,2024-08-05,28,13,0.910000,11.830000,0
2982,2023-09-20,30,33,0.240000,7.920000,0
1929,2024-05-21,84,52,0.960000,49.920000,0
1290,2023-07-02,85,82,0.230000,18.860000,0
2814,2023-01-25,76,22,0.820000,18.040000,0
406,2023-12-30,56,49,0.330000,16.170000,1
840,2023-10-12,75,15,0.560000,8.400000,0
2174,2023-10-12,51,81,0.980000,79.380000,0
1917,2023-02-08,59,35,0.330000,11.550000,0
2614,2024-06-19,16,26,0.830000,21.580000,1
1802,2023-09-17,51,31,0.810000,25.110000,0
1785,2024-02-21,22,31,0.510000,15.810000,1
1497,2024-07-09,26,12,0.210000,2.520000,0
1790,2023-07-09,9,37,0.670000,24.790000,0
215,2024-04-19,39,8,0.820000,6.560000,1
2571,2024-05-22,75,47,0.690000,32.430000,1
500,2023-02-25,20,79,0.880000,69.520000,0
1022,2024-01-05,12,99,0.950000,94.050000,0
24,2024-05-01,94,26,0.490000,12.740000,0
1062,2023-07-12,33,13,0.950000,12.350000,0
210,2023-08-31,33,72,0.370000,26.640000,0
1072,2024-12-21,17,73,0.600000,43.800000,0
1482,2023-08-10,42,65,0.850000,55.250000,0
1755,2024-10-17,68,31,0.870000,26.970000,0
1583,2023-11-05,70,11,0.390000,4.290000,0
188,2024-09-08,25,99,0.770000,76.230000,0
2479,2024-11-03,62,33,0.910000,30.030000,0
2293,2023-11-12,53,17,0.120000,2.040000,0
2136,2024-03-15,20,74,0.410000,30.340000,1
2776,2023-10-07,47,19,0.420000,7.980000,0
98,2024-09-11,12,17,0.400000,6.800000,0
2218,2023-12-25,11,85,0.720000,61.200000,0
1327,2023-12-15,84,84,0.130000,10.920000,1
2659,2024-03-02,26,66,0.480000,31.680000,1
708,2023-10-01,43,99,0.750000,74.250000,0
1468,2024-08-17,71,61,0.330000,20.130000,1
2400,2023-11-19,67,85,0.970000,82.450000,1
2701,2023-09-24,34,57,0.200000,11.400000,0
978,2024-10-11,69,47,0.200000,9.400000,0
1089,2023-10-19,89,24,0.350000,8.400000,0
2341,2023-11-22,99,24,0.550000,13.200000,0
2560,2023-10-08,64,85,0.400000,34.000000,0
2532,2023-10-12,43,85,0.680000,57.800000,0
454,2024-01-14,78,67,0.640000,42.880000,0
2720,2023-10-06,89,45,0.320000,14.400000,0
2475,2024-07-15,97,77,0.900000,69.300000,0
2977,2023-04-29,35,41,0.830000,34.030000,0
1860,2023-06-18,35,65,0.900000,58.500000,0
2079,2024-11-28,28,93,0.400000,37.200000,0
627,2024-12-17,64,51,0.250000,12.750000,0
2839,2023-12-10,81,37,0.360000,13.320000,0
30,2023-03-02,69,40,0.500000,20.000000,0
32,2023-04-02,99,40,0.420000,16.800000,0
710,2024-04-29,78,78,0.270000,21.060000,1
1567,2023-06-18,78,81,0.310000,25.110000,0
1539,2023-07-03,37,23,0.610000,14.030000,0
1634,2023-06-23,60,100,0.770000,77.000000,0
2578,2024-07-18,10,63,0.530000,33.390000,0
1147,2024-07-26,84,1,0.230000,0.230000,0
785,2024-03-18,31,39,0.440000,17.160000,0
830,2024-08-29,90,28,0.240000,6.720000,0
577,2024-09-11,95,95,0.720000,68.400000,0
2547,2023-04-11,70,80,0.180000,14.400000,0
2440,2024-03-16,89,78,0.890000,69.420000,1
1340,2023-07-08,71,83,0.430000,35.690000,0
615,2024-09-03,58,46,0.470000,21.620000,0
2501,2024-03-11,50,34,0.540000,18.360000,0
906,2025-01-01,14,40,0.690000,27.600000,0
1730,2024-09-10,77,88,0.640000,56.320000,0
2426,2024-04-18,10,27,0.500000,13.500000,1
1071,2024-02-08,10,13,0.410000,5.330000,0
1832,2024-04-08,12,34,0.170000,5.780000,1
1923,2024-02-20,28,23,0.200000,4.600000,0
368,2023-08-25,8,87,0.890000,77.430000,0
705,2023-03-02,94,98,0.550000,53.900000,0
431,2024-06-06,25,31,0.750000,23.250000,1
1016,2023-08-29,36,7,0.160000,1.120000,0
2041,2024-03-10,84,78,0.970000,75.660000,1
2431,2024-07-09,23,17,0.560000,9.520000,0
2557,2024-01-03,12,98,0.330000,32.340000,1
419,2024-03-19,2,99,0.460000,45.540000,1
1064,2024-09-15,52,95,0.700000,66.500000,0
2555,2023-10-29,74,53,0.370000,19.610000,0
1056,2025-01-22,66,52,0.900000,46.800000,0
1324,2023-02-05,50,58,0.470000,27.260000,0
1848,2023-02-18,41,10,0.930000,9.300000,0
1069,2023-05-27,33,22,0.750000,16.500000,0
2083,2023-07-22,7,87,0.830000,72.210000,0
1601,2024-06-08,5,36,0.790000,28.440000,0
2696,2023-12-07,53,31,0.510000,15.810000,0
1856,2024-07-21,48,95,0.960000,91.200000,1
1097,2024-05-09,17,72,0.960000,69.120000,1
663,2024-12-12,47,52,0.970000,50.440000,0
2460,2024-09-23,85,40,0.620000,24.800000,0
2539,2024-03-20,20,59,0.930000,54.870000,1
2642,2024-09-30,41,86,0.310000,26.660000,0
428,2023-04-30,84,64,0.550000,35.200000,0
133,2024-10-25,96,54,0.200000,10.800000,0
1465,2023-02-21,54,68,0.850000,57.800000,0
2525,2023-03-05,66,87,0.600000,52.200000,0
165,2023-02-17,15,92,0.150000,13.800000,0
2756,2024-11-06,83,99,0.940000,93.060000,0
1452,2024-12-29,90,5,0.720000,3.600000,0
1338,2023-02-23,64,2,0.480000,0.960000,0
932,2024-01-03,10,92,0.350000,32.200000,1
860,2024-11-11,23,62,0.900000,55.800000,0
2074,2024-09-06,2,58,0.540000,31.320000,0
717,2024-07-21,57,70,0.930000,65.100000,0
668,2023-02-28,80,93,0.690000,64.170000,0
2907,2024-02-22,50,24,0.890000,21.360000,1
2001,2023-02-11,65,70,0.130000,9.100000,0
2351,2023-03-20,98,46,0.470000,21.620000,0
1884,2023-10-10,25,40,0.830000,33.200000,0
1684,2024-03-02,20,14,0.860000,12.040000,0
2962,2024-02-20,72,14,0.520000,7.280000,0
2674,2024-10-30,32,10,0.530000,5.300000,0
2129,2025-01-13,7,15,0.230000,3.450000,0
2217,2024-10-27,32,7,0.460000,3.220000,0
1908,2024-07-15,17,13,0.680000,8.840000,0
233,2024-01-13,39,81,0.800000,64.800000,0
109,2023-10-28,34,73,0.140000,10.220000,0
366,2024-06-02,68,47,0.560000,26.320000,1
261,2023-05-02,11,22,0.900000,19.800000,0
688,2024-02-19,68,16,0.920000,14.720000,1
1164,2024-08-16,90,22,0.250000,5.500000,0
1568,2024-06-20,95,26,0.290000,7.540000,1
140,2024-09-26,97,68,0.690000,46.920000,0
638,2024-10-08,46,14,0.280000,3.920000,0
1173,2024-03-25,40,13,0.520000,6.760000,1
766,2023-03-31,39,80,0.290000,23.200000,0
1367,2023-12-24,58,17,0.120000,2.040000,0
671,2025-01-18,31,47,0.150000,7.050000,0
1395,2024-09-01,78,66,0.230000,15.180000,1
1309,2023-12-04,12,17,0.530000,9.010000,0
2003,2023-07-22,56,69,0.920000,63.480000,0
957,2024-09-24,93,33,0.700000,23.100000,0
2309,2024-01-27,25,44,0.750000,33.000000,0
1879,2023-12-14,92,42,0.650000,27.300000,0
1201,2023-02-23,76,12,0.880000,10.560000,0
1699,2024-09-02,66,26,0.680000,17.680000,0
885,2023-04-11,100,65,0.130000,8.450000,0
692,2023-02-03,5,78,0.970000,75.660000,0
1751,2024-12-31,6,76,0.170000,12.920000,0
2897,2024-06-03,52,97,0.870000,84.390000,1
1903,2024-06-10,5,54,0.670000,36.180000,1
2230,2024-03-06,62,74,0.150000,11.100000,1
1271,2024-11-23,72,82,0.600000,49.200000,0
256,2023-10-01,53,90,0.310000,27.900000,0
2165,2024-11-12,35,15,0.260000,3.900000,0
1353,2023-06-12,47,98,0.280000,27.440000,0
546,2024-08-15,8,5,0.690000,3.450000,0
2384,2023-08-23,84,68,0.200000,13.600000,0
154,2024-05-19,52,13,0.450000,5.850000,1
20,2024-11-24,41,22,0.520000,11.440000,0
1245,2023-11-14,56,25,0.420000,10.500000,0
412,2025-01-23,99,65,0.290000,18.850000,0
348,2023-08-20,89,70,0.160000,11.200000,0
1485,2023-02-09,80,67,0.930000,62.310000,0
468,2024-05-06,63,17,0.770000,13.090000,0
2049,2024-06-02,32,58,0.200000,11.600000,1
2782,2023-05-31,5,94,0.270000,25.380000,0
358,2025-01-15,52,1,0.570000,0.570000,0
1516,2023-12-08,45,34,0.400000,13.600000,0
2570,2024-10-18,81,91,0.110000,10.010000,0
2024,2024-04-02,76,28,0.860000,24.080000,1
1947,2023-04-19,97,67,0.800000,53.600000,0
1302,2024-07-10,70,48,0.350000,16.800000,0
553,2023-05-07,63,39,0.740000,28.860000,0
1808,2025-01-16,100,11,0.710000,7.810000,0
1945,2023-08-18,64,80,0.830000,66.400000,0
892,2023-07-22,49,25,0.920000,23.000000,0
928,2023-08-12,51,68,0.740000,50.320000,0
1715,2023-12-31,99,85,0.830000,70.550000,0
122,2023-04-12,13,18,0.700000,12.600000,0
2455,2024-02-24,9,14,0.420000,5.880000,0
2265,2023-06-01,94,5,0.410000,2.050000,0
792,2024-11-19,1,9,0.200000,1.800000,0
2150,2023-03-30,25,46,0.120000,5.520000,0
303,2024-05-02,27,49,0.880000,43.120000,0
1692,2023-12-08,38,54,0.870000,46.980000,0
1017,2023-03-05,40,58,0.650000,37.700000,0
1937,2023-08-10,18,34,0.910000,30.940000,0
1122,2023-10-25,16,48,0.330000,15.840000,0
1198,2023-10-21,100,95,0.160000,15.200000,0
2180,2024-06-09,65,86,0.290000,24.940000,1
714,2023-06-10,20,62,0.790000,48.980000,0
1405,2024-02-13,16,82,0.820000,67.240000,1
1842,2023-09-08,72,16,0.920000,14.720000,0
2387,2024-03-20,43,44,0.240000,10.560000,1
1316,2024-01-17,2,8,0.430000,3.440000,0
1086,2023-06-17,46,59,0.770000,45.430000,0
1132,2023-12-15,52,50,0.150000,7.500000,1
2927,2023-04-19,49,92,0.230000,21.160000,0
1944,2023-04-11,64,66,0.490000,32.340000,0
1081,2024-11-16,1,76,0.620000,47.120000,0
1854,2023-12-01,17,36,0.990000,35.640000,0
1588,2024-08-17,2,9,0.470000,4.230000,1
38,2023-11-19,81,57,0.190000,10.830000,1
2138,2024-03-07,70,81,0.380000,30.780000,1
2356,2024-07-17,31,88,0.100000,8.800000,1
2580,2024-11-20,56,67,0.460000,30.820000,0
1377,2023-05-18,31,79,0.180000,14.220000,0
37,2024-03-28,63,29,0.800000,23.200000,0
867,2023-07-16,89,58,0.360000,20.880000,0
2496,2024-01-01,94,94,0.260000,24.440000,0
1982,2024-08-15,17,7,0.420000,2.940000,0
2324,2024-07-24,88,15,0.210000,3.150000,0
2432,2023-04-29,13,70,0.210000,14.700000,0
2379,2024-03-01,74,95,0.650000,61.750000,1
1057,2024-10-29,57,84,0.280000,23.520000,0
2093,2023-05-07,44,16,0.270000,4.320000,0
1495,2023-10-02,12,1,0.890000,0.890000,0
1237,2023-09-01,10,43,0.440000,18.920000,0
2900,2024-12-13,28,25,0.330000,8.250000,0
2337,2024-07-10,29,34,0.770000,26.180000,0
1014,2024-04-05,55,69,0.290000,20.010000,1
103,2023-02-02,13,53,0.930000,49.290000,0
2576,2023-11-12,64,85,0.850000,72.250000,0
289,2023-07-22,64,98,0.150000,14.700000,0
1756,2024-10-17,67,64,0.810000,51.840000,0
2234,2024-10-19,88,45,0.250000,11.250000,0
1614,2024-09-17,14,89,0.930000,82.770000,0
1422,2023-05-24,81,46,0.920000,42.320000,0
2500,2024-12-23,65,87,0.160000,13.920000,0
2254,2023-07-01,26,88,0.310000,27.280000,0
1119,2023-08-22,60,73,0.550000,40.150000,0
2075,2024-07-03,98,45,0.670000,30.150000,0
1171,2023-07-27,93,72,0.880000,63.360000,0
2922,2024-12-25,38,85,0.960000,81.600000,0
2757,2024-09-19,42,25,0.690000,17.250000,0
21,2023-04-03,74,75,0.440000,33.000000,0
1054,2023-05-10,33,70,0.780000,54.600000,0
1504,2023-05-28,34,84,0.440000,36.960000,0
2790,2024-05-10,40,69,0.710000,48.990000,1
914,2024-03-13,56,8,0.880000,7.040000,1
544,2023-02-23,34,29,0.200000,5.800000,0
2406,2024-06-06,43,6,0.660000,3.960000,1
151,2023-02-11,18,59,0.740000,43.660000,0
2445,2024-12-17,24,42,0.240000,10.080000,0
2375,2023-02-03,90,60,0.840000,50.400000,0
1505,2023-08-26,36,30,0.570000,17.100000,0
2322,2024-06-27,100,32,0.730000,23.360000,1
817,2024-09-12,13,26,0.860000,22.360000,0
1226,2023-07-27,2,40,0.370000,14.800000,0
2102,2024-08-02,62,87,0.710000,61.770000,1
2629,2024-02-12,70,32,0.880000,28.160000,0
2245,2024-01-22,33,9,0.700000,6.300000,0
2099,2024-10-31,16,48,0.220000,10.560000,0
36,2024-09-01,7,93,0.720000,66.960000,1
1517,2023-03-22,90,64,0.230000,14.720000,0
1729,2024-02-20,3,91,0.880000,80.080000,1
392,2024-03-20,14,21,0.290000,6.090000,1
2457,2024-05-02,84,76,0.550000,41.800000,1
1148,2024-11-04,61,28,0.490000,13.720000,0
2952,2024-05-21,39,54,0.500000,27.000000,1
2854,2023-04-06,29,36,0.370000,13.320000,0
2323,2023-12-05,93,64,0.900000,57.600000,0
891,2023-03-01,90,22,0.240000,5.280000,0
636,2023-06-12,95,97,0.820000,79.540000,0
1228,2024-08-25,16,79,0.850000,67.150000,1
226,2024-09-13,25,24,0.970000,23.280000,0
684,2023-02-20,25,59,0.120000,7.080000,0
1872,2023-04-02,28,8,0.180000,1.440000,0
1256,2024-11-26,25,49,0.550000,26.950000,0
460,2024-07-01,32,73,0.770000,56.210000,1
676,2024-09-16,55,96,0.680000,65.280000,0
378,2024-11-26,88,86,0.880000,75.680000,0
214,2024-02-18,70,75,0.370000,27.750000,0
831,2023-02-27,20,76,0.790000,60.040000,0
829,2024-03-09,90,54,0.750000,40.500000,1
955,2024-02-29,63,15,0.950000,14.250000,0
1518,2024-07-20,75,34,0.470000,15.980000,1
2420,2024-04-25,84,20,0.930000,18.600000,1
1169,2024-09-01,76,27,0.990000,26.730000,0
2017,2024-05-15,58,21,0.860000,18.060000,1
1,2024-02-10,39,47,0.470000,22.090000,1
276,2023-11-17,87,89,0.220000,19.580000,0
1767,2024-01-23,70,20,0.480000,9.600000,0
1852,2024-02-04,79,65,0.600000,39.000000,1
679,2024-04-02,42,30,0.580000,17.400000,1
416,2024-11-01,97,86,0.950000,81.700000,0
1357,2023-02-17,28,41,0.500000,20.500000,0
2015,2023-06-07,5,35,0.310000,10.850000,0
2846,2023-04-19,64,78,0.400000,31.200000,0
2295,2023-12-18,1,73,0.660000,48.180000,0
2778,2023-10-31,31,50,0.430000,21.500000,0
1675,2024-02-19,86,10,0.110000,1.100000,0
1869,2023-02-04,60,58,0.640000,37.120000,0
808,2024-10-11,7,56,0.660000,36.960000,0
2275,2023-09-30,68,74,0.670000,49.580000,0
476,2024-07-23,11,81,0.630000,51.030000,0
104,2024-01-11,24,64,0.130000,8.320000,1
1103,2023-01-31,71,41,0.900000,36.900000,0
1332,2023-12-04,72,74,0.210000,15.540000,0
791,2023-06-13,70,18,0.800000,14.400000,0
743,2024-01-07,23,21,0.730000,15.330000,0
2433,2024-09-12,68,53,0.760000,40.280000,0
1584,2023-02-06,43,42,0.520000,21.840000,0
489,2024-08-28,22,88,0.690000,60.720000,0
2357,2023-01-27,19,4,0.320000,1.280000,0
881,2024-08-29,97,71,0.660000,46.860000,0
2179,2025-01-20,33,36,0.870000,31.320000,0
2239,2023-05-01,13,48,0.720000,34.560000,0
559,2024-02-25,77,26,0.100000,2.600000,0
1484,2023-11-03,26,41,0.200000,8.200000,0
593,2023-04-03,92,39,0.650000,25.350000,0
2104,2023-12-05,52,50,0.110000,5.500000,1
1254,2025-01-12,15,80,0.690000,55.200000,0
2859,2023-02-20,9,93,0.150000,13.950000,0
2287,2023-09-24,23,14,0.770000,10.780000,0
1983,2024-11-25,59,73,0.740000,54.020000,0
1229,2024-01-03,51,75,0.530000,39.750000,0
2248,2024-07-03,44,41,0.750000,30.750000,0
1722,2024-07-31,93,67,0.630000,42.210000,1
2913,2024-02-14,26,88,0.610000,53.680000,1
828,2024-02-14,12,2,0.740000,1.480000,0
2103,2023-08-26,53,30,0.910000,27.300000,0
1018,2023-12-29,49,5,0.450000,2.250000,0
990,2024-01-19,43,5,0.880000,4.400000,0
1223,2023-05-07,40,27,0.470000,12.690000,0
1116,2024-10-26,77,91,0.220000,20.020000,1
1586,2023-09-26,39,77,0.440000,33.880000,0
2477,2023-08-16,55,86,0.650000,55.900000,0
682,2024-09-24,61,21,0.210000,4.410000,0
793,2024-12-27,60,1,0.370000,0.370000,0
2978,2023-11-08,21,20,0.530000,10.600000,0
2744,2024-07-29,45,97,0.690000,66.930000,0
913,2024-09-13,16,80,0.910000,72.800000,0
1094,2024-07-24,10,90,0.990000,89.100000,1
72,2023-05-09,76,69,0.500000,34.500000,0
800,2024-06-07,75,79,0.970000,76.630000,1
1397,2023-10-09,62,67,0.600000,40.200000,0
2350,2024-02-09,5,21,0.110000,2.310000,0
2543,2023-06-25,64,28,0.390000,10.920000,0
1905,2023-03-04,75,60,0.880000,52.800000,0
1521,2023-03-14,47,34,0.710000,24.140000,0
1637,2024-04-12,39,2,0.110000,0.220000,0
1658,2024-08-09,22,34,0.960000,32.640000,1
1124,2024-11-22,65,80,0.230000,18.400000,0
661,2024-01-04,20,37,0.710000,26.270000,0
895,2023-09-22,84,6,0.670000,4.020000,0
2471,2023-08-04,53,35,0.650000,22.750000,0
2853,2023-11-20,7,90,0.620000,55.800000,0
1667,2023-12-05,20,28,0.760000,21.280000,0
1410,2024-10-04,86,48,0.550000,26.400000,0
969,2024-09-08,41,64,0.720000,46.080000,0
2340,2023-06-05,42,63,0.500000,31.500000,0
2486,2024-02-25,57,64,0.480000,30.720000,1
1975,2023-09-16,55,79,0.200000,15.800000,0
2876,2025-01-06,85,84,0.130000,10.920000,0
1010,2024-04-29,56,64,0.800000,51.200000,1
2395,2023-12-25,66,15,0.130000,1.950000,0
2745,2024-10-21,37,15,0.870000,13.050000,0
882,2024-01-25,75,61,0.820000,50.020000,0
2503,2024-12-28,80,28,0.330000,9.240000,0
2708,2024-12-28,74,1,0.600000,0.600000,0
2380,2023-09-20,18,26,0.960000,24.960000,0
1287,2024-01-25,50,49,0.790000,38.710000,0
252,2023-09-18,54,45,0.570000,25.650000,0
1005,2023-02-12,51,71,0.690000,48.990000,0
524,2023-09-22,8,1,0.700000,0.700000,0
591,2023-07-21,78,10,0.560000,5.600000,0
1418,2023-03-19,29,64,0.500000,32.000000,0
2681,2024-05-12,14,76,0.660000,50.160000,1
92,2023-11-30,34,89,0.480000,42.720000,0
2652,2023-09-28,37,44,0.180000,7.920000,0
1412,2024-04-25,98,77,0.160000,12.320000,1
1702,2023-05-28,5,57,0.740000,42.180000,0
379,2024-12-17,12,71,0.850000,60.350000,0
1048,2023-08-11,91,93,0.240000,22.320000,0
2416,2023-02-22,89,40,0.220000,8.800000,0
2636,2023-09-27,81,15,0.140000,2.100000,0
2725,2024-09-23,47,37,0.360000,13.320000,0
1436,2024-01-27,19,16,0.510000,8.160000,0
1522,2024-01-24,22,15,0.420000,6.300000,0
2410,2023-11-06,58,70,0.130000,9.100000,0
2353,2024-07-14,48,52,0.770000,40.040000,1
2472,2024-07-05,19,68,0.430000,29.240000,1
600,2023-07-03,56,35,0.440000,15.400000,0
2382,2024-02-26,36,61,0.310000,18.910000,0
1768,2023-10-06,21,80,0.430000,34.400000,0
142,2024-04-20,26,16,0.410000,6.560000,1
2545,2024-03-20,29,49,0.880000,43.120000,0
2307,2024-02-06,95,41,0.550000,22.550000,0
1727,2023-12-25,31,83,0.900000,74.700000,0
219,2023-10-22,37,64,0.100000,6.400000,0
241,2023-11-13,52,36,0.900000,32.400000,0
272,2024-10-25,63,97,0.910000,88.270000,0
1399,2024-02-22,30,49,0.400000,19.600000,1
1694,2024-03-26,30,44,0.410000,18.040000,1
694,2024-04-25,25,37,0.390000,14.430000,1
1512,2023-09-29,43,28,0.960000,26.880000,0
1454,2024-12-28,18,83,0.700000,58.100000,0
1142,2024-08-27,12,86,0.860000,73.960000,0
137,2024-07-14,78,17,0.380000,6.460000,1
106,2023-07-31,5,16,0.470000,7.520000,0
1781,2024-05-03,56,43,0.420000,18.060000,0
2013,2025-01-14,77,8,0.590000,4.720000,0
2263,2024-12-04,58,63,0.990000,62.370000,0
99,2024-10-28,99,51,0.390000,19.890000,0
1330,2023-10-19,18,19,0.190000,3.610000,0
462,2025-01-07,6,23,0.200000,4.600000,0
274,2024-03-01,28,32,0.670000,21.440000,0
1255,2024-07-22,2,15,0.660000,9.900000,0
162,2023-08-03,51,2,0.670000,1.340000,0
352,2024-11-07,9,55,0.200000,11.000000,0
2873,2024-03-16,73,96,0.950000,91.200000,1
1032,2024-10-05,96,8,0.230000,1.840000,0
1558,2023-11-22,74,43,0.600000,25.800000,0
127,2024-07-15,99,8,0.720000,5.760000,0
880,2024-10-27,70,4,0.220000,0.880000,0
967,2023-06-04,24,8,0.860000,6.880000,0
1607,2023-06-15,8,16,0.310000,4.960000,0
1242,2024-03-04,68,19,0.800000,15.200000,0
508,2024-06-14,95,52,0.310000,16.120000,1
2768,2023-08-27,78,21,0.480000,10.080000,0
673,2023-03-12,11,15,0.380000,5.700000,0
2211,2024-03-26,59,28,0.190000,5.320000,1
465,2023-04-18,58,81,0.390000,31.590000,0
52,2024-07-27,28,7,0.440000,3.080000,0
45,2023-09-03,46,58,0.850000,49.300000,0
1281,2024-05-17,31,59,0.840000,49.560000,1
15,2024-08-13,52,31,0.240000,7.440000,0
1861,2023-06-23,84,81,0.820000,66.420000,0
1818,2024-02-03,40,61,0.920000,56.120000,1
2310,2023-07-28,21,23,0.760000,17.480000,0
2857,2024-04-30,92,40,0.400000,16.000000,0
2662,2024-09-30,63,80,0.790000,63.200000,0
185,2023-05-19,77,61,0.500000,30.500000,0
704,2023-09-29,86,88,0.170000,14.960000,0
1328,2024-08-28,48,41,0.340000,13.940000,0
421,2024-07-09,49,11,0.150000,1.650000,0
672,2024-09-05,77,1,0.600000,0.600000,0
2334,2023-10-19,72,67,0.120000,8.040000,0
1106,2023-06-09,43,92,0.910000,83.720000,0
2057,2024-09-30,73,50,0.810000,40.500000,0
2419,2024-09-24,61,63,0.340000,21.420000,0
2834,2024-05-25,27,36,0.390000,14.040000,0
121,2023-02-28,35,3,0.850000,2.550000,0
2279,2024-08-12,77,29,0.620000,17.980000,0
983,2023-12-23,76,84,0.330000,27.720000,0
2498,2023-07-21,77,69,0.950000,65.550000,0
1954,2023-06-15,77,81,0.780000,63.180000,0
2256,2024-04-15,53,63,0.830000,52.290000,1
3000,2024-12-06,59,89,0.470000,41.830000,0
1744,2023-11-09,99,47,0.780000,36.660000,0
295,2023-10-16,63,83,0.790000,65.570000,0
1749,2023-08-25,33,91,0.450000,40.950000,0
1580,2023-10-26,76,85,0.810000,68.850000,0
2202,2024-05-28,11,17,0.420000,7.140000,1
1544,2024-08-21,21,4,0.520000,2.080000,0
2538,2024-11-25,21,47,0.930000,43.710000,0
1052,2023-03-24,96,27,0.400000,10.800000,0
114,2023-02-25,48,62,0.670000,41.540000,0
2831,2023-06-20,34,51,0.600000,30.600000,0
2262,2024-06-24,10,74,0.840000,62.160000,1
689,2023-05-28,88,77,0.850000,65.450000,0
1652,2024-08-07,60,99,0.320000,31.680000,1
2969,2023-10-12,3,33,0.380000,12.540000,0
2269,2023-09-18,61,69,0.330000,22.770000,0
667,2023-06-27,5,56,0.970000,54.320000,0
410,2024-01-21,35,96,0.630000,60.480000,1
572,2023-06-15,92,96,0.720000,69.120000,0
2492,2023-08-22,74,39,0.890000,34.710000,0
1172,2023-11-24,3,28,0.170000,4.760000,1
1002,2023-03-02,49,18,0.190000,3.420000,0
1540,2023-07-29,39,41,0.690000,28.290000,0
2411,2023-06-10,15,36,0.250000,9.000000,0
2634,2024-11-20,21,5,0.630000,3.150000,0
2390,2023-10-11,15,34,0.200000,6.800000,0
2167,2023-06-22,63,18,0.540000,9.720000,0
2101,2024-09-07,33,5,0.700000,3.500000,0
391,2024-08-19,82,60,0.410000,24.600000,0
1125,2024-03-16,14,81,0.530000,42.930000,1
2605,2024-12-03,2,2,0.290000,0.580000,0
2519,2023-04-14,26,44,0.420000,18.480000,0
2964,2024-02-23,72,31,0.840000,26.040000,0
924,2024-12-18,55,42,0.880000,36.960000,0
278,2024-04-18,99,35,0.470000,16.450000,1
275,2023-05-04,55,59,0.730000,43.070000,0
872,2023-08-22,61,34,0.600000,20.400000,0
935,2024-02-03,100,61,0.440000,26.840000,0
1015,2024-05-20,59,82,0.790000,64.780000,1
2494,2023-06-03,29,20,0.240000,4.800000,0
2201,2024-01-10,74,54,0.480000,25.920000,0
1391,2025-01-12,26,1,0.970000,0.970000,0
2226,2023-11-02,50,14,0.120000,1.680000,0
1596,2024-02-17,34,24,0.830000,19.920000,0
205,2023-08-01,81,47,0.110000,5.170000,0
1303,2023-08-11,1,40,0.880000,35.200000,0
816,2024-02-26,77,100,0.350000,35.000000,1
351,2024-12-15,29,51,0.420000,21.420000,0
2413,2023-03-26,24,86,0.300000,25.800000,0
2588,2024-11-29,2,35,0.700000,24.500000,0
1259,2023-04-16,83,5,0.170000,0.850000,0
1393,2024-03-27,61,81,0.500000,40.500000,1
1577,2024-06-13,95,100,0.460000,46.000000,1
556,2024-06-04,82,83,0.230000,19.090000,1
598,2023-10-20,83,64,0.770000,49.280000,0
248,2024-12-16,32,17,0.750000,12.750000,0
1386,2023-04-26,55,51,0.500000,25.500000,0
119,2024-12-11,87,96,0.690000,66.240000,0
2391,2024-03-25,50,6,0.270000,1.620000,0
2905,2023-07-27,80,70,0.390000,27.300000,0
324,2024-08-13,54,17,0.460000,7.820000,0
1878,2023-08-14,66,17,0.550000,9.350000,0
2896,2024-10-20,91,30,0.290000,8.700000,0
2793,2024-08-10,33,34,0.440000,14.960000,0
1759,2024-01-16,39,83,0.470000,39.010000,1
2442,2023-02-25,25,36,0.430000,15.480000,0
326,2024-09-07,77,35,0.830000,29.050000,0
1624,2023-06-28,60,54,0.940000,50.760000,0
375,2023-04-12,11,58,0.320000,18.560000,0
2691,2023-04-16,20,13,0.890000,11.570000,0
2961,2024-01-02,37,65,0.100000,6.500000,1
2986,2023-06-06,12,28,0.710000,19.880000,0
1640,2023-03-01,37,91,0.330000,30.030000,0
2517,2024-11-15,31,1,0.410000,0.410000,0
763,2024-05-11,80,94,0.370000,34.780000,1
721,2023-04-28,57,93,0.900000,83.700000,0
1591,2023-05-07,72,61,0.250000,15.250000,0
115,2023-09-22,98,64,0.560000,35.840000,0
629,2024-07-29,13,29,0.440000,12.760000,0
2124,2024-03-04,65,50,0.990000,49.500000,1
1283,2023-02-26,53,39,0.710000,27.690000,0
2534,2023-10-21,76,41,0.400000,16.400000,0
1876,2023-08-09,3,40,0.330000,13.200000,0
536,2023-02-12,49,64,0.780000,49.920000,0
65,2024-11-30,37,57,0.250000,14.250000,0
1305,2024-04-03,48,73,0.800000,58.400000,1
535,2024-05-14,95,24,0.410000,9.840000,1
1178,2023-02-12,40,46,0.210000,9.660000,0
1009,2023-06-06,6,85,0.370000,31.450000,0
617,2023-11-24,95,11,0.440000,4.840000,0
2902,2024-04-11,1,71,0.460000,32.660000,0
371,2023-03-10,62,53,0.110000,5.830000,0
1067,2024-03-26,49,57,0.700000,39.900000,1
1451,2024-03-01,12,60,0.720000,43.200000,1
1461,2023-02-18,45,10,0.390000,3.900000,0
505,2023-06-03,7,16,0.770000,12.320000,0
1042,2023-04-23,11,72,0.370000,26.640000,0
164,2024-12-22,28,28,0.230000,6.440000,0
2863,2023-05-01,88,83,0.130000,10.790000,0
76,2024-02-24,57,97,0.740000,71.780000,1
1190,2024-09-27,48,26,0.310000,8.060000,0
2684,2023-11-20,27,45,0.480000,21.600000,0
1066,2024-07-19,31,56,0.900000,50.400000,0
1720,2023-03-06,45,32,0.690000,22.080000,0
575,2024-10-18,58,31,0.270000,8.370000,0
1821,2024-01-06,7,34,0.100000,3.400000,0
735,2024-11-12,73,71,0.630000,44.730000,0
2345,2023-08-02,11,66,0.250000,16.500000,0
2987,2023-04-06,66,71,0.270000,19.170000,0
2288,2025-01-05,96,78,0.330000,25.740000,0
847,2023-09-23,47,81,0.850000,68.850000,0
369,2023-12-17,37,30,0.380000,11.400000,0
2283,2024-11-11,46,77,0.770000,59.290000,0
2675,2024-08-18,51,26,0.660000,17.160000,1
2593,2024-05-31,37,49,0.980000,48.020000,1
2801,2023-04-02,37,44,0.460000,20.240000,0
1791,2023-08-24,22,26,0.800000,20.800000,0
2609,2024-06-26,14,23,0.640000,14.720000,1
89,2025-01-04,83,27,0.500000,13.500000,0
982,2024-09-07,57,95,0.940000,89.300000,0
541,2023-03-07,43,1,0.230000,0.230000,0
2033,2023-03-10,28,33,0.160000,5.280000,0
170,2023-12-27,54,43,0.760000,32.680000,0
2512,2024-04-22,29,89,0.670000,59.630000,1
1137,2023-05-13,32,52,0.850000,44.200000,0
2903,2023-03-10,90,83,0.880000,73.040000,0
769,2024-11-24,10,51,0.830000,42.330000,0
2491,2024-09-11,69,29,0.160000,4.640000,0
1820,2024-06-27,1,59,0.690000,40.710000,1
2653,2024-03-06,85,64,0.920000,58.880000,1
628,2024-07-10,53,18,0.880000,15.840000,0
2763,2024-02-23,62,45,0.300000,13.500000,0
232,2023-09-05,11,12,0.900000,10.800000,0
1859,2024-07-16,45,64,0.460000,29.440000,0
1093,2023-12-25,99,36,0.690000,24.840000,0
2611,2023-07-07,55,28,0.930000,26.040000,0
1763,2023-12-23,3,87,0.790000,68.730000,0
2647,2023-02-28,71,13,0.190000,2.470000,0
1487,2024-12-09,85,53,0.740000,39.220000,0
190,2024-01-05,76,38,0.780000,29.640000,0
2754,2025-01-11,21,43,0.420000,18.060000,0
1076,2023-07-27,88,85,0.570000,48.450000,0
894,2023-04-12,88,26,0.540000,14.040000,0
532,2024-07-05,8,40,0.700000,28.000000,1
646,2024-12-05,6,1,0.210000,0.210000,0
2396,2024-07-24,91,88,0.860000,75.680000,1
2153,2024-05-04,100,92,0.230000,21.160000,1
722,2023-07-13,13,10,0.350000,3.500000,0
1765,2023-05-12,36,60,0.770000,46.200000,0
1006,2024-04-19,40,93,0.790000,73.470000,1
2456,2024-11-25,56,76,0.120000,9.120000,0
1111,2024-03-28,85,56,0.130000,7.280000,0
2252,2023-03-02,88,64,0.760000,48.640000,0
2541,2023-12-02,70,36,0.100000,3.600000,0
5,2024-10-14,41,82,0.970000,79.540000,0
1656,2023-09-21,95,56,0.360000,20.160000,0
1762,2024-05-14,66,72,0.690000,49.680000,1
2470,2024-07-11,18,53,0.810000,42.930000,1
877,2023-12-26,5,34,0.120000,4.080000,0
788,2023-05-20,91,98,0.560000,54.880000,0
1252,2023-08-19,13,80,0.570000,45.600000,0
2452,2024-10-28,27,38,0.380000,14.440000,0
612,2024-08-26,50,87,0.130000,11.310000,1
2975,2023-12-02,58,12,0.330000,3.960000,0
1931,2023-05-16,3,24,0.400000,9.600000,0
516,2023-04-12,95,49,0.460000,22.540000,0
1528,2024-02-03,29,37,0.440000,16.280000,0
1037,2024-08-30,25,74,0.980000,72.520000,0
455,2023-05-14,10,86,0.790000,67.940000,0
2349,2024-11-24,72,70,0.650000,45.500000,0
778,2023-11-12,9,60,0.810000,48.600000,0
1036,2024-06-03,78,49,0.250000,12.250000,1
651,2024-05-25,44,32,0.180000,5.760000,1
260,2024-12-06,88,42,0.380000,15.960000,0
2843,2023-10-09,70,8,0.510000,4.080000,0
652,2023-02-27,68,9,0.620000,5.580000,0
1795,2023-07-20,5,22,0.330000,7.260000,0
172,2023-03-31,80,22,0.460000,10.120000,0
173,2024-08-06,49,84,0.140000,11.760000,1
2680,2023-02-03,17,92,0.440000,40.480000,0
339,2023-09-05,54,34,0.500000,17.000000,0
2722,2025-01-12,48,32,0.850000,27.200000,0
310,2024-08-23,12,54,0.650000,35.100000,1
697,2024-04-18,45,27,0.890000,24.030000,0
1074,2024-05-03,1,95,0.310000,29.450000,1
2070,2023-09-24,34,29,0.180000,5.220000,0
2444,2023-05-31,80,5,0.560000,2.800000,0
1227,2023-02-18,43,85,0.670000,56.950000,0
1398,2024-10-16,86,70,0.410000,28.700000,0
2421,2024-08-02,6,53,0.440000,23.320000,1
1300,2024-10-30,35,86,0.770000,66.220000,0
1867,2023-07-01,91,21,0.500000,10.500000,0
784,2025-01-22,74,80,0.310000,24.800000,0
1264,2024-10-02,8,89,0.900000,80.100000,0
1569,2024-07-28,97,95,0.500000,47.500000,1
1389,2024-07-06,34,28,0.640000,17.920000,1
201,2024-09-17,51,84,0.540000,45.360000,0
1725,2023-02-14,51,63,0.620000,39.060000,0
2882,2023-08-16,23,46,0.450000,20.700000,0
2,2023-06-01,91,91,0.790000,71.890000,0
1007,2024-01-09,90,34,0.240000,8.160000,0
945,2023-12-15,68,31,0.690000,21.390000,1
1757,2024-09-16,14,97,0.510000,49.470000,0
1133,2023-10-12,55,25,0.910000,22.750000,0
565,2024-05-25,84,14,0.440000,6.160000,1
1467,2023-11-18,13,18,0.800000,14.400000,0
823,2023-06-06,14,36,0.390000,14.040000,0
2131,2024-06-04,40,22,0.560000,12.320000,0
300,2023-09-14,11,11,0.530000,5.830000,0
2424,2023-08-16,20,68,0.900000,61.200000,0
775,2023-07-21,8,100,0.470000,47.000000,0
2261,2023-10-18,65,58,0.230000,13.340000,0
976,2023-11-19,12,66,0.150000,9.900000,1
654,2024-08-03,48,49,0.160000,7.840000,0
1883,2023-03-28,58,79,0.390000,30.810000,0
2880,2024-10-15,85,47,0.940000,44.180000,0
509,2024-11-27,20,69,0.940000,64.860000,0
435,2023-09-20,85,64,0.580000,37.120000,0
1321,2023-12-20,57,86,0.470000,40.420000,1
1952,2024-01-08,19,44,0.270000,11.880000,0
2739,2025-01-07,10,42,0.760000,31.920000,0
1100,2024-12-17,62,3,0.580000,1.740000,0
2549,2024-01-11,13,76,0.490000,37.240000,1
1617,2025-01-23,19,8,0.270000,2.160000,0
2328,2024-04-14,59,37,0.360000,13.320000,1
182,2023-01-28,39,13,0.200000,2.600000,0
2343,2025-01-03,78,45,0.960000,43.200000,0
2548,2024-12-05,47,17,0.980000,16.660000,0
833,2024-02-23,78,8,0.350000,2.800000,0
557,2024-10-24,36,90,0.230000,20.700000,0
1092,2024-12-07,78,91,0.670000,60.970000,0
2443,2024-02-23,26,42,0.410000,17.220000,0
1572,2024-08-03,57,13,0.500000,6.500000,0
561,2024-05-02,88,87,0.480000,41.760000,1
814,2024-07-01,36,22,0.750000,16.500000,0
2314,2024-10-07,93,30,0.990000,29.700000,0
473,2023-12-08,21,15,0.810000,12.150000,0
886,2024-07-10,11,90,0.840000,75.600000,0
422,2023-05-08,15,35,0.770000,26.950000,0
1105,2024-01-08,99,39,0.420000,16.380000,0
450,2024-05-09,61,95,0.340000,32.300000,0
2635,2024-03-21,42,65,0.640000,41.600000,1
1050,2024-08-23,35,70,0.250000,17.500000,0
2059,2023-07-10,9,11,0.900000,9.900000,0
2700,2023-11-30,49,81,0.590000,47.790000,0
2979,2023-05-14,7,22,0.470000,10.340000,0
311,2024-11-19,35,69,0.350000,24.150000,0
1310,2023-05-07,67,97,0.460000,44.620000,0
669,2023-06-28,65,62,0.580000,35.960000,0
2769,2024-08-10,67,28,0.930000,26.040000,0
331,2024-06-16,60,10,0.410000,4.100000,1
2060,2024-07-09,24,89,0.290000,25.810000,0
942,2023-12-03,62,93,0.180000,16.740000,0
2168,2024-09-26,18,64,0.830000,53.120000,0
120,2023-05-09,26,71,0.660000,46.860000,0
973,2024-02-10,43,64,0.260000,16.640000,1
1407,2025-01-05,89,93,0.360000,33.480000,0
2995,2024-06-28,60,76,0.510000,38.760000,1
2333,2023-09-18,76,70,0.260000,18.200000,0
2670,2023-04-15,66,83,0.130000,10.790000,0
1769,2024-02-22,26,45,0.690000,31.050000,1
1874,2023-07-20,53,52,0.790000,41.080000,0
2071,2023-11-21,10,97,0.930000,90.210000,0
579,2024-09-02,38,71,0.630000,44.730000,0
1162,2024-11-12,74,23,0.880000,20.240000,0
2032,2024-09-30,31,47,0.930000,43.710000,0
448,2024-06-14,92,77,0.920000,70.840000,1
941,2023-05-05,51,18,0.890000,16.020000,0
1372,2023-12-05,21,14,0.870000,12.180000,0
2386,2024-03-06,54,79,0.990000,78.210000,0
2043,2024-06-09,7,76,0.160000,12.160000,1
2628,2023-11-26,74,13,0.340000,4.420000,0
799,2023-11-19,14,21,0.470000,9.870000,1
921,2023-11-10,6,91,0.990000,90.090000,0
2490,2024-04-17,77,88,0.510000,44.880000,1
583,2024-10-14,21,63,0.970000,61.110000,0
1830,2023-11-25,25,69,0.980000,67.620000,0
2405,2023-05-07,52,60,0.100000,6.000000,0
1833,2024-02-28,50,13,0.500000,6.500000,0
648,2024-01-19,75,73,0.520000,37.960000,0
2372,2023-09-25,55,61,0.220000,13.420000,0
2278,2023-08-16,52,53,0.630000,33.390000,0
2425,2023-06-09,51,51,0.420000,21.420000,0
1871,2024-01-22,100,95,0.310000,29.450000,0
1951,2024-12-30,27,35,0.480000,16.800000,0
2959,2024-06-19,30,78,0.370000,28.860000,1
1404,2024-09-29,37,87,0.880000,76.560000,0
1706,2023-06-04,95,71,0.570000,40.470000,0
1943,2023-04-10,88,85,0.360000,30.600000,0
1998,2023-02-27,8,78,0.490000,38.220000,0
623,2023-04-20,94,9,0.940000,8.460000,0
1587,2023-04-18,46,45,0.960000,43.200000,0
2980,2024-03-22,41,90,0.570000,51.300000,1
850,2024-08-15,15,38,0.660000,25.080000,0
2999,2024-12-06,4,80,0.860000,68.800000,0
259,2024-01-19,83,23,0.130000,2.990000,0
586,2023-06-21,95,46,0.100000,4.600000,0
2030,2023-11-08,93,58,0.310000,17.980000,0
1322,2023-11-12,39,72,0.770000,55.440000,0
730,2023-06-04,30,29,0.340000,9.860000,0
1602,2023-03-19,98,44,0.880000,38.720000,0
398,2024-05-29,86,70,0.340000,23.800000,1
174,2023-05-18,37,24,0.520000,12.480000,0
1849,2024-09-07,85,82,0.580000,47.560000,0
1932,2023-04-10,12,54,0.190000,10.260000,0
2205,2024-08-26,73,78,0.940000,73.320000,1
2145,2024-06-18,57,95,0.420000,39.900000,1
1177,2024-09-19,32,56,0.380000,21.280000,0
1359,2023-03-03,55,45,0.700000,31.500000,0
958,2024-02-19,40,50,0.720000,36.000000,1
594,2023-11-27,76,91,0.960000,87.360000,0
1500,2023-07-27,27,57,0.550000,31.350000,0
1593,2024-06-06,74,42,0.190000,7.980000,1
2222,2024-07-19,66,82,0.380000,31.160000,0
1354,2023-09-22,15,46,0.920000,42.320000,0
1350,2023-12-13,23,11,0.750000,8.250000,0
414,2024-11-07,18,65,0.930000,60.450000,0
2728,2023-07-18,31,35,0.710000,24.850000,0
856,2024-01-02,74,38,0.790000,30.020000,0
2361,2023-04-19,37,60,0.920000,55.200000,0
2631,2024-09-10,22,88,0.220000,19.360000,0
2042,2023-11-28,33,87,0.560000,48.720000,0
596,2024-09-07,44,51,0.560000,28.560000,0
1964,2024-02-15,34,50,0.710000,35.500000,1
2564,2023-10-26,9,95,0.210000,19.950000,0
2942,2024-08-01,100,38,0.290000,11.020000,0
2802,2024-04-21,15,44,0.230000,10.120000,1
2664,2024-08-09,27,15,0.660000,9.900000,1
2009,2023-10-18,39,89,0.760000,67.640000,0
1970,2024-08-29,4,92,0.310000,28.520000,0
2819,2023-10-24,37,39,0.870000,33.930000,0
153,2024-11-05,23,49,0.580000,28.420000,0
507,2023-11-18,86,39,0.320000,12.480000,0
2820,2024-01-21,62,54,0.860000,46.440000,0
2883,2023-10-01,41,100,0.890000,89.000000,0
2143,2023-04-08,94,87,0.570000,49.590000,0
1203,2024-10-03,10,64,0.520000,33.280000,0
2338,2023-07-06,55,72,0.370000,26.640000,0
2727,2024-03-10,89,62,0.380000,23.560000,1
2856,2024-12-13,74,31,0.320000,9.920000,0
237,2023-05-26,78,52,0.910000,47.320000,0
1352,2023-10-14,84,37,0.260000,9.620000,0
2552,2024-10-18,25,13,0.560000,7.280000,0
329,2023-11-26,4,81,0.470000,38.070000,0
2232,2024-09-19,40,62,0.220000,13.640000,0
1907,2023-11-17,73,61,0.300000,18.300000,0
187,2024-04-13,54,4,0.400000,1.600000,0
2112,2025-01-16,1,62,0.300000,18.600000,0
756,2024-05-16,10,32,0.130000,4.160000,1
843,2024-08-31,85,87,0.600000,52.200000,1
2170,2024-11-24,99,55,0.700000,38.500000,0
951,2024-12-24,7,52,0.310000,16.120000,0
2530,2023-08-12,69,6,0.730000,4.380000,0
1191,2023-06-11,18,28,0.490000,13.720000,0
812,2025-01-10,13,12,0.250000,3.000000,0
543,2023-07-05,48,99,0.250000,24.750000,0
2954,2024-05-08,2,29,0.440000,12.760000,1
1789,2024-05-05,27,11,0.410000,4.510000,0
1249,2024-04-11,7,98,0.290000,28.420000,1
1224,2024-07-01,8,50,0.310000,15.500000,0
1130,2023-03-18,57,77,0.440000,33.880000,0
570,2024-03-04,73,26,0.420000,10.920000,0
2025,2023-02-28,60,8,0.750000,6.000000,0
2130,2024-06-08,81,48,0.830000,39.840000,0
2280,2024-04-04,4,41,0.100000,4.100000,1
2134,2023-09-13,69,88,0.270000,23.760000,0
2446,2023-07-16,62,81,0.750000,60.750000,0
1743,2025-01-12,73,66,0.180000,11.880000,0
884,2024-12-06,50,80,0.560000,44.800000,0
863,2023-05-02,89,55,0.640000,35.200000,0
2992,2023-04-05,65,5,0.270000,1.350000,0
2459,2024-11-21,92,96,0.110000,10.560000,0
211,2024-02-03,48,55,0.220000,12.100000,0
2948,2023-06-26,73,98,0.710000,69.580000,0
1288,2024-04-05,36,27,0.270000,7.290000,1
2649,2024-02-29,2,95,0.720000,68.400000,1
2427,2024-12-02,21,79,0.540000,42.660000,0
1033,2024-06-18,49,98,0.780000,76.440000,1
2938,2024-04-15,76,10,0.610000,6.100000,0
279,2023-04-23,8,26,0.990000,25.740000,0
2178,2024-03-12,99,51,0.760000,38.760000,1
2711,2024-05-02,30,1,0.270000,0.270000,1
1783,2023-12-22,61,21,0.220000,4.620000,0
2746,2023-04-17,97,12,0.580000,6.960000,0
846,2024-10-12,13,34,0.970000,32.980000,0
901,2024-12-31,51,20,0.290000,5.800000,0
16,2024-03-07,32,68,0.560000,38.080000,1
1368,2023-04-24,28,45,0.280000,12.600000,0
1938,2024-06-25,23,18,0.460000,8.280000,0
2429,2024-02-06,63,1,0.710000,0.710000,0
459,2023-09-29,81,55,0.860000,47.300000,0
470,2023-06-26,6,11,0.640000,7.040000,0
2523,2024-12-07,67,91,0.130000,11.830000,0
2011,2023-08-15,32,76,0.920000,69.920000,0
533,2024-02-15,100,72,0.340000,24.480000,0
1663,2023-08-30,6,7,0.130000,0.910000,0
1213,2023-10-12,33,61,0.210000,12.810000,0
724,2024-04-10,77,61,0.460000,28.060000,1
2467,2024-11-24,39,56,0.630000,35.280000,0
2127,2024-02-06,40,25,0.960000,24.000000,0
1053,2024-04-07,3,20,0.150000,3.000000,0
467,2023-04-04,46,84,0.460000,38.640000,0
2105,2023-06-28,48,23,0.960000,22.080000,0
887,2024-09-02,20,75,0.710000,53.250000,0
2401,2023-10-25,62,5,0.230000,1.150000,0
2317,2023-03-10,82,2,0.890000,1.780000,0
2468,2023-05-04,62,42,0.780000,32.760000,0
337,2025-01-04,77,71,0.450000,31.950000,0
2550,2023-12-24,93,4,0.700000,2.800000,0
2901,2024-10-30,41,10,0.850000,8.500000,0
2142,2023-07-29,30,77,0.220000,16.940000,0
1108,2024-09-15,7,79,0.400000,31.600000,0
2289,2024-10-24,84,33,0.960000,31.680000,0
845,2023-03-30,96,51,0.200000,10.200000,0
1001,2024-06-15,17,36,0.680000,24.480000,1
2126,2023-03-26,89,71,0.320000,22.720000,0
1443,2023-09-22,94,76,0.460000,34.960000,0
1698,2024-02-14,41,50,0.680000,34.000000,0
1775,2024-12-07,61,95,0.640000,60.800000,0
918,2024-04-18,69,68,0.200000,13.600000,1
1369,2024-06-08,67,78,0.750000,58.500000,1
2514,2023-04-18,63,59,0.490000,28.910000,0
1650,2023-02-25,12,80,0.320000,25.600000,0
2735,2024-09-05,45,81,0.900000,72.900000,0
649,2024-07-18,57,92,0.690000,63.480000,1
141,2023-06-26,56,47,0.650000,30.550000,0
2862,2023-03-09,65,68,0.680000,46.240000,0
167,2023-06-27,23,21,0.830000,17.430000,0
2373,2023-08-01,69,38,0.820000,31.160000,0
2187,2023-10-04,93,82,0.760000,62.320000,0
2366,2024-04-15,69,73,0.830000,60.590000,1
481,2024-10-03,98,17,0.250000,4.250000,0
1815,2024-04-07,35,28,0.830000,23.240000,0
537,2023-09-13,100,10,0.930000,9.300000,0
1230,2023-02-11,32,28,0.120000,3.360000,0
1088,2023-07-27,82,78,0.750000,58.500000,0
2643,2024-12-20,17,81,0.560000,45.360000,0
2850,2025-01-17,12,38,0.400000,15.200000,0
1253,2024-06-30,51,45,0.490000,22.050000,0
630,2023-09-21,14,1,0.200000,0.200000,0
198,2024-05-05,34,66,0.560000,36.960000,1
1481,2024-03-08,47,97,0.920000,89.240000,1
1061,2024-01-21,59,68,0.210000,14.280000,1
2671,2024-01-09,89,16,0.700000,11.200000,0
1527,2024-06-20,3,45,0.850000,38.250000,1
2606,2024-12-09,99,6,0.900000,5.400000,0
2988,2023-12-13,41,82,0.110000,9.020000,0
2791,2023-11-06,100,93,0.870000,80.910000,0
2339,2023-03-29,58,31,0.720000,22.320000,0
1059,2023-10-01,66,16,0.250000,4.000000,0
1463,2024-10-20,39,26,0.160000,4.160000,0
1406,2023-12-18,53,82,0.980000,80.360000,0
245,2024-12-14,32,23,0.340000,7.820000,0
820,2024-03-21,86,1,0.580000,0.580000,1
8,2024-03-08,88,27,0.520000,14.040000,0
758,2024-02-17,39,97,0.340000,32.980000,1
1306,2024-08-03,62,61,0.310000,18.910000,0
2858,2024-09-03,76,31,0.570000,17.670000,0
2918,2023-05-13,65,82,0.180000,14.760000,0
327,2024-05-23,38,94,0.990000,93.060000,1
54,2023-02-14,61,91,0.480000,43.680000,0
2463,2023-10-05,78,85,0.580000,49.300000,0
1313,2024-05-20,48,50,0.830000,41.500000,0
620,2023-06-17,11,6,0.370000,2.220000,0
1887,2023-12-24,44,51,0.360000,18.360000,0
849,2024-01-11,6,20,0.450000,9.000000,0
1557,2024-08-15,91,64,0.650000,41.600000,0
869,2023-04-28,46,61,0.680000,41.480000,0
1196,2024-07-05,87,78,0.270000,21.060000,1
1479,2024-10-16,86,4,0.140000,0.560000,0
1286,2023-07-11,76,38,0.520000,19.760000,0
77,2024-08-31,37,32,0.730000,23.360000,0
975,2024-02-13,34,44,0.370000,16.280000,1
2699,2024-09-25,41,77,0.270000,20.790000,0
875,2023-10-13,18,43,0.610000,26.230000,0
1753,2024-03-27,86,8,0.780000,6.240000,1
2950,2024-05-16,18,59,0.200000,11.800000,1
1488,2024-12-14,39,94,0.320000,30.080000,0
132,2024-10-01,74,87,0.350000,30.450000,0
2712,2024-07-10,97,36,0.230000,8.280000,1
501,2023-05-04,79,94,0.780000,73.320000,0
1696,2023-10-28,39,91,0.590000,53.690000,0
487,2023-04-28,98,22,0.340000,7.480000,0
1850,2024-12-25,5,45,0.950000,42.750000,0
889,2023-05-24,26,67,0.660000,44.220000,0
285,2023-09-02,24,67,0.410000,27.470000,0
1387,2023-06-12,2,64,0.960000,61.440000,0
1078,2023-07-07,22,55,0.860000,47.300000,0
744,2024-02-19,88,93,0.460000,42.780000,1
752,2024-12-15,59,74,0.660000,48.840000,0
1466,2024-05-03,4,33,0.360000,11.880000,1
1635,2023-03-02,99,49,0.430000,21.070000,0
2887,2024-12-28,19,60,0.380000,22.800000,0
2622,2023-08-25,39,100,0.540000,54.000000,0
851,2024-02-21,32,20,0.120000,2.400000,0
1682,2023-03-31,42,31,0.510000,15.810000,0
1927,2023-09-14,99,7,0.430000,3.010000,0
116,2025-01-09,2,77,0.240000,18.480000,0
1380,2024-11-30,86,62,0.860000,53.320000,0
1275,2023-05-16,85,50,0.870000,43.500000,0
2688,2023-05-02,36,88,0.740000,65.120000,0
1678,2024-04-19,52,3,0.870000,2.610000,1
587,2024-02-23,57,97,0.100000,9.700000,1
2718,2024-12-14,79,7,0.370000,2.590000,0
451,2024-08-01,79,5,0.230000,1.150000,0
2526,2023-02-02,42,56,0.390000,21.840000,0
156,2024-04-12,60,42,0.290000,12.180000,1
478,2024-01-02,95,39,0.260000,10.140000,0
60,2023-10-12,70,75,0.630000,47.250000,0
223,2023-11-08,68,1,0.760000,0.760000,0
126,2023-04-10,42,69,0.510000,35.190000,0
1151,2023-06-08,19,84,0.420000,35.280000,0
2274,2024-05-06,29,41,0.860000,35.260000,1
1776,2024-11-11,55,55,0.670000,36.850000,0
1721,2023-03-05,74,4,0.310000,1.240000,0
2272,2023-08-17,69,37,0.210000,7.770000,0
519,2023-08-31,90,37,0.970000,35.890000,0
1537,2023-04-08,18,22,0.340000,7.480000,0
2958,2024-04-17,30,78,0.900000,70.200000,1
2483,2024-07-22,74,80,0.830000,66.400000,0
2069,2023-05-18,70,51,0.280000,14.280000,0
81,2023-05-29,38,10,0.460000,4.600000,0
2536,2024-03-19,74,67,0.830000,55.610000,1
2971,2023-03-26,96,16,0.990000,15.840000,0
2304,2024-09-19,34,16,0.920000,14.720000,0
424,2024-08-14,94,12,0.590000,7.080000,0
143,2023-01-29,7,34,0.560000,19.040000,0
2063,2024-10-18,23,57,0.290000,16.530000,0
344,2024-02-08,30,43,0.810000,34.830000,1
2348,2023-11-25,40,51,0.880000,44.880000,1
916,2024-05-22,63,5,0.400000,2.000000,0
2599,2024-10-15,90,95,0.140000,13.300000,0
2094,2024-03-21,72,1,0.770000,0.770000,1
844,2023-10-29,57,9,0.140000,1.260000,0
2679,2025-01-11,15,8,0.250000,2.000000,0
2347,2023-05-08,64,61,0.530000,32.330000,0
1899,2023-12-16,62,60,0.570000,34.200000,0
2529,2024-06-28,19,28,0.230000,6.440000,0
68,2023-04-28,65,74,0.290000,21.460000,0
90,2023-02-02,73,75,0.170000,12.750000,0
2602,2024-06-05,57,44,0.420000,18.480000,1
1251,2024-05-30,67,26,0.570000,14.820000,1
1748,2024-01-06,67,64,0.340000,21.760000,1
1362,2023-02-19,31,95,0.210000,19.950000,0
2141,2023-06-16,80,65,0.210000,13.650000,0
1344,2023-06-27,81,56,0.200000,11.200000,0
2240,2023-02-04,25,44,0.840000,36.960000,0
1644,2023-09-09,20,56,0.270000,15.120000,0
1546,2023-04-02,6,41,0.980000,40.180000,0
1549,2023-05-23,42,19,0.650000,12.350000,0
2006,2024-07-31,91,96,0.620000,59.520000,1
625,2023-03-21,45,84,0.200000,16.800000,0
2989,2024-02-19,39,82,0.410000,33.620000,1
1297,2023-05-02,11,36,0.220000,7.920000,0
2743,2023-11-05,88,12,0.990000,11.880000,0
444,2025-01-03,63,66,0.130000,8.580000,0
1985,2024-05-25,21,37,0.180000,6.660000,1
2388,2024-04-16,85,57,0.820000,46.740000,1
192,2023-09-16,100,34,0.450000,15.300000,0
998,2024-06-28,84,94,0.340000,31.960000,1
2196,2023-10-11,87,66,0.840000,55.440000,0
2149,2023-10-27,98,78,0.600000,46.800000,0
1576,2024-04-24,63,66,0.320000,21.120000,1
2898,2023-09-28,62,72,0.490000,35.280000,0
163,2024-09-03,35,96,0.300000,28.800000,0
984,2023-11-10,12,66,0.810000,53.460000,0
280,2023-05-20,67,3,0.620000,1.860000,0
1519,2024-10-19,44,28,0.140000,3.920000,0
740,2024-08-03,29,50,0.200000,10.000000,0
2064,2023-09-18,33,57,0.920000,52.440000,0
2985,2023-02-11,77,21,0.140000,2.940000,0
1314,2024-03-14,78,98,0.920000,90.160000,1
1277,2023-09-02,26,67,0.720000,48.240000,0
1649,2023-10-20,40,71,0.860000,61.060000,0
595,2023-10-16,20,5,0.970000,4.850000,0
1351,2024-08-12,97,94,0.890000,83.660000,1
2156,2023-02-16,87,83,0.680000,56.440000,0
2119,2024-08-15,70,44,0.840000,36.960000,0
1746,2024-05-14,85,5,0.160000,0.800000,0
1533,2024-04-17,1,54,0.320000,17.280000,1
1021,2024-03-02,25,84,0.910000,76.440000,1
1083,2024-02-21,62,91,0.950000,86.450000,1
1940,2024-11-03,54,72,0.890000,64.080000,0
2721,2024-09-01,78,38,0.330000,12.540000,0
2255,2023-09-19,16,30,0.330000,9.900000,0
605,2023-09-15,16,83,0.300000,24.900000,0
1633,2023-08-09,70,80,0.320000,25.600000,0
1402,2023-04-30,91,46,0.320000,14.720000,0
956,2024-05-14,100,85,0.410000,34.850000,1
2147,2023-08-06,29,30,0.410000,12.300000,0
1745,2024-06-25,27,89,0.490000,43.610000,1
2188,2023-01-26,63,90,0.280000,25.200000,0
1155,2023-03-12,10,95,0.390000,37.050000,0
1490,2023-03-29,68,14,0.710000,9.940000,0
2082,2024-07-15,82,64,0.210000,13.440000,1
1312,2023-05-16,39,24,0.130000,3.120000,0
1653,2023-05-19,45,84,0.260000,21.840000,0
497,2024-03-29,74,16,0.920000,14.720000,1
1180,2023-06-13,88,50,0.230000,11.500000,0
221,2024-03-25,90,88,0.310000,27.280000,1
2994,2023-04-21,17,65,0.350000,22.750000,0
307,2024-08-11,39,61,0.500000,30.500000,0
946,2024-10-14,85,98,0.970000,95.060000,0
498,2023-09-21,15,60,0.650000,39.000000,0
2847,2024-07-31,26,97,0.440000,42.680000,1
1570,2024-08-12,43,15,0.260000,3.900000,0
2936,2024-04-28,41,68,0.730000,49.640000,1
1285,2024-05-27,55,94,0.910000,85.540000,1
317,2024-06-10,86,23,0.490000,11.270000,1
2302,2023-12-23,46,69,0.390000,26.910000,0
2516,2024-09-17,52,48,0.860000,41.280000,0
699,2023-08-20,49,57,0.260000,14.820000,0
1891,2023-09-07,28,23,0.170000,3.910000,0
2448,2023-10-07,55,32,0.360000,11.520000,0
2092,2023-04-15,62,72,0.650000,46.800000,0
2321,2025-01-10,30,96,0.150000,14.400000,0
2813,2024-02-08,23,56,0.440000,24.640000,1
2409,2024-03-17,10,69,0.230000,15.870000,1
2924,2024-02-19,85,88,0.630000,55.440000,0
962,2023-10-27,92,8,0.130000,1.040000,0
2981,2023-11-30,65,65,0.550000,35.750000,0
2318,2024-08-11,31,51,0.120000,6.120000,0
1374,2024-11-18,100,38,0.150000,5.700000,0
2148,2024-03-23,3,73,0.330000,24.090000,1
1676,2024-03-03,53,64,0.590000,37.760000,1
2826,2024-12-04,18,66,0.200000,13.200000,0
390,2024-07-22,100,73,0.110000,8.030000,0
1144,2024-03-22,21,48,0.900000,43.200000,1
418,2024-04-03,91,23,0.900000,20.700000,1
727,2024-01-24,48,3,0.240000,0.720000,0
1163,2023-08-12,53,84,0.190000,15.960000,0
57,2023-02-15,52,16,0.640000,10.240000,0
488,2024-02-21,73,5,0.470000,2.350000,1
795,2024-07-19,75,12,0.890000,10.680000,0
1409,2023-09-04,81,81,0.700000,56.700000,0
2963,2023-12-21,92,80,0.670000,53.600000,1
558,2024-05-26,67,76,0.980000,74.480000,1
39,2025-01-01,97,28,0.390000,10.920000,0
2220,2023-02-04,94,33,0.180000,5.940000,0
1677,2024-03-25,29,8,0.210000,1.680000,1
2224,2023-09-29,65,14,0.740000,10.360000,0
388,2023-11-28,10,21,0.470000,9.870000,0
218,2023-04-02,26,26,0.390000,10.140000,0
746,2024-07-13,53,10,0.620000,6.200000,0
1138,2023-05-24,75,18,0.110000,1.980000,0
1128,2024-12-21,29,53,0.260000,13.780000,0
1687,2024-11-30,93,21,0.770000,16.170000,0
1963,2023-05-25,63,11,0.390000,4.290000,0
2940,2024-02-26,1,56,0.880000,49.280000,0
772,2023-11-10,8,74,0.440000,32.560000,0
403,2023-04-12,72,71,0.750000,53.250000,0
2241,2024-04-14,7,78,0.230000,17.940000,1
346,2024-08-12,30,61,0.650000,39.650000,1
1408,2024-12-17,60,13,0.450000,5.850000,0
1953,2024-01-18,98,14,0.780000,10.920000,0
2553,2023-05-04,7,78,0.690000,53.820000,0
1834,2024-08-15,51,52,0.130000,6.760000,0
384,2023-03-23,18,18,0.560000,10.080000,0
1685,2024-11-24,77,58,0.480000,27.840000,0
2374,2023-09-09,14,15,0.330000,4.950000,0
639,2024-05-31,78,38,0.440000,16.720000,1
2243,2024-09-18,75,81,0.540000,43.740000,0
1562,2023-06-26,69,80,0.560000,44.800000,0
1958,2023-03-20,8,14,0.520000,7.280000,0
158,2023-08-04,94,58,0.700000,40.600000,0
2966,2024-01-23,44,98,0.770000,75.460000,1
2140,2024-06-26,27,2,0.960000,1.920000,0
2088,2023-06-13,26,34,0.150000,5.100000,0
726,2023-06-13,67,40,0.670000,26.800000,0
1444,2024-05-22,76,46,0.510000,23.460000,1
2729,2024-07-04,51,89,0.400000,35.600000,1
2110,2023-12-16,35,14,0.260000,3.640000,0
1437,2024-08-08,31,43,0.190000,8.170000,0
1012,2024-12-01,70,35,0.880000,30.800000,0
554,2023-10-08,76,53,0.870000,46.110000,0
1962,2023-11-24,83,34,0.970000,32.980000,0
1847,2023-10-06,91,72,0.860000,61.920000,0
2352,2023-10-20,68,95,0.880000,83.600000,0
1794,2024-04-30,50,3,0.820000,2.460000,0
1496,2023-02-04,29,13,0.900000,11.700000,0
1726,2023-12-05,98,62,0.680000,42.160000,0
2672,2024-07-28,77,77,0.380000,29.260000,1
1728,2024-10-29,61,5,0.860000,4.300000,0
1346,2023-09-30,25,96,0.840000,80.640000,0
1936,2024-04-16,55,34,0.830000,28.220000,1
265,2023-01-30,76,19,0.830000,15.770000,0
2316,2024-12-22,38,100,0.240000,24.000000,0
2162,2023-04-09,79,90,0.830000,74.700000,0
2253,2024-12-30,86,70,0.800000,56.000000,0
1494,2023-08-27,32,95,0.600000,57.000000,0
1003,2023-08-17,98,95,0.840000,79.800000,0
2246,2023-09-01,50,63,0.110000,6.930000,0
723,2024-01-13,89,13,0.440000,5.720000,0
2319,2024-12-31,68,58,0.780000,45.240000,0
621,2023-09-19,88,86,0.790000,67.940000,0
1686,2023-05-22,36,91,0.590000,53.690000,0
2943,2025-01-20,100,80,0.300000,24.000000,0
2365,2023-02-27,77,45,0.700000,31.500000,0
1218,2023-03-18,23,19,0.550000,10.450000,0
1441,2024-01-12,82,60,0.810000,48.600000,0
1877,2023-02-14,89,2,0.260000,0.520000,0
1292,2023-05-28,80,89,0.980000,87.220000,0
1175,2024-04-14,70,37,0.630000,23.310000,1
313,2023-06-24,29,79,0.750000,59.250000,0
1626,2023-04-15,23,96,0.630000,60.480000,0
578,2024-01-23,13,96,0.530000,50.880000,0
931,2023-09-13,68,61,0.500000,30.500000,0
356,2024-12-25,96,51,0.160000,8.160000,0
996,2023-08-01,64,73,0.730000,53.290000,0
852,2023-10-15,81,90,0.360000,32.400000,0
1336,2024-05-23,28,31,0.430000,13.330000,1
1348,2024-04-27,51,68,0.820000,55.760000,0
2837,2024-01-29,31,58,0.510000,29.580000,1
93,2023-12-19,99,21,0.630000,13.230000,0
2665,2023-03-08,96,80,0.480000,38.400000,0
1202,2023-07-18,7,21,0.480000,10.080000,0
2759,2024-04-27,47,31,0.740000,22.940000,0
555,2024-10-20,10,24,0.580000,13.920000,0
2651,2024-08-18,64,72,0.380000,27.360000,0
184,2024-11-27,12,97,0.570000,55.290000,0
377,2024-08-04,5,6,0.630000,3.780000,0
1547,2024-03-23,4,35,0.110000,3.850000,1
2881,2023-04-29,22,63,0.430000,27.090000,0
186,2024-12-03,57,61,0.370000,22.570000,0
796,2024-04-28,61,71,0.980000,69.580000,0
759,2023-01-26,28,95,0.960000,91.200000,0
2367,2023-03-15,91,56,0.180000,10.080000,0
1911,2023-05-28,76,5,0.380000,1.900000,0
1898,2023-10-06,2,82,0.680000,55.760000,0
2161,2023-05-17,34,69,0.260000,17.940000,0
607,2024-06-07,75,11,0.120000,1.320000,1
2575,2024-09-23,96,95,0.500000,47.500000,0
737,2023-12-26,19,21,0.190000,3.990000,0
539,2023-06-02,64,7,0.870000,6.090000,0
2107,2024-07-03,19,35,0.600000,21.000000,0
745,2023-12-07,59,72,0.490000,35.280000,0
91,2023-10-09,84,63,0.610000,38.430000,0
268,2024-12-19,77,17,0.320000,5.440000,0
760,2023-04-28,97,43,0.840000,36.120000,0
1013,2023-02-28,75,26,0.550000,14.300000,0
1375,2023-11-02,78,54,0.590000,31.860000,0
1738,2024-05-25,21,45,0.160000,7.200000,0
442,2023-10-05,3,36,0.290000,10.440000,0
1473,2023-09-15,30,62,0.760000,47.120000,0
655,2024-09-24,60,12,0.470000,5.640000,0
2668,2023-02-23,87,50,0.480000,24.000000,0
1420,2024-03-12,99,25,0.260000,6.500000,1
659,2023-05-03,65,58,0.480000,27.840000,0
1472,2024-12-25,4,57,0.670000,38.190000,0
2122,2024-10-27,17,34,0.660000,22.440000,0
2203,2024-05-16,40,19,0.870000,16.530000,1
718,2025-01-20,54,71,0.730000,51.830000,0
135,2024-01-17,53,53,0.960000,50.880000,1
2666,2023-09-30,66,89,0.220000,19.580000,0
2655,2024-08-26,2,28,0.810000,22.680000,1
2621,2023-08-29,5,41,0.240000,9.840000,0
738,2023-07-04,79,18,0.810000,14.580000,0
1631,2023-09-19,74,4,0.160000,0.640000,0
2305,2023-05-26,37,69,0.790000,54.510000,0
1828,2024-07-31,24,94,0.570000,53.580000,1
2229,2023-03-24,90,75,0.660000,49.500000,0
1724,2023-07-05,32,83,0.420000,34.860000,0
779,2024-02-18,86,78,0.230000,17.940000,1
2050,2024-06-18,13,46,0.840000,38.640000,1
1615,2024-09-01,82,73,0.550000,40.150000,0
2657,2024-09-04,57,89,0.350000,31.150000,1
1008,2023-01-31,70,8,0.790000,6.320000,0
1909,2025-01-17,30,77,0.580000,44.660000,0
1910,2024-05-02,21,54,0.100000,5.400000,1
11,2024-05-06,77,19,0.970000,18.430000,1
2741,2024-11-28,16,55,0.700000,38.500000,0
839,2024-01-27,17,79,0.310000,24.490000,1
547,2024-07-16,82,17,0.490000,8.330000,0
2237,2023-05-25,43,64,0.630000,40.320000,0
157,2024-01-07,55,90,0.560000,50.400000,0
686,2023-11-14,87,90,0.110000,9.900000,0
1174,2023-05-06,61,96,0.170000,16.320000,0
1564,2023-11-12,55,99,0.720000,71.280000,0
2022,2024-09-08,38,44,0.560000,24.640000,0
1520,2023-09-08,98,81,0.140000,11.340000,1
420,2023-12-23,23,63,0.630000,39.690000,0
568,2023-08-21,63,24,0.610000,14.640000,0
2816,2023-09-14,93,72,0.240000,17.280000,0
1774,2023-07-24,37,65,0.370000,24.050000,0
2639,2024-01-30,65,99,0.780000,77.220000,1
2097,2025-01-02,49,68,0.880000,59.840000,0
1232,2023-03-11,20,40,0.170000,6.800000,0
46,2023-04-03,14,67,0.110000,7.370000,0
571,2023-06-30,7,94,0.860000,80.840000,0
320,2023-05-30,50,58,0.460000,26.680000,0
2726,2023-02-01,40,65,0.810000,52.650000,0
18,2024-07-24,72,69,0.800000,55.200000,0
2086,2023-11-19,48,23,0.360000,8.280000,1
2535,2024-10-19,74,98,0.650000,63.700000,0
486,2024-08-15,32,29,0.680000,19.720000,0
2667,2024-12-20,19,28,0.710000,19.880000,0
2363,2024-02-02,72,53,0.150000,7.950000,0
55,2024-04-16,100,13,0.130000,1.690000,0
2173,2024-06-18,51,97,0.560000,54.320000,1
2414,2024-07-03,39,90,0.170000,15.300000,0
960,2024-09-28,14,65,0.720000,46.800000,0
1113,2023-04-21,88,49,0.590000,28.910000,0
857,2023-12-07,32,33,0.570000,18.810000,0
1559,2024-11-07,40,33,0.640000,21.120000,0
2028,2024-11-26,17,51,0.880000,44.880000,0
1579,2024-07-11,27,63,0.390000,24.570000,1
2892,2023-04-13,78,63,0.490000,30.870000,0
1761,2024-07-03,36,47,0.660000,31.020000,0
1990,2024-05-27,29,18,0.680000,12.240000,1
2779,2024-03-21,65,73,0.540000,39.420000,1
1194,2024-06-26,58,31,0.240000,7.440000,1
1421,2023-05-29,82,91,0.340000,30.940000,0
934,2024-07-19,63,30,0.850000,25.500000,0
970,2024-01-17,25,82,0.390000,31.980000,0
2185,2023-03-06,48,8,0.170000,1.360000,0
2114,2025-01-16,95,99,0.230000,22.770000,0
2434,2024-11-28,2,87,0.210000,18.270000,0
2753,2023-05-06,24,13,0.790000,10.270000,0
2397,2024-11-05,10,59,0.960000,56.640000,0
2845,2024-06-27,25,55,0.860000,47.300000,0
637,2023-10-08,25,19,0.860000,16.340000,0
2192,2025-01-18,60,47,0.200000,9.400000,0
1560,2024-10-05,96,47,0.570000,26.790000,0
993,2024-05-30,63,27,0.220000,5.940000,1
1060,2024-10-30,32,57,0.910000,51.870000,0
2607,2023-12-14,50,55,0.490000,26.950000,0
1403,2024-04-21,93,96,0.190000,18.240000,1
2036,2023-02-26,23,54,0.270000,14.580000,0
2296,2023-05-03,61,44,0.720000,31.680000,0
1989,2024-01-29,7,30,0.350000,10.500000,1
1475,2023-05-26,58,34,0.470000,15.980000,0
2811,2023-12-24,22,8,0.930000,7.440000,0
1208,2024-11-09,61,36,0.730000,26.280000,0
1582,2024-03-25,7,24,0.970000,23.280000,1
1238,2024-06-18,73,4,0.610000,2.440000,0
1195,2023-05-29,21,96,0.800000,76.800000,0
1134,2023-09-25,2,56,0.910000,50.960000,0
1411,2024-03-09,56,66,0.660000,43.560000,1
2182,2023-11-25,61,4,0.660000,2.640000,0
2683,2024-09-20,97,59,0.670000,39.530000,0
189,2024-05-08,53,75,0.410000,30.750000,1
695,2023-10-14,43,24,0.390000,9.360000,0
2800,2023-11-21,30,31,0.700000,21.700000,0
1530,2023-08-04,63,37,0.590000,21.830000,0
23,2023-02-08,96,35,0.700000,24.500000,0
2299,2024-07-01,61,73,0.170000,12.410000,0
1153,2023-04-21,1,88,0.350000,30.800000,0
1335,2024-02-10,1,37,0.760000,28.120000,1
1199,2023-01-29,5,44,0.550000,24.200000,0
1957,2024-07-25,97,93,0.620000,57.660000,1
2676,2024-07-16,5,46,0.660000,30.360000,0
83,2023-05-13,20,96,0.440000,42.240000,0
361,2024-05-07,98,39,0.120000,4.680000,1
169,2024-11-29,5,92,0.930000,85.560000,0
171,2024-02-24,75,8,0.130000,1.040000,0
2613,2024-12-31,79,4,0.580000,2.320000,0
2216,2024-04-21,51,31,0.600000,18.600000,0
236,2023-07-20,35,50,0.480000,24.000000,0
262,2024-01-28,8,55,0.700000,38.500000,1
925,2023-10-10,86,70,0.570000,39.900000,0
2748,2023-03-31,54,35,0.990000,34.650000,0
1629,2024-01-03,57,17,0.360000,6.120000,0
196,2023-09-27,28,84,0.170000,14.280000,0
747,2023-03-15,98,73,0.110000,8.030000,0
1638,2024-09-07,58,27,0.930000,25.110000,0
584,2023-09-27,13,52,0.290000,15.080000,0
822,2023-02-04,23,8,0.690000,5.520000,0
1433,2024-09-12,89,25,0.550000,13.750000,0
1146,2024-06-09,33,24,0.330000,7.920000,0
1157,2023-04-16,5,65,0.610000,39.650000,0
948,2023-10-21,99,75,0.160000,12.000000,0
1186,2023-02-09,48,85,0.290000,24.650000,0
1239,2023-06-14,59,81,0.600000,48.600000,0
1507,2023-06-14,46,58,0.650000,37.700000,0
1385,2024-04-16,13,91,0.850000,77.350000,1
2487,2024-10-31,7,37,0.620000,22.940000,0
1291,2023-05-28,78,62,0.340000,21.080000,0
2081,2023-02-03,49,21,0.640000,13.440000,0
2038,2024-04-25,11,64,0.650000,41.600000,1
2803,2024-09-09,96,56,0.980000,54.880000,1
2616,2023-06-13,85,35,0.580000,20.300000,0
2792,2023-10-02,76,77,0.970000,74.690000,0
2780,2023-02-14,31,68,0.130000,8.840000,0
1986,2024-03-27,2,66,0.120000,7.920000,1
1158,2024-08-15,23,22,0.740000,16.280000,0
890,2024-09-29,81,50,0.220000,11.000000,0
1149,2023-05-30,41,10,0.970000,9.700000,0
2186,2024-01-15,85,83,0.720000,59.760000,0
490,2024-01-04,93,16,0.490000,7.840000,1
2937,2023-04-18,26,85,0.850000,72.250000,0
2223,2023-07-06,94,56,0.190000,10.640000,0
312,2024-08-07,51,30,0.650000,19.500000,0
335,2023-11-21,60,12,0.840000,10.080000,0
1280,2023-09-18,4,55,0.400000,22.000000,0
2874,2024-10-24,15,4,0.630000,2.520000,0
1150,2024-11-18,85,19,0.520000,9.880000,0
859,2023-05-29,93,15,0.340000,5.100000,0
2957,2023-07-26,22,7,0.830000,5.810000,0
879,2024-09-26,13,64,0.180000,11.520000,0
25,2023-08-01,96,92,0.720000,66.240000,0
959,2024-02-09,78,5,0.610000,3.050000,0
2939,2024-07-23,54,52,0.880000,45.760000,0
1136,2024-05-08,22,47,0.680000,31.960000,0
1799,2025-01-21,62,72,0.990000,71.280000,0
2654,2023-08-10,70,68,0.320000,21.760000,0
1145,2023-10-05,42,42,0.470000,19.740000,0
1616,2024-08-17,81,49,0.270000,13.230000,1
4,2023-11-01,96,54,0.420000,22.680000,1
1709,2023-07-07,90,85,0.830000,70.550000,0
253,2023-07-18,42,19,0.700000,13.300000,0
1268,2023-05-31,38,72,0.960000,69.120000,0
2394,2025-01-12,68,9,0.200000,1.800000,0
64,2023-04-20,17,69,0.410000,28.290000,0
2236,2023-12-23,73,98,0.490000,48.020000,0
494,2024-09-08,1,37,0.980000,36.260000,0
2678,2024-09-25,46,19,0.700000,13.300000,0
2084,2024-05-20,3,13,0.780000,10.140000,1
100,2024-06-08,49,63,0.520000,32.760000,1
645,2023-08-05,96,77,0.660000,50.820000,0
112,2023-08-13,79,45,0.710000,31.950000,0
2326,2023-02-15,83,19,0.930000,17.670000,0
254,2023-12-06,8,22,0.630000,13.860000,0
2215,2024-03-09,20,1,0.980000,0.980000,1
741,2024-03-09,5,89,0.550000,48.950000,1
2661,2024-01-25,26,23,0.330000,7.590000,0
1543,2024-02-23,91,49,0.660000,32.340000,1
940,2023-03-20,9,12,0.370000,4.440000,0
1102,2024-08-12,23,42,0.590000,24.780000,1
1594,2024-01-18,39,17,0.550000,9.350000,0
400,2024-03-14,31,50,0.910000,45.500000,0
1181,2024-02-29,3,1,0.410000,0.410000,0
66,2023-07-30,10,88,0.630000,55.440000,0
599,2023-07-24,76,39,0.270000,10.530000,0
2520,2024-11-06,89,71,0.550000,39.050000,0
2955,2023-12-26,9,22,0.470000,10.340000,0
2267,2024-10-24,45,44,0.100000,4.400000,0
2037,2024-11-06,8,85,0.310000,26.350000,0
1641,2023-03-23,92,9,0.800000,7.200000,0
243,2023-08-06,73,53,0.540000,28.620000,0
634,2024-10-17,75,26,0.910000,23.660000,0
1023,2023-05-17,30,65,0.970000,63.050000,0
1835,2023-07-19,81,18,0.910000,16.380000,0
43,2023-05-28,72,30,0.880000,26.400000,0
2488,2023-09-29,74,11,0.890000,9.790000,0
915,2024-09-03,51,55,0.180000,9.900000,0
2567,2023-12-23,27,65,0.710000,46.150000,0
963,2024-10-05,30,41,0.300000,12.300000,0
1621,2024-04-26,62,49,0.740000,36.260000,0
909,2024-01-31,29,65,0.590000,38.350000,1
777,2024-05-18,75,67,0.430000,28.810000,1
2840,2023-02-11,32,87,0.320000,27.840000,0
2686,2024-01-29,36,81,0.550000,44.550000,1
2953,2023-02-20,14,84,0.160000,13.440000,0
2303,2023-08-29,92,21,0.650000,13.650000,0
1590,2024-09-10,18,33,0.770000,25.410000,0
666,2023-11-16,54,35,0.750000,26.250000,0
2852,2023-06-30,2,18,0.370000,6.660000,0
1665,2024-10-31,67,67,0.130000,8.710000,0
2513,2023-04-01,65,73,0.480000,35.040000,0
2627,2024-11-10,4,17,0.770000,13.090000,0
1599,2023-07-12,26,39,0.750000,29.250000,0
1630,2024-03-16,13,24,0.270000,6.480000,1
2398,2023-05-31,53,54,0.810000,43.740000,0
1225,2024-01-19,79,42,0.240000,10.080000,0
2542,2024-03-11,92,53,0.930000,49.290000,1
1965,2023-12-27,12,51,0.140000,7.140000,0
2783,2024-08-19,80,46,0.480000,22.080000,0
134,2023-04-13,98,49,0.170000,8.330000,0
681,2024-10-22,27,91,0.490000,44.590000,0
88,2023-10-26,11,40,0.610000,24.400000,0
798,2023-06-19,83,83,0.170000,14.110000,0
1733,2024-04-21,21,63,0.100000,6.300000,1
1438,2024-05-17,54,55,0.440000,24.200000,1
102,2024-12-20,28,23,0.730000,16.790000,0
374,2023-03-29,74,27,0.180000,4.860000,0
2990,2023-11-18,3,66,0.430000,28.380000,0
2615,2024-10-31,88,58,0.590000,34.220000,0
2956,2024-07-21,94,24,0.310000,7.440000,0
842,2024-04-03,21,67,0.130000,8.710000,1
1360,2024-01-16,62,80,0.340000,27.200000,0
209,2024-08-08,48,5,0.350000,1.750000,0
2404,2023-07-09,8,59,0.510000,30.090000,0
804,2023-10-18,86,80,0.740000,59.200000,0
2951,2024-10-06,18,60,0.280000,16.800000,0
1031,2024-07-25,12,49,0.950000,46.550000,0
1779,2023-02-22,67,60,0.740000,44.400000,0
479,2023-02-05,79,34,0.670000,22.780000,0
2335,2024-03-11,31,36,0.930000,33.480000,1
1273,2023-04-29,88,98,0.370000,36.260000,0
2598,2024-07-25,49,72,0.380000,27.360000,0
680,2024-04-26,70,14,0.250000,3.500000,0
1670,2023-02-08,29,16,0.580000,9.280000,0
258,2023-08-16,5,4,0.650000,2.600000,0
1690,2024-04-17,96,5,0.370000,1.850000,0
2325,2025-01-23,10,99,0.590000,58.410000,0
417,2023-09-03,54,40,0.750000,30.000000,0
1523,2023-04-25,77,65,0.600000,39.000000,0
2640,2023-03-18,84,38,0.510000,19.380000,0
950,2024-05-21,39,65,0.570000,37.050000,0
685,2024-07-17,88,27,0.100000,2.700000,1
309,2024-05-10,84,69,0.820000,56.580000,0
183,2023-10-16,15,65,0.370000,24.050000,0
1219,2023-05-24,99,81,0.450000,36.450000,0
2740,2023-02-21,30,59,0.150000,8.850000,0
2320,2023-11-16,85,32,0.610000,19.520000,0
1279,2024-10-21,44,36,0.660000,23.760000,0
1772,2024-01-28,10,7,0.470000,3.290000,0
1959,2023-07-25,69,34,0.520000,17.680000,0
2208,2023-07-11,58,12,0.280000,3.360000,0
2574,2023-07-19,81,33,0.370000,12.210000,0
2842,2024-06-21,66,18,0.330000,5.940000,0
159,2023-03-31,14,32,0.730000,23.360000,0
2298,2023-12-12,58,68,0.480000,32.640000,0
1838,2024-10-03,32,98,0.610000,59.780000,0
2704,2023-02-16,19,38,0.810000,30.780000,0
569,2024-07-02,11,36,0.930000,33.480000,0
1489,2023-05-12,26,36,0.440000,15.840000,0
1366,2024-10-21,44,63,0.400000,25.200000,0
2597,2023-09-29,81,74,0.680000,50.320000,0
989,2024-04-13,63,88,0.460000,40.480000,1
438,2023-01-28,32,53,0.440000,23.320000,0
1458,2023-09-29,46,7,0.150000,1.050000,0
1446,2024-12-02,74,98,0.870000,85.260000,0
1585,2023-12-03,82,55,0.520000,28.600000,0
338,2023-08-02,13,86,0.550000,47.300000,0
2151,2024-05-30,33,19,0.120000,2.280000,1
566,2024-02-21,21,51,0.330000,16.830000,1
825,2023-03-29,93,13,0.100000,1.300000,0
2439,2024-03-21,34,53,0.370000,19.610000,1
2849,2023-08-21,14,11,0.780000,8.580000,0
35,2023-07-08,34,74,0.300000,22.200000,0
2646,2023-07-14,18,77,0.840000,64.680000,0
1969,2023-02-22,61,80,0.260000,20.800000,0
2945,2024-01-02,13,86,0.160000,13.760000,1
923,2024-12-25,90,95,0.920000,87.400000,0
757,2025-01-09,62,90,0.170000,15.300000,0
1846,2024-07-29,67,51,0.250000,12.750000,0
2447,2024-10-11,35,9,0.240000,2.160000,0
1606,2023-07-07,37,23,0.640000,14.720000,0
1070,2024-03-12,98,73,0.940000,68.620000,1
1851,2023-02-18,7,93,0.830000,77.190000,0
2089,2023-12-23,2,48,0.650000,31.200000,0
56,2023-12-23,98,29,0.930000,26.970000,0
1782,2024-11-29,32,70,0.490000,34.300000,0
2090,2023-03-01,4,61,0.520000,31.720000,0
282,2023-10-24,100,8,0.490000,3.920000,0
1096,2023-04-06,99,13,0.180000,2.340000,0
1311,2024-05-25,30,27,0.250000,6.750000,1
225,2023-04-19,35,42,0.880000,36.960000,0
1780,2024-04-12,49,19,0.500000,9.500000,1
2007,2023-05-25,84,26,0.650000,16.900000,0
1701,2024-10-11,67,19,0.880000,16.720000,0
2872,2023-07-22,26,46,0.210000,9.660000,0
389,2023-09-12,60,52,0.320000,16.640000,0
292,2023-09-06,15,69,0.680000,46.920000,0
1080,2023-09-17,28,52,0.340000,17.680000,0
1742,2023-09-08,21,81,0.880000,71.280000,0
2663,2023-10-05,23,98,0.990000,97.020000,0
95,2023-07-12,82,49,0.190000,9.310000,0
2864,2024-10-20,82,69,0.560000,38.640000,0
862,2023-06-04,32,58,0.410000,23.780000,0
1029,2024-09-27,55,56,0.450000,25.200000,0
2596,2023-10-31,50,73,0.550000,40.150000,0
316,2023-12-27,26,8,0.700000,5.600000,0
2169,2023-09-25,43,5,0.460000,2.300000,0
1112,2024-02-26,10,59,0.870000,51.330000,1
1627,2024-06-06,33,95,0.120000,11.400000,1
1703,2024-01-05,24,55,0.470000,25.850000,0
719,2024-07-26,10,39,0.530000,20.670000,0
2312,2023-06-29,26,31,0.640000,19.840000,0
734,2024-10-21,34,95,0.260000,24.700000,0
2132,2024-04-07,48,23,0.110000,2.530000,1
854,2023-07-06,53,18,0.860000,15.480000,0
701,2024-06-12,4,97,0.960000,93.120000,1
238,2024-02-25,29,35,0.120000,4.200000,1
1865,2023-06-22,53,41,0.540000,22.140000,0
653,2023-05-30,79,65,0.920000,59.800000,0
736,2023-06-22,92,28,0.830000,23.240000,0
1184,2023-07-19,30,90,0.120000,10.800000,0
2906,2023-07-11,22,55,0.990000,54.450000,0
2480,2024-09-24,59,44,0.820000,36.080000,0
2893,2023-10-21,1,43,0.670000,28.810000,0
2579,2024-05-15,71,18,0.790000,14.220000,0
2910,2024-06-24,6,87,0.800000,69.600000,1
2210,2025-01-01,44,2,0.990000,1.980000,0
2417,2023-05-22,36,12,0.330000,3.960000,0
273,2024-09-07,85,84,0.340000,28.560000,0
2469,2024-07-18,14,64,0.150000,9.600000,1
51,2023-06-08,2,60,0.530000,31.800000,0
1480,2024-10-22,39,76,0.410000,31.160000,0
2650,2024-01-12,6,37,0.920000,34.040000,0
181,2024-07-24,18,42,0.140000,5.880000,0
748,2024-10-24,93,99,0.520000,51.480000,0
819,2023-08-23,60,12,0.860000,10.320000,0
1205,2024-04-05,12,1,0.330000,0.330000,1
2742,2023-06-11,39,44,0.340000,14.960000,0
1647,2023-12-05,20,26,0.370000,9.620000,0
1597,2023-06-18,31,9,0.720000,6.480000,0
1502,2023-03-10,96,68,0.640000,43.520000,0
2012,2023-03-20,62,29,0.910000,26.390000,0
1906,2024-11-12,58,88,0.820000,72.160000,0
485,2023-09-12,17,16,0.130000,2.080000,0
1200,2024-07-25,20,6,0.520000,3.120000,0
563,2024-01-04,20,25,0.800000,20.000000,0
