sale_id,customer_id,transaction_id,product_id,sale_date,sale_amount,Customer Value
2139,647,1914,15,2023-06-16,620.450000,0
1697,480,2067,2,2023-02-23,875.230000,0
1243,544,1134,37,2023-09-08,177.560000,0
1498,897,2960,43,2022-09-05,870.810000,1
1187,811,2945,46,2020-11-10,56.640000,0
716,791,2731,85,2024-06-28,29.380000,0
2889,408,3002,35,2022-12-17,573.230000,0
2885,323,3274,46,2024-08-06,468.670000,0
2213,493,2488,24,2021-12-22,252.390000,0
2710,51,3594,66,2023-01-22,550.370000,1
1140,307,3669,90,2024-09-09,822.280000,0
452,368,997,66,2023-12-08,869.440000,0
111,857,2596,25,2024-08-31,113.890000,0
1020,921,915,34,2022-07-19,846.080000,0
1574,173,4055,61,2024-09-09,603.400000,0
1719,267,2704,99,2023-01-14,699.640000,0
1034,437,3878,1,2020-06-07,609.310000,0
2055,49,2005,78,2024-04-17,31.520000,0
1301,57,1144,10,2022-12-23,491.470000,1
2624,827,4553,59,2024-03-29,844.320000,0
2804,896,446,27,2023-01-05,85.110000,1
2967,650,1184,17,2023-08-26,898.540000,1
1645,573,4590,98,2023-08-25,33.640000,0
564,486,3153,15,2021-05-15,960.470000,1
2258,633,895,28,2022-07-29,254.750000,0
255,180,3147,83,2022-09-08,43.310000,0
573,120,1223,100,2023-02-06,472.770000,0
806,694,142,25,2022-12-08,523.400000,0
619,208,1722,86,2020-07-29,521.560000,0
2891,362,2368,37,2022-08-02,868.010000,0
2183,796,3663,13,2024-02-20,447.160000,0
2290,797,4336,2,2024-01-21,772.000000,0
2810,349,2856,62,2020-04-26,916.080000,0
861,205,4332,69,2020-09-03,341.750000,0
1356,404,3680,49,2023-09-30,396.240000,0
2212,433,4448,92,2022-03-25,526.410000,0
506,504,4174,17,2024-06-27,279.520000,0
2932,473,4606,65,2021-01-01,974.430000,0
2617,666,1169,65,2022-03-25,811.740000,1
284,220,2102,87,2024-07-13,448.690000,0
1267,708,1297,91,2022-12-11,839.920000,1
1679,480,1518,34,2023-07-03,234.600000,0
336,862,213,95,2020-01-31,568.070000,0
2078,245,2721,17,2022-04-03,427.360000,0
1942,601,577,47,2023-04-24,709.700000,1
2623,790,2677,40,2025-01-02,609.270000,0
2458,657,1192,76,2022-09-03,631.850000,0
581,616,3797,41,2023-01-02,523.070000,0
2796,297,3241,56,2020-11-03,351.020000,0
1674,332,780,75,2020-12-07,703.790000,0
2073,72,3238,33,2021-06-07,207.590000,0
1378,617,3165,90,2020-10-22,76.600000,0
74,224,2946,60,2022-08-27,664.130000,0
1773,583,1481,42,2024-10-13,404.440000,0
1525,462,2564,11,2020-01-07,743.040000,0
2342,126,461,85,2021-08-20,820.500000,0
212,158,3562,42,2022-12-24,46.200000,0
1453,726,691,52,2020-12-10,269.730000,0
207,234,3419,16,2022-08-12,268.380000,0
1955,608,258,19,2023-04-27,936.090000,1
1536,830,80,41,2020-09-16,208.300000,0
2376,571,2664,75,2020-07-26,17.140000,0
22,729,1757,45,2022-11-09,299.650000,0
1661,181,889,19,2020-12-21,295.380000,0
979,766,3453,18,2023-02-14,681.510000,1
480,252,1970,64,2020-09-13,974.570000,0
2281,436,2963,64,2024-08-25,573.800000,0
876,196,1079,50,2020-06-25,931.340000,0
1019,702,2923,18,2020-11-09,514.630000,0
2159,54,516,65,2020-05-08,366.250000,0
1474,194,4899,40,2024-09-13,720.330000,0
239,777,1982,7,2022-06-27,418.000000,0
1095,261,4167,5,2023-03-25,292.990000,1
264,841,4219,25,2020-12-01,159.740000,0
1129,336,1271,6,2023-01-23,780.110000,0
790,686,1465,57,2020-05-24,896.680000,0
2474,873,443,89,2020-09-26,718.390000,0
2276,862,3544,11,2022-05-13,132.110000,0
2184,536,3589,100,2021-01-14,818.870000,0
2268,135,1875,99,2021-04-23,618.590000,1
531,89,2103,51,2022-11-29,561.170000,0
1025,934,516,40,2023-08-16,366.250000,1
2698,231,494,82,2022-04-05,587.770000,0
1260,704,1977,45,2022-08-21,774.520000,0
1425,731,241,46,2021-07-22,308.820000,0
1307,370,3677,82,2021-04-06,854.010000,0
700,356,430,42,2021-09-27,401.260000,1
1361,337,2517,12,2024-11-16,429.070000,0
386,392,4514,41,2022-05-13,36.070000,0
2355,646,526,57,2024-01-15,975.860000,0
2369,11,1336,25,2023-01-09,635.550000,0
1117,525,4013,60,2021-12-19,791.630000,0
1373,51,4981,38,2020-10-08,598.100000,1
40,838,274,62,2021-04-21,685.560000,1
208,141,1158,67,2023-05-23,153.570000,0
1426,911,3171,42,2023-06-09,797.890000,1
79,962,296,46,2021-12-22,946.210000,1
1914,110,4155,75,2021-05-05,993.310000,0
2909,456,1164,1,2024-09-21,55.760000,0
1941,684,4386,65,2024-12-21,818.440000,0
2594,502,3819,24,2024-02-07,259.330000,0
222,990,65,79,2021-04-13,909.520000,0
813,475,944,93,2023-06-25,459.720000,1
1269,973,4717,43,2021-08-04,991.510000,0
1058,334,3106,97,2020-04-16,683.660000,0
308,577,2807,38,2024-05-23,141.910000,0
1987,663,316,84,2023-08-02,477.160000,0
85,688,2506,70,2024-07-25,269.290000,0
2544,713,4303,79,2022-05-27,540.440000,0
2311,849,3992,71,2023-04-23,651.720000,0
2152,822,3928,15,2021-06-04,672.530000,0
2968,460,4837,27,2025-01-01,742.330000,0
567,706,4046,10,2024-05-13,95.590000,0
1651,316,2583,52,2024-07-13,771.550000,0
2894,525,385,88,2022-01-31,901.320000,0
2418,154,4214,47,2023-04-10,343.830000,0
1604,430,288,72,2020-11-01,347.470000,0
751,876,1682,23,2021-12-24,966.650000,1
802,943,459,56,2021-07-19,636.520000,0
1030,374,4489,22,2024-02-17,461.250000,1
618,283,3852,46,2021-03-22,15.410000,0
2771,958,4703,41,2022-12-31,181.740000,0
453,299,2598,58,2020-01-19,170.770000,0
870,734,1471,35,2023-12-16,646.460000,0
206,456,744,2,2021-01-16,901.200000,0
2200,512,2957,90,2024-09-30,341.950000,0
1250,214,1404,95,2022-08-16,318.850000,0
1293,237,239,79,2024-08-14,291.340000,0
1295,371,4128,10,2020-09-22,782.000000,0
203,315,1218,82,2020-08-20,936.730000,0
662,338,4857,20,2021-07-02,25.650000,1
1717,232,3932,86,2022-06-09,388.590000,0
381,312,4158,31,2022-06-18,62.950000,0
2832,204,3884,46,2021-06-27,287.840000,1
1278,141,4360,91,2024-06-29,198.070000,0
1027,722,2561,35,2021-02-17,679.730000,0
2693,981,28,40,2024-07-21,636.770000,0
1654,725,2610,11,2022-02-02,891.970000,0
1968,740,3158,62,2023-12-11,583.120000,1
2895,195,802,9,2020-09-02,625.500000,0
2221,938,1841,90,2024-02-01,52.220000,0
349,914,2889,37,2022-11-03,489.120000,0
2225,345,715,22,2022-05-24,163.950000,0
2608,429,3217,46,2023-02-03,242.160000,0
991,519,2970,6,2024-01-30,304.090000,0
922,671,1627,43,2022-12-24,942.730000,0
2181,216,1707,86,2024-01-19,49.290000,0
1087,739,368,9,2021-05-21,897.320000,0
2360,547,3462,31,2024-03-28,969.240000,1
670,835,4262,76,2023-03-06,472.850000,1
1210,545,2220,35,2023-05-06,963.900000,0
202,207,1254,72,2021-10-11,791.040000,0
1994,828,3699,81,2021-04-14,81.440000,0
2402,67,1766,33,2021-11-19,531.300000,0
1609,527,2578,16,2020-10-28,650.160000,0
1993,470,3528,22,2020-02-14,236.690000,1
912,661,4717,12,2025-01-07,991.510000,0
2270,409,4238,54,2020-01-30,66.760000,0
1671,770,2849,62,2022-01-18,117.660000,0
2113,764,3643,34,2020-07-07,933.570000,0
2568,254,4905,91,2023-12-15,768.650000,0
1823,831,3015,62,2022-05-10,667.200000,1
318,430,3100,76,2021-10-10,262.090000,0
1882,461,689,75,2020-04-16,719.910000,1
896,52,4352,45,2020-03-02,262.420000,0
939,804,1189,66,2024-10-27,428.140000,0
1979,828,2281,83,2020-09-24,475.840000,0
1304,139,4044,2,2021-03-16,62.140000,0
774,283,4034,71,2020-07-09,853.900000,1
1492,880,2244,11,2022-06-05,892.440000,0
2451,727,1360,49,2024-06-13,145.320000,0
117,14,571,17,2024-12-07,998.870000,1
2368,449,2114,2,2020-01-05,996.390000,0
2327,609,2007,92,2024-06-12,183.650000,0
2128,132,3491,41,2020-01-05,756.970000,1
1732,162,3646,47,2023-03-11,130.880000,0
220,471,649,80,2024-04-04,540.840000,1
1347,196,1127,52,2024-11-10,245.890000,0
2370,895,2662,51,2021-06-27,856.230000,0
693,174,2467,36,2020-04-11,411.930000,0
2277,866,1587,29,2024-10-31,950.390000,1
947,514,2487,80,2023-06-09,737.950000,1
2511,500,764,72,2020-09-25,197.260000,0
1284,201,4646,9,2024-09-07,233.510000,0
1508,477,1637,25,2022-09-06,356.440000,0
706,934,3312,70,2021-01-04,988.340000,1
865,309,2693,54,2021-01-23,206.300000,0
2998,564,902,82,2022-10-01,39.350000,0
1777,915,2085,89,2024-02-25,298.450000,0
1457,733,4104,78,2022-08-06,573.380000,0
1840,545,486,15,2020-03-27,532.080000,0
2423,800,3670,22,2020-10-01,683.610000,0
383,557,1641,16,2023-04-23,741.280000,0
2125,408,414,38,2023-07-29,445.350000,0
433,464,760,22,2021-03-14,941.010000,0
2144,557,1934,17,2023-12-04,374.590000,1
44,646,123,69,2024-04-15,181.810000,0
787,270,4595,72,2023-07-27,912.960000,0
2359,916,769,6,2023-09-03,13.050000,0
2921,632,852,42,2022-01-19,881.330000,0
733,265,3129,100,2022-11-11,353.840000,0
1841,353,3452,74,2022-10-16,269.770000,0
1900,190,92,47,2022-12-15,939.290000,1
1826,727,1145,23,2020-09-11,427.030000,1
2066,739,4120,100,2023-05-06,508.790000,0
562,468,3822,89,2020-03-03,585.720000,1
2197,657,86,76,2020-05-31,539.440000,0
2251,512,167,91,2024-07-06,138.080000,0
1946,405,1036,82,2023-11-27,522.200000,0
1855,731,3275,49,2022-03-04,605.970000,0
50,777,2437,25,2023-12-24,660.600000,0
1206,883,2205,58,2024-01-27,128.680000,0
1079,228,726,59,2022-03-02,812.450000,0
754,399,4709,32,2020-10-29,970.050000,1
34,971,2104,64,2023-09-11,167.830000,0
1915,720,598,28,2024-07-09,488.650000,0
1382,609,606,90,2022-01-18,407.310000,0
2823,952,1134,25,2022-02-15,177.560000,0
866,48,3622,95,2020-09-08,256.450000,0
213,51,1852,96,2020-02-19,852.010000,1
2928,952,4524,38,2020-04-06,519.970000,0
404,702,1758,21,2022-03-22,477.720000,0
2121,185,305,31,2023-11-16,246.150000,0
2733,28,483,54,2024-11-24,785.550000,0
63,576,2941,65,2024-01-13,729.350000,1
113,397,2919,7,2023-02-11,748.610000,0
463,971,539,45,2023-03-30,517.370000,0
1933,943,528,12,2021-11-09,735.590000,0
1235,95,4897,88,2022-08-01,954.400000,1
2508,16,1274,83,2022-05-29,742.710000,0
836,448,4795,76,2020-01-21,572.390000,0
405,31,1486,96,2020-10-04,155.870000,0
108,283,3476,5,2024-07-05,307.570000,1
1866,833,3231,63,2020-10-23,910.280000,0
2198,18,3970,57,2024-03-15,117.410000,0
910,353,3505,8,2023-02-15,620.770000,0
2660,443,3416,43,2022-11-08,943.340000,0
123,581,1057,53,2021-05-12,449.720000,0
1639,966,3246,76,2020-04-16,693.950000,1
503,544,364,31,2020-05-24,299.940000,0
1754,566,4135,75,2020-12-18,737.000000,0
2929,99,4174,21,2020-02-17,279.520000,0
2209,897,890,68,2024-03-17,884.850000,0
246,810,2222,2,2021-08-29,289.460000,0
771,642,2342,89,2022-07-07,514.930000,0
2207,782,2925,1,2021-05-26,664.440000,1
1075,650,23,14,2024-03-11,661.980000,0
1104,22,561,96,2020-07-19,293.870000,0
1462,69,3639,82,2020-12-14,271.870000,0
1423,297,596,1,2021-07-19,815.570000,0
2228,878,2815,62,2022-12-26,761.040000,0
2381,785,2582,52,2024-11-22,976.230000,0
1707,79,853,23,2020-06-16,742.480000,0
1662,867,1389,56,2022-05-05,279.600000,0
31,534,3240,91,2021-01-18,265.590000,0
2154,948,441,17,2022-10-07,666.670000,0
1390,728,1943,26,2023-05-17,236.770000,0
332,445,1185,35,2024-12-20,220.050000,0
138,777,1010,8,2024-04-04,448.530000,1
2566,564,3125,52,2021-01-04,762.090000,0
1167,28,1964,99,2022-07-26,146.580000,0
1333,260,2209,68,2021-04-15,129.090000,1
1318,62,1513,26,2023-04-01,543.400000,1
482,331,4117,14,2023-02-10,840.000000,1
1370,155,2208,97,2024-07-21,811.190000,0
522,71,3576,54,2024-12-26,627.710000,0
2206,790,3990,43,2023-10-18,814.880000,0
997,624,3490,5,2023-05-10,405.100000,0
2026,303,2246,75,2023-10-01,994.800000,0
1161,3,2739,63,2020-08-08,697.840000,0
1813,244,3330,86,2021-09-18,267.930000,0
511,171,3603,6,2024-02-18,433.740000,0
1045,409,4488,3,2022-08-03,554.490000,0
1024,762,3893,74,2021-07-02,48.190000,0
302,912,1107,77,2021-10-04,420.780000,1
1723,623,468,30,2022-03-12,425.960000,0
1272,37,3659,49,2023-06-15,45.520000,0
821,820,2537,2,2024-01-18,446.740000,0
1978,664,197,9,2022-07-25,170.120000,0
2997,240,4957,87,2021-05-01,812.840000,0
526,808,1260,48,2020-10-26,549.970000,0
2933,584,2670,56,2024-07-17,460.790000,0
2068,840,1336,15,2020-01-05,635.550000,0
2344,1,892,83,2023-07-05,986.470000,0
622,603,1862,76,2020-01-07,263.980000,0
1204,922,895,42,2022-10-02,254.750000,1
341,244,2190,82,2024-09-25,226.350000,0
1786,235,2102,4,2021-06-14,448.690000,0
1793,77,1434,15,2022-05-06,245.800000,1
2163,992,4434,16,2021-11-21,827.060000,1
1592,39,2909,72,2024-02-03,219.960000,1
2805,42,2247,98,2022-07-09,526.720000,0
2476,953,1670,3,2024-10-04,520.760000,0
632,928,3845,50,2022-01-08,768.930000,0
2291,124,1350,26,2022-02-11,633.670000,0
585,797,1576,55,2020-05-30,702.880000,1
674,57,4715,91,2022-06-02,753.330000,1
2403,207,1923,35,2022-04-07,721.230000,0
2191,138,225,73,2020-08-24,928.270000,0
1299,960,1939,96,2024-06-05,698.530000,1
2021,392,2719,2,2022-07-08,689.780000,1
1154,203,4828,2,2022-03-31,700.240000,0
1668,4,2074,15,2020-01-25,425.080000,0
270,94,501,19,2022-01-19,885.170000,0
2527,241,4869,7,2021-03-28,187.480000,0
968,992,1328,46,2024-12-19,828.760000,0
691,461,3196,73,2023-06-27,478.110000,1
2972,853,1903,41,2020-01-23,133.830000,0
966,121,4655,26,2022-04-13,447.810000,0
1750,859,1057,54,2024-09-19,449.720000,0
2242,561,2457,49,2021-05-27,755.510000,0
2738,726,3294,65,2022-12-27,606.070000,0
2214,102,4061,31,2020-09-01,833.070000,0
1816,699,2307,88,2023-12-26,679.550000,0
2056,628,1410,100,2024-07-16,226.550000,0
527,185,2121,80,2023-06-22,451.070000,0
1183,362,4885,66,2020-11-04,576.970000,0
994,292,640,84,2022-03-18,629.830000,0
2031,700,3567,25,2023-03-16,505.160000,0
2865,773,613,85,2024-03-06,921.090000,1
2058,644,3571,13,2021-07-11,508.660000,0
783,904,97,76,2023-09-19,79.880000,0
1526,461,2419,85,2021-06-25,634.360000,1
29,560,4340,88,2024-06-23,243.870000,0
2603,617,409,93,2021-09-03,358.460000,0
502,919,377,26,2020-10-25,213.890000,0
2908,276,463,18,2024-02-22,88.390000,0
2019,196,1362,7,2021-12-05,247.800000,0
315,907,1596,1,2022-05-03,295.490000,0
1764,112,4087,81,2023-12-17,915.330000,1
355,644,797,80,2022-12-24,672.570000,0
2111,336,2140,1,2024-06-26,488.670000,1
1550,544,3359,62,2024-06-22,740.650000,0
999,39,3649,6,2024-11-11,416.570000,0
698,231,534,44,2022-10-12,213.020000,1
290,340,3715,51,2024-01-11,371.360000,0
1216,1000,304,36,2021-11-07,88.070000,0
299,220,241,49,2020-03-13,308.820000,0
1182,908,991,30,2023-08-27,209.710000,1
1392,519,2425,59,2022-05-23,620.050000,0
1895,265,3556,10,2022-07-05,375.100000,0
1317,276,4141,21,2024-01-29,543.290000,0
609,809,1465,50,2020-01-29,896.680000,0
613,863,3561,66,2021-11-04,819.060000,0
1090,38,3609,29,2024-03-02,463.350000,0
1263,419,3772,36,2024-10-13,482.270000,0
1571,133,3855,67,2020-11-04,71.080000,0
1334,347,2148,74,2020-06-10,141.090000,0
2911,693,909,34,2022-03-22,454.450000,0
2106,185,3425,55,2022-06-20,559.010000,0
2590,961,1021,41,2022-01-07,197.880000,0
588,371,334,32,2024-09-24,129.620000,0
1787,404,1168,38,2020-11-30,142.510000,0
427,891,2221,40,2024-11-24,739.610000,0
2563,737,4840,29,2020-01-23,505.600000,1
1055,225,4247,76,2024-02-13,906.390000,0
972,413,2823,54,2020-02-16,565.220000,0
888,583,17,7,2022-08-29,959.910000,0
874,642,4401,3,2021-06-28,314.920000,0
2231,432,1701,63,2020-12-27,159.610000,0
1513,232,4824,80,2020-07-05,443.610000,0
2648,452,4479,49,2020-03-06,654.890000,0
1538,376,445,92,2024-02-06,293.750000,1
1107,218,1480,89,2025-01-07,408.490000,0
323,424,856,1,2021-03-10,192.590000,0
1261,313,377,19,2024-08-28,213.890000,0
1657,329,2156,53,2023-05-08,553.920000,0
834,565,1779,41,2020-11-17,743.310000,0
1294,748,1344,33,2023-06-28,254.720000,0
49,573,4498,33,2021-04-12,39.610000,0
145,669,1271,47,2024-12-30,780.110000,1
2331,536,3218,45,2023-02-19,660.980000,0
2385,764,2205,21,2021-06-29,128.680000,0
247,406,272,3,2024-02-02,35.030000,0
1442,228,4902,36,2024-09-10,652.470000,0
2016,546,914,33,2023-03-20,412.430000,0
1655,141,4729,95,2021-03-19,264.080000,0
1734,270,1783,79,2022-10-27,729.900000,0
2499,741,199,67,2022-12-10,717.630000,0
1063,906,3562,88,2021-11-01,46.200000,0
1240,965,1463,80,2023-06-03,497.250000,0
2799,777,3720,15,2024-01-18,515.410000,1
665,242,4112,61,2022-08-09,822.000000,1
1700,899,157,6,2021-06-22,611.380000,0
873,228,881,82,2024-03-29,789.590000,0
776,178,3369,39,2025-01-24,375.040000,0
853,915,1204,28,2024-06-11,502.440000,0
1486,515,3349,29,2024-02-27,299.890000,0
803,387,3069,74,2022-11-06,314.340000,0
943,815,1222,27,2020-09-14,389.180000,0
2595,625,1629,3,2021-03-27,472.750000,0
1556,78,992,28,2021-01-18,806.690000,0
293,265,4696,6,2023-03-03,168.510000,0
2767,793,4941,77,2024-01-10,491.670000,0
810,287,2888,2,2020-09-10,190.850000,0
1455,140,587,54,2020-01-12,203.290000,0
2051,993,2201,97,2024-01-21,52.380000,0
513,633,675,98,2024-12-13,720.820000,0
2393,575,2697,68,2023-08-24,558.910000,0
1984,729,1975,77,2022-10-19,908.100000,1
1810,937,4596,76,2021-11-08,510.890000,0
360,461,1318,78,2020-12-13,938.330000,1
538,415,4195,13,2023-09-16,231.610000,0
2692,451,1245,63,2024-07-03,364.930000,0
2713,860,3236,1,2023-07-09,753.040000,0
1613,714,467,67,2023-05-09,905.250000,0
933,749,2479,9,2020-12-26,355.410000,0
1646,912,208,58,2020-08-31,767.820000,1
1551,511,1222,54,2025-01-01,389.180000,0
1991,44,4211,93,2024-03-20,25.700000,0
1371,937,2282,85,2021-03-10,630.890000,0
980,84,899,19,2021-08-05,506.240000,1
1339,690,1494,94,2024-07-16,478.040000,0
1581,899,4030,95,2021-04-30,720.040000,0
878,120,776,68,2024-08-21,751.940000,0
711,313,1613,15,2024-07-31,366.690000,1
2673,775,4020,1,2023-06-29,529.430000,0
48,12,131,97,2023-01-21,318.260000,0
1939,219,1768,67,2024-11-07,881.240000,0
402,887,4329,43,2024-10-17,181.730000,0
1666,467,4107,80,2021-08-23,272.300000,0
1973,240,3455,96,2023-02-03,563.250000,0
408,341,3745,20,2021-01-06,858.730000,1
2787,476,1080,81,2023-07-05,856.560000,0
2035,24,793,42,2023-10-16,971.440000,1
125,225,4595,78,2021-08-21,912.960000,0
1084,993,4985,84,2022-10-27,307.650000,0
1934,800,1493,12,2022-05-05,163.310000,0
529,542,2847,18,2020-06-01,639.430000,1
815,653,2509,85,2024-12-20,675.730000,0
643,761,518,61,2020-03-05,668.080000,0
1051,566,1780,82,2023-11-11,10.390000,0
601,925,3479,53,2020-03-19,843.240000,0
148,19,1707,89,2020-10-28,49.290000,0
510,592,1264,83,2024-11-05,791.000000,1
1193,617,4170,84,2023-10-29,192.450000,0
1807,325,3022,60,2021-03-02,826.690000,0
2899,573,4897,13,2020-02-27,954.400000,0
359,120,1659,61,2020-07-03,758.500000,0
1214,904,4993,28,2022-07-23,959.010000,0
2509,548,3995,69,2021-10-03,976.570000,1
1065,643,3242,41,2022-10-22,472.970000,0
2177,958,139,1,2024-08-04,335.970000,0
1276,812,1769,69,2021-11-22,164.380000,0
2592,312,1080,14,2023-09-17,856.560000,0
2120,164,4915,40,2021-03-29,596.510000,0
2788,773,4701,10,2023-12-12,608.450000,0
2308,469,4405,49,2022-11-03,770.260000,0
139,794,4050,10,2023-03-03,154.180000,0
128,656,1876,52,2024-09-05,515.740000,0
2766,91,2769,86,2025-01-23,780.210000,0
1168,20,3636,79,2021-04-01,95.270000,0
2702,401,561,20,2020-04-20,293.870000,1
2506,551,4352,33,2021-02-19,262.420000,0
294,458,2726,98,2020-05-25,962.430000,0
228,11,2768,99,2023-03-10,140.820000,0
1126,209,2944,98,2020-04-04,786.550000,0
1207,547,3404,71,2024-03-24,953.690000,1
2524,223,1385,29,2022-12-18,510.310000,0
1440,821,2554,32,2023-05-20,253.940000,0
1974,488,3634,64,2020-07-07,850.780000,1
2877,186,2929,44,2022-03-27,327.170000,0
2054,770,3660,84,2023-12-22,485.130000,0
441,296,1070,96,2024-06-27,461.610000,0
179,955,4710,9,2021-03-21,987.420000,0
1524,906,2997,72,2024-04-17,548.440000,0
2946,58,1981,4,2020-01-21,172.540000,0
1961,528,2233,30,2021-04-30,193.950000,0
1829,652,3203,63,2024-02-16,355.590000,0
1349,947,2299,56,2023-12-15,87.250000,0
2020,543,33,40,2023-01-14,159.290000,0
1503,649,4659,59,2022-07-03,36.780000,1
900,685,256,31,2021-03-25,427.760000,0
33,102,481,76,2023-05-04,670.550000,0
2462,104,4712,46,2020-07-10,72.720000,0
466,31,642,39,2022-12-27,883.300000,0
1427,433,2746,3,2025-01-01,444.740000,0
2807,944,1312,100,2021-11-07,581.430000,0
610,905,3920,18,2023-10-21,250.140000,0
1566,726,2963,84,2021-07-23,573.800000,0
472,462,2121,4,2023-10-29,451.070000,0
2504,962,2488,43,2022-12-04,252.390000,0
2286,392,4489,25,2020-02-19,461.250000,0
325,804,4872,98,2023-06-27,698.150000,0
168,992,2584,75,2022-02-23,727.430000,0
1605,558,1680,33,2020-04-13,417.730000,0
449,830,3384,24,2021-12-28,846.000000,0
1889,524,2525,8,2021-06-02,214.150000,1
589,852,2153,51,2022-04-09,242.240000,0
807,460,2388,56,2021-03-08,550.100000,0
2244,680,2916,45,2022-04-26,927.090000,1
2730,446,298,57,2020-04-26,718.720000,0
193,367,4913,41,2024-05-18,373.420000,1
1099,850,386,64,2020-04-11,579.360000,0
75,964,538,76,2021-11-04,323.080000,0
2430,869,4663,30,2024-12-14,953.170000,0
436,423,3710,17,2020-04-24,625.350000,0
394,892,4024,59,2022-10-15,547.080000,1
576,606,1418,68,2023-09-11,822.370000,1
1950,701,4301,65,2024-12-26,327.110000,0
903,747,1835,4,2025-01-18,469.670000,0
1266,900,366,12,2023-04-29,767.980000,0
1231,193,4788,20,2022-07-31,428.710000,0
1241,767,786,64,2023-07-11,301.490000,0
2482,527,207,98,2021-05-13,98.260000,0
1355,14,66,45,2022-10-08,541.220000,0
2264,888,4080,86,2021-03-03,698.310000,0
69,290,4733,78,2021-05-10,651.760000,0
1792,722,4927,50,2022-08-31,474.820000,1
363,679,2767,64,2020-08-26,217.400000,0
1573,145,552,31,2020-09-15,557.760000,1
13,758,3299,51,2024-06-15,946.410000,0
1890,942,952,2,2020-03-03,767.340000,0
426,45,227,48,2021-12-09,234.120000,0
1337,251,3679,43,2024-04-01,230.940000,0
2199,702,3710,21,2021-07-22,625.350000,0
1325,609,4065,40,2023-12-18,745.130000,0
1881,689,3797,84,2024-06-08,523.070000,0
235,768,439,19,2023-12-27,567.690000,0
1996,393,3135,85,2020-01-09,137.750000,0
382,262,997,44,2024-04-26,869.440000,0
2189,634,4786,63,2020-12-30,935.510000,1
1918,219,1100,20,2020-04-29,330.730000,1
1217,445,2142,28,2020-11-04,427.350000,0
504,794,3526,30,2023-01-23,173.800000,0
2993,667,3144,15,2020-04-20,426.310000,0
631,78,3560,67,2024-07-11,325.800000,0
291,499,4980,26,2021-10-23,547.390000,0
1320,302,4425,87,2020-01-14,968.460000,0
160,825,2144,5,2021-01-19,914.600000,0
2707,804,3237,48,2022-10-04,59.360000,0
2717,782,1126,45,2022-04-14,432.090000,0
2723,208,3291,72,2021-09-12,630.930000,0
1209,675,2913,59,2023-08-03,222.650000,0
1718,63,3660,31,2020-07-18,485.130000,0
350,93,3788,93,2021-12-23,992.070000,0
443,912,1623,40,2024-06-01,337.280000,1
1561,441,4220,47,2020-05-31,45.640000,0
231,212,4442,17,2023-01-23,44.060000,0
2005,284,4718,83,2021-05-07,333.240000,0
2108,484,4860,21,2023-12-28,672.740000,0
1680,999,1514,96,2023-07-29,692.950000,0
1695,345,2880,91,2024-07-15,765.060000,0
2554,362,1522,4,2024-11-15,862.400000,1
2364,264,4005,24,2022-09-06,103.220000,0
977,171,4410,78,2021-01-30,171.510000,0
2306,391,3237,47,2021-06-20,59.360000,0
2983,894,670,11,2021-07-23,869.030000,0
1659,486,4462,70,2020-11-14,850.430000,1
530,215,3205,77,2021-03-02,171.910000,0
2765,121,1443,24,2024-07-16,279.210000,0
1358,638,3154,27,2022-03-17,369.820000,0
949,339,1242,92,2023-03-02,22.660000,0
2982,395,3789,72,2022-10-29,88.460000,1
1929,321,1364,39,2020-11-17,591.480000,1
1290,169,1380,31,2023-10-11,517.140000,0
2814,731,400,98,2021-11-12,25.660000,0
406,455,4798,66,2023-10-03,238.880000,0
840,403,1014,44,2024-08-07,417.450000,1
2174,515,2044,72,2024-03-24,321.850000,0
1917,905,4669,14,2024-07-23,420.490000,1
2614,804,3276,59,2024-05-27,102.570000,0
1802,921,873,54,2020-05-22,273.830000,0
1785,580,2387,8,2024-04-30,842.750000,0
1497,655,1515,13,2024-03-09,87.570000,0
1790,825,3443,54,2020-11-07,210.410000,0
215,648,3262,39,2022-02-04,562.900000,0
2571,311,2177,73,2023-03-12,271.520000,1
500,343,1626,19,2020-09-16,493.380000,0
1022,88,1876,28,2020-07-17,515.740000,1
24,747,2795,39,2023-06-18,453.830000,0
1062,503,2312,27,2020-07-15,207.910000,0
210,634,3696,40,2023-01-03,505.980000,0
1072,410,2685,97,2023-10-05,931.910000,0
1482,987,3556,69,2020-04-06,375.100000,0
1755,195,4833,64,2022-09-19,642.910000,0
1583,23,1768,100,2024-06-06,881.240000,0
188,962,4913,70,2023-09-18,373.420000,0
2479,898,2287,58,2023-04-29,233.580000,1
2293,108,1102,37,2020-03-23,940.760000,1
2136,830,262,43,2020-12-13,895.880000,1
2776,83,3204,98,2024-04-23,445.240000,1
98,367,1151,56,2023-09-24,826.140000,0
2218,782,1802,83,2020-01-18,980.950000,1
1327,446,4750,5,2021-11-02,959.580000,0
2659,464,4310,53,2024-08-27,67.640000,0
708,432,846,28,2023-08-16,399.770000,0
1468,727,4117,8,2021-04-01,840.000000,0
2400,731,1157,8,2020-09-10,636.820000,0
2701,773,2164,92,2022-04-20,39.380000,0
978,377,152,82,2021-07-07,97.640000,0
1089,170,1392,97,2022-05-26,885.000000,1
2341,973,3877,25,2022-11-15,74.350000,0
2560,833,2973,30,2024-12-24,623.210000,1
2532,681,29,43,2024-02-23,265.500000,0
454,440,2914,6,2020-02-15,834.180000,1
2720,132,140,57,2024-08-31,978.760000,1
2475,734,132,91,2020-01-26,270.640000,0
2977,494,322,37,2024-07-22,68.220000,0
1860,473,1899,67,2024-10-05,670.830000,0
2079,856,3185,51,2024-11-30,975.780000,0
627,722,3657,89,2024-08-13,15.290000,0
2839,779,2641,42,2020-11-29,226.140000,0
30,683,3227,47,2021-09-04,710.760000,0
32,629,2552,15,2024-06-09,162.410000,0
710,310,4002,21,2023-04-22,728.900000,0
1567,125,1170,25,2023-01-19,664.540000,0
1539,934,3611,36,2023-07-10,954.930000,1
1634,965,1795,92,2024-09-17,696.980000,0
2578,730,4425,52,2022-08-13,968.460000,0
1147,792,2312,27,2021-09-23,207.910000,0
785,650,218,17,2021-03-30,771.310000,1
830,915,4365,77,2021-03-05,783.650000,1
577,714,1769,17,2021-05-30,164.380000,0
2547,523,3931,75,2021-10-18,64.030000,0
2440,936,3056,42,2021-04-15,995.660000,0
1340,373,3359,100,2022-03-10,740.650000,0
615,279,1675,96,2021-02-28,370.470000,0
2501,117,3932,29,2022-08-01,388.590000,0
906,322,334,32,2022-07-18,129.620000,0
1730,746,4393,32,2021-10-12,117.110000,0
2426,723,4432,85,2022-05-29,189.450000,0
1071,328,869,82,2020-05-18,643.620000,0
1832,464,214,42,2021-10-09,738.960000,0
1923,183,737,29,2020-12-10,489.480000,1
368,599,1177,9,2023-10-15,688.110000,0
705,682,4679,32,2024-11-02,970.130000,1
431,617,1475,61,2023-01-17,616.750000,0
1016,754,3138,99,2025-01-23,258.930000,0
2041,728,3976,5,2022-12-20,369.860000,0
2431,656,1857,57,2023-10-14,90.590000,0
2557,492,2778,30,2022-09-17,760.040000,0
419,112,2515,34,2021-07-09,833.550000,0
1064,494,1935,63,2020-02-16,507.130000,0
2555,492,3473,10,2020-06-02,784.340000,0
1056,793,2440,42,2022-05-27,171.460000,0
1324,89,3796,74,2021-06-04,123.280000,0
1848,197,2939,71,2020-01-29,29.940000,0
1069,628,750,96,2021-08-02,835.060000,1
2083,246,3155,31,2020-10-31,942.060000,1
1601,455,3838,96,2024-06-27,785.130000,1
2696,267,3082,16,2022-02-12,210.110000,1
1856,255,4028,33,2023-09-30,191.610000,0
1097,918,818,40,2024-02-01,96.680000,0
663,665,2081,30,2024-08-19,316.570000,0
2460,255,468,46,2023-01-20,425.960000,0
2539,503,98,30,2021-07-01,295.600000,1
2642,929,3830,15,2020-08-27,723.820000,0
428,285,891,46,2023-02-04,77.100000,0
133,608,2231,70,2021-08-13,222.640000,0
1465,111,3550,66,2024-04-06,273.800000,0
2525,348,2882,71,2023-02-13,486.160000,1
165,379,3022,23,2024-07-20,826.690000,0
2756,516,4193,51,2023-08-08,298.950000,0
1452,25,3249,91,2024-06-11,597.000000,1
1338,656,1210,12,2021-12-07,161.720000,0
932,696,4977,87,2020-02-20,691.480000,1
860,755,2681,27,2023-02-03,956.660000,1
2074,894,2035,43,2023-05-30,894.700000,1
717,955,3451,76,2020-07-07,55.600000,0
668,630,600,29,2021-11-08,125.260000,0
2907,915,557,1,2023-11-28,768.510000,1
2001,56,501,79,2023-07-29,885.170000,0
2351,285,1240,14,2020-07-04,803.550000,0
1884,22,1981,50,2024-03-25,172.540000,0
1684,625,891,78,2023-12-27,77.100000,0
2962,606,1549,89,2020-10-16,213.260000,1
2674,31,4936,38,2020-12-26,175.880000,0
2129,726,925,64,2022-02-12,614.680000,1
2217,339,1979,49,2022-02-23,165.850000,0
1908,456,1608,72,2020-03-27,94.820000,0
233,976,3410,49,2022-05-06,45.250000,0
109,237,924,49,2023-10-13,301.130000,0
366,963,2679,93,2020-01-16,825.890000,0
261,784,914,67,2023-01-29,412.430000,1
688,829,4996,89,2022-05-15,490.580000,0
1164,229,4545,82,2024-09-05,710.300000,0
1568,688,4397,21,2024-12-30,694.840000,0
140,335,3767,38,2021-07-18,706.460000,0
638,256,2004,71,2022-06-23,98.850000,0
1173,499,3380,94,2023-04-22,734.160000,0
766,608,4628,2,2024-07-22,36.450000,0
1367,777,4637,36,2023-07-22,786.890000,0
671,81,3320,53,2024-09-14,149.090000,1
1395,391,3549,68,2023-12-31,191.200000,0
1309,783,1718,18,2020-08-25,486.860000,1
2003,265,1230,27,2021-08-01,728.530000,0
957,915,4970,73,2023-12-27,695.940000,1
2309,803,1034,8,2021-07-21,184.220000,0
1879,498,782,77,2024-04-28,77.300000,0
1201,815,3117,10,2024-12-27,120.130000,0
1699,370,766,94,2021-07-31,765.960000,0
885,861,2129,37,2024-04-08,828.770000,1
692,792,3204,22,2021-10-19,445.240000,1
1751,294,2009,94,2023-09-05,98.400000,0
2897,584,1948,24,2024-06-07,71.360000,0
1903,87,3348,17,2023-02-03,667.720000,0
2230,268,1549,61,2021-10-15,213.260000,1
1271,241,2048,39,2020-02-13,655.190000,0
256,886,2221,29,2021-09-28,739.610000,0
2165,132,3694,36,2021-06-25,210.030000,0
1353,488,4302,12,2022-01-11,325.250000,0
546,989,1177,32,2022-07-15,688.110000,0
2384,63,2106,6,2024-10-13,955.640000,0
154,821,3320,23,2020-05-15,149.090000,0
20,290,2538,61,2020-07-21,970.000000,0
1245,603,2000,7,2020-06-27,601.370000,0
412,836,3080,94,2020-01-10,864.010000,1
348,580,165,81,2020-10-29,799.880000,0
1485,100,3129,57,2022-03-25,353.840000,0
468,322,3779,94,2021-04-18,155.910000,0
2049,121,3195,99,2022-08-24,652.590000,0
2782,899,1924,15,2023-10-24,80.720000,0
358,678,488,11,2023-10-02,794.280000,1
1516,53,2788,68,2020-10-22,891.230000,1
2570,424,352,90,2024-07-03,121.670000,0
2024,785,1163,22,2021-09-30,223.530000,0
1947,627,1360,90,2025-01-10,145.320000,0
1302,410,4406,55,2022-10-05,89.370000,0
553,715,3509,46,2023-03-06,520.350000,0
1808,278,2113,80,2020-03-01,893.900000,0
1945,455,1629,61,2024-02-18,472.750000,0
892,834,118,53,2023-01-27,649.830000,1
928,971,3688,58,2020-06-18,316.380000,0
1715,311,3732,76,2023-03-31,839.610000,1
122,956,4592,28,2023-07-04,934.300000,1
2455,620,4722,31,2020-07-08,402.030000,0
2265,965,2440,7,2021-12-07,171.460000,0
792,792,3610,21,2021-01-27,801.300000,0
2150,341,4703,64,2022-03-29,181.740000,1
303,998,3688,91,2022-11-25,316.380000,1
1692,914,4172,32,2022-07-11,933.270000,1
1017,31,304,74,2022-02-08,88.070000,0
1937,600,1892,10,2020-08-22,980.410000,1
1122,940,3014,36,2021-07-12,514.260000,1
1198,987,325,70,2023-10-10,75.850000,0
2180,353,3306,25,2024-02-10,417.510000,1
714,236,2678,100,2023-11-27,301.510000,0
1405,909,4591,51,2021-12-07,489.380000,0
1842,492,1824,28,2022-02-24,181.410000,0
2387,632,3147,67,2024-05-10,43.310000,0
1316,242,205,40,2023-05-28,420.810000,0
1086,177,713,48,2024-06-09,102.880000,0
1132,473,538,4,2023-02-27,323.080000,0
2927,676,1822,46,2021-11-22,766.520000,1
1944,738,966,26,2020-05-23,131.490000,0
1081,162,4808,50,2020-05-27,414.720000,0
1854,710,1165,63,2023-01-29,856.680000,0
1588,854,2500,16,2022-11-13,800.550000,0
38,846,831,41,2020-11-09,188.660000,0
2138,379,2510,88,2022-12-02,475.450000,1
2356,308,4814,17,2024-01-18,583.090000,0
2580,806,1488,79,2021-01-16,263.440000,0
1377,140,1016,54,2022-08-11,579.330000,0
37,685,3764,90,2021-07-03,163.540000,0
867,674,4283,5,2022-05-27,516.770000,0
2496,989,2709,26,2022-12-02,942.070000,1
1982,163,4617,49,2023-06-25,376.290000,1
2324,148,4063,67,2022-04-21,190.250000,1
2432,619,1810,41,2023-04-23,486.710000,0
2379,879,661,56,2021-09-27,47.820000,0
1057,288,1545,41,2023-04-26,177.680000,0
2093,963,4120,63,2020-04-02,508.790000,1
1495,232,2760,96,2024-09-21,880.740000,0
1237,87,4257,19,2022-11-06,39.930000,0
2900,404,1860,41,2020-12-09,790.970000,0
2337,45,1143,56,2024-07-17,44.200000,0
1014,248,1544,30,2022-11-10,249.720000,0
103,283,3068,43,2024-02-26,866.280000,0
2576,925,4853,50,2023-04-03,272.770000,0
289,390,1763,75,2024-08-10,960.740000,1
1756,174,3917,35,2022-08-16,91.780000,0
2234,581,4431,25,2021-06-14,622.130000,0
1614,196,298,99,2023-10-04,718.720000,0
1422,805,3379,60,2022-04-23,754.910000,1
2500,865,4572,75,2020-12-04,943.750000,1
2254,345,2184,46,2020-08-05,374.810000,0
1119,981,2379,50,2023-04-25,207.540000,0
2075,165,4550,47,2020-02-10,849.320000,0
1171,222,4173,92,2021-03-26,882.340000,0
2922,331,1681,69,2022-07-04,725.810000,0
2757,557,3565,54,2020-01-22,158.800000,0
21,638,3907,84,2022-05-20,641.590000,0
1054,679,4002,100,2021-04-17,728.900000,0
1504,201,3059,78,2023-12-07,944.780000,0
2790,829,2779,19,2024-04-05,648.340000,0
914,75,693,79,2022-05-01,663.680000,0
544,212,196,8,2023-08-11,458.510000,0
2406,490,4225,6,2024-01-03,594.640000,0
151,302,1066,94,2023-07-20,417.780000,0
2445,773,4223,61,2022-08-28,287.410000,0
2375,96,1476,52,2022-09-07,640.960000,0
1505,220,2324,57,2021-11-25,39.570000,0
2322,738,1612,56,2021-09-16,541.550000,0
817,176,181,36,2022-10-16,246.310000,0
1226,624,486,24,2021-02-20,532.080000,0
2102,855,1327,60,2020-11-26,419.050000,0
2629,5,2564,84,2022-08-15,743.040000,0
2245,80,3154,16,2020-08-02,369.820000,1
2099,413,4575,55,2024-01-09,527.770000,0
36,326,2586,31,2021-07-23,521.810000,0
1517,970,443,73,2023-12-23,718.390000,0
1729,398,1036,85,2020-10-25,522.200000,1
392,963,2041,48,2021-08-29,208.480000,0
2457,626,584,55,2022-05-10,33.980000,0
1148,709,3119,13,2021-11-05,436.600000,0
2952,322,3788,18,2021-09-07,992.070000,1
2854,825,1638,31,2023-08-19,295.800000,0
2323,501,1218,90,2021-06-29,936.730000,1
891,738,4654,7,2024-06-30,42.870000,0
636,342,4783,17,2022-09-14,328.830000,0
1228,623,4023,55,2023-03-31,855.870000,0
226,512,4324,79,2020-07-18,559.930000,0
684,792,2863,5,2024-05-01,38.490000,0
1872,775,2346,76,2020-08-06,173.440000,0
1256,916,2648,53,2023-12-02,252.770000,0
460,337,987,52,2023-06-15,424.820000,0
676,255,2034,54,2020-04-16,193.790000,0
378,803,2608,70,2022-11-17,443.260000,0
214,958,90,71,2020-03-18,243.270000,0
831,331,2215,55,2023-07-31,817.410000,1
829,539,4426,68,2020-07-13,568.560000,0
955,1,1911,72,2024-11-11,339.860000,0
1518,494,4871,13,2024-01-15,907.680000,0
2420,648,4035,17,2020-08-17,261.720000,0
1169,159,1985,99,2021-10-10,228.440000,0
2017,614,4796,53,2023-02-24,458.590000,0
1,984,3439,50,2020-01-23,745.780000,0
276,777,4811,12,2022-05-18,87.210000,0
1767,717,89,90,2024-10-21,243.800000,0
1852,521,362,12,2022-07-19,951.800000,0
679,349,2745,3,2020-11-30,878.590000,1
416,402,1919,62,2022-03-26,412.910000,0
1357,726,118,100,2022-11-23,649.830000,0
2015,593,968,30,2021-04-21,311.200000,0
2846,693,1597,16,2024-10-29,248.420000,0
2295,903,2589,2,2022-04-05,135.980000,1
2778,600,3719,64,2022-03-16,110.450000,0
1675,759,4490,84,2023-09-11,310.970000,0
1869,979,1395,62,2022-08-20,682.480000,0
808,358,1558,41,2024-02-16,614.890000,0
2275,123,867,73,2023-02-20,503.580000,1
476,619,2295,82,2021-12-10,192.330000,0
104,780,2128,75,2024-04-09,315.930000,0
1103,313,1159,54,2021-04-29,985.380000,0
1332,133,4053,96,2022-05-31,352.120000,0
791,997,1959,85,2022-09-06,323.060000,0
743,800,3434,92,2022-06-18,137.920000,0
2433,85,4456,71,2020-11-02,659.290000,0
1584,423,4297,55,2023-04-26,335.190000,0
489,808,1382,77,2020-03-23,114.270000,0
2357,729,3961,2,2022-01-17,47.450000,0
881,5,4929,64,2024-08-15,651.220000,1
2179,711,3484,4,2021-07-31,255.760000,0
2239,809,3456,64,2022-06-15,360.710000,0
559,701,435,96,2024-12-19,987.310000,0
1484,125,414,17,2023-10-18,445.350000,0
593,919,4895,28,2020-08-18,341.630000,0
2104,984,1947,29,2023-02-25,579.220000,0
1254,393,3709,48,2020-08-07,951.750000,1
2859,87,3790,46,2022-02-28,164.080000,0
2287,186,3675,35,2020-10-03,461.600000,1
1983,339,2235,96,2021-12-21,501.180000,0
1229,134,1079,76,2023-03-10,931.340000,1
2248,723,1561,16,2023-07-18,172.480000,0
1722,90,558,67,2024-04-07,184.380000,0
2913,46,1469,9,2020-05-08,588.240000,0
828,831,1753,20,2024-10-06,452.630000,0
2103,393,821,45,2023-01-29,742.300000,0
1018,735,2207,22,2020-11-05,826.090000,0
990,540,1557,26,2024-11-23,279.430000,0
1223,670,4292,67,2024-06-13,272.850000,0
1116,175,2033,80,2022-12-12,776.280000,1
1586,42,1902,74,2022-02-08,83.370000,0
2477,923,2262,8,2022-10-16,716.240000,0
682,941,3695,34,2023-10-22,783.560000,1
793,105,1310,89,2023-08-02,914.210000,1
2978,559,636,7,2024-01-19,107.630000,0
2744,277,1895,100,2022-02-16,73.830000,1
913,756,2801,1,2021-12-07,22.730000,1
1094,544,907,60,2022-02-06,903.160000,1
72,272,3325,27,2023-10-08,67.030000,0
800,49,901,100,2023-03-25,494.360000,0
1397,935,1960,69,2024-11-25,960.110000,1
2350,493,3485,70,2023-11-04,662.350000,0
2543,390,175,68,2020-01-12,266.590000,0
1905,742,1612,54,2024-03-08,541.550000,0
1521,915,2253,6,2024-11-21,240.700000,0
1637,849,4854,38,2020-03-17,834.810000,1
1658,13,3041,64,2021-08-14,643.530000,0
1124,902,2681,88,2024-03-02,956.660000,0
661,642,2031,29,2025-01-16,856.980000,0
895,872,833,2,2022-10-26,619.200000,0
2471,612,430,5,2022-05-10,401.260000,0
2853,961,4985,75,2024-10-10,307.650000,0
1667,251,4271,40,2020-05-14,366.000000,0
1410,873,4958,34,2020-04-10,669.910000,1
969,452,2468,8,2020-12-09,250.160000,0
2340,901,179,36,2024-11-09,595.950000,0
2486,523,16,84,2021-02-01,754.510000,0
1975,350,1578,48,2022-10-29,443.230000,0
2876,734,4876,59,2020-01-27,791.530000,1
1010,754,2973,55,2023-01-28,623.210000,0
2395,1,3397,16,2020-10-05,287.390000,0
2745,201,2473,67,2022-04-24,269.640000,0
882,373,2167,42,2020-10-02,197.390000,0
2503,613,2096,89,2021-03-03,822.600000,0
2708,177,4528,50,2021-10-19,237.670000,0
2380,871,3500,78,2023-01-12,325.560000,0
1287,428,3300,54,2024-11-18,622.420000,1
252,428,1006,23,2021-10-07,632.330000,0
1005,434,2684,27,2020-04-17,20.520000,0
524,461,2120,39,2024-11-15,956.700000,0
591,927,4226,55,2020-05-04,791.780000,0
1418,847,3523,10,2022-05-17,232.270000,1
2681,335,1280,41,2025-01-18,571.230000,0
92,419,4008,65,2024-11-10,521.310000,0
2652,697,213,53,2022-01-01,568.070000,0
1412,843,619,64,2023-04-15,902.300000,0
1702,764,1364,35,2024-04-10,591.480000,0
379,422,4292,93,2020-04-30,272.850000,0
1048,611,2119,40,2022-11-28,188.320000,0
2416,977,2518,93,2020-10-04,404.430000,0
2636,878,4824,7,2020-02-19,443.610000,0
2725,941,3879,45,2020-02-03,452.210000,0
1436,994,135,63,2022-05-31,65.020000,0
1522,906,2478,51,2023-04-17,353.540000,0
2410,703,4338,67,2020-08-08,949.480000,1
2353,970,3639,88,2020-11-29,271.870000,0
2472,19,353,29,2021-12-02,216.350000,0
600,160,944,66,2021-07-05,459.720000,0
2382,723,424,38,2020-02-21,262.140000,0
1768,671,631,19,2020-01-24,949.440000,0
142,597,3377,5,2022-02-14,326.810000,1
2545,203,2628,70,2021-05-03,569.400000,1
2307,834,1139,32,2020-11-11,673.460000,1
1727,235,2541,84,2021-06-05,535.650000,0
219,910,1247,81,2022-01-25,441.450000,1
241,433,3237,93,2020-02-28,59.360000,0
272,201,3426,66,2023-06-03,966.140000,0
1399,5,4787,15,2022-02-04,491.260000,1
1694,908,1887,69,2021-04-13,766.700000,0
694,821,1942,58,2024-09-26,918.950000,0
1512,73,371,91,2024-12-12,325.830000,0
1454,106,1081,19,2021-01-16,291.190000,0
1142,392,158,85,2021-11-17,868.350000,1
137,795,1539,42,2024-06-23,693.740000,0
106,789,4717,17,2021-03-15,991.510000,0
1781,968,1289,56,2020-01-13,433.740000,0
2013,357,163,59,2022-07-05,94.480000,0
2263,55,3534,33,2022-07-07,670.340000,1
99,975,455,4,2024-12-19,346.540000,0
1330,722,3311,77,2021-03-29,680.380000,1
462,73,1143,2,2022-03-29,44.200000,0
274,630,4107,51,2024-07-17,272.300000,0
1255,72,3910,55,2024-12-13,829.840000,0
162,367,3417,77,2024-10-18,761.870000,1
352,537,744,28,2023-01-27,901.200000,0
2873,180,249,71,2021-06-05,264.690000,0
1032,544,4780,5,2021-12-06,404.440000,0
1558,592,1026,86,2021-01-06,272.740000,0
127,733,57,16,2022-12-12,469.000000,1
880,399,456,92,2021-12-22,828.320000,0
967,406,1705,66,2022-03-06,592.480000,0
1607,109,841,79,2021-07-24,843.400000,0
1242,631,3484,71,2020-10-26,255.760000,0
508,631,2166,1,2024-05-26,928.230000,0
2768,209,3280,82,2020-07-12,489.510000,0
673,133,4060,8,2023-12-29,941.870000,0
2211,225,2436,22,2024-07-14,892.230000,1
465,540,1774,88,2022-03-05,761.330000,1
52,599,450,10,2023-10-01,172.280000,0
45,188,2582,50,2021-03-14,976.230000,0
1281,482,4104,81,2024-09-10,573.380000,0
15,608,3166,88,2022-08-28,503.120000,0
1861,799,113,26,2023-08-02,855.340000,1
1818,681,2086,60,2023-06-02,874.140000,1
2310,774,496,69,2023-04-18,147.550000,0
2857,948,1398,23,2021-10-14,223.050000,0
2662,846,2827,56,2021-06-25,614.030000,0
185,866,1033,11,2024-10-29,360.550000,1
704,253,1615,38,2020-02-08,754.590000,0
1328,414,4118,96,2021-05-26,362.210000,0
421,223,3906,56,2021-09-28,179.960000,0
672,107,1680,12,2024-07-21,417.730000,0
2334,477,1405,62,2021-09-24,166.500000,0
1106,635,1644,100,2021-06-06,997.210000,1
2057,482,3967,42,2020-08-11,451.330000,0
2419,980,1789,25,2024-04-06,919.440000,1
2834,781,4311,31,2025-01-24,971.430000,1
121,672,4246,9,2022-06-18,847.990000,1
2279,543,4919,96,2022-05-11,79.530000,0
983,563,2171,31,2020-10-01,240.600000,1
2498,472,2344,100,2024-07-21,613.420000,0
1954,252,4725,68,2023-07-22,41.630000,0
2256,768,3037,80,2022-08-07,285.650000,0
3000,47,3432,69,2021-04-14,409.660000,0
1744,870,666,46,2022-10-09,436.380000,1
295,712,980,88,2021-05-28,236.860000,0
1749,458,1578,59,2020-08-12,443.230000,0
1580,347,2290,83,2023-07-25,191.460000,0
2202,504,229,56,2023-11-12,529.440000,0
1544,288,625,58,2023-10-22,608.330000,0
2538,961,130,97,2021-04-05,303.410000,0
1052,181,1889,75,2023-05-30,707.920000,0
114,842,3550,45,2021-02-02,273.800000,0
2831,38,1855,8,2021-11-12,108.500000,0
2262,543,3195,19,2021-08-04,652.590000,0
689,219,4865,47,2020-04-06,741.640000,0
1652,439,2073,64,2021-10-28,500.790000,1
2969,203,3166,88,2023-02-17,503.120000,0
2269,976,1087,64,2020-10-19,626.630000,0
667,809,3844,18,2022-08-31,355.240000,0
410,157,2272,78,2024-05-02,374.150000,0
572,885,1328,41,2020-09-25,828.760000,0
2492,199,4834,86,2021-07-27,109.530000,0
1172,854,3697,55,2024-03-17,731.030000,0
1002,403,3669,91,2022-09-24,822.280000,0
1540,576,237,71,2023-11-12,990.880000,0
2411,56,4427,76,2024-04-27,182.110000,0
2634,466,4675,2,2020-04-29,415.800000,0
2390,856,519,15,2022-01-13,938.860000,0
2167,329,2848,79,2022-02-02,658.660000,0
2101,711,1462,83,2020-02-21,969.640000,0
391,422,68,13,2022-12-21,131.510000,0
1125,639,2375,35,2021-03-11,21.860000,0
2605,247,692,12,2020-06-16,759.880000,0
2519,856,4580,6,2020-09-22,138.310000,0
2964,86,2153,82,2022-09-09,242.240000,0
924,166,3841,39,2024-08-31,786.460000,1
278,609,4104,28,2023-05-05,573.380000,0
275,55,2413,72,2021-06-06,333.720000,0
872,889,2729,32,2020-09-21,460.660000,0
935,915,56,2,2024-09-18,942.780000,0
1015,641,3439,35,2020-03-14,745.780000,0
2494,872,4955,17,2020-01-07,735.850000,0
2201,296,4741,29,2024-07-04,210.910000,0
1391,429,3220,61,2023-07-16,144.250000,0
2226,818,2463,27,2022-04-15,770.460000,0
1596,851,561,48,2024-02-02,293.870000,0
205,178,3005,40,2023-01-12,930.850000,0
1303,754,1088,9,2021-08-13,438.810000,0
816,454,2819,95,2021-12-08,15.220000,0
351,746,2612,15,2021-12-22,68.250000,0
2413,582,798,8,2024-07-22,169.510000,0
2588,231,4231,52,2024-12-21,994.530000,0
1259,498,4866,55,2021-10-23,709.050000,0
1393,459,3058,89,2024-01-26,51.920000,0
1577,453,3257,51,2021-08-12,723.020000,1
556,402,4501,61,2020-10-05,685.820000,0
598,567,3933,45,2020-10-15,129.660000,0
248,947,1624,69,2023-06-03,796.250000,0
1386,289,2392,82,2021-12-21,388.580000,0
119,159,2807,92,2023-11-01,141.910000,0
2391,63,2500,43,2024-04-29,800.550000,0
2905,500,3694,61,2021-12-02,210.030000,0
324,539,3337,34,2022-09-06,660.360000,0
1878,240,2774,30,2022-08-06,54.730000,0
2896,282,1889,99,2022-01-13,707.920000,0
2793,221,4107,23,2020-05-11,272.300000,0
1759,403,1142,70,2021-08-31,492.160000,1
2442,560,4588,75,2023-04-11,569.590000,0
326,139,1246,64,2022-07-01,526.940000,0
1624,782,1802,77,2023-09-10,980.950000,1
375,337,1580,73,2024-08-20,529.460000,0
2691,634,1220,31,2022-04-06,671.220000,0
2961,627,1258,96,2022-12-27,246.400000,0
2986,549,3443,91,2024-10-09,210.410000,1
1640,687,4265,62,2023-09-06,305.090000,0
2517,311,4706,98,2021-04-12,922.360000,0
763,343,3583,77,2021-03-02,344.330000,0
721,40,4922,5,2021-12-23,40.150000,0
1591,877,829,57,2024-01-02,628.520000,0
115,876,626,10,2021-07-23,333.690000,1
629,27,4586,87,2020-04-27,275.900000,0
2124,492,1787,3,2021-06-27,448.740000,0
1283,789,4192,63,2021-02-08,609.880000,0
2534,67,2969,24,2021-01-31,114.270000,0
1876,75,3497,5,2021-09-07,701.760000,1
536,797,4363,20,2021-11-20,528.130000,1
65,626,3805,92,2024-05-12,916.980000,0
1305,946,2207,81,2022-02-18,826.090000,0
535,208,4405,24,2020-12-20,770.260000,0
1178,459,4085,96,2025-01-03,872.820000,0
1009,478,1224,42,2023-03-23,489.220000,0
617,480,2380,24,2023-02-07,228.320000,0
2902,414,2611,5,2025-01-20,394.280000,0
371,592,158,77,2021-04-01,868.350000,0
1067,340,2451,98,2023-04-22,688.970000,0
1451,225,4146,51,2022-02-23,46.110000,0
1461,986,2898,7,2024-10-02,322.230000,0
505,157,3643,4,2023-09-20,933.570000,0
1042,412,661,36,2022-01-28,47.820000,0
164,733,169,62,2021-09-30,324.210000,0
2863,741,3073,15,2022-06-28,788.340000,0
76,685,2566,42,2020-07-10,927.160000,0
1190,290,1429,35,2023-10-25,576.490000,0
2684,704,850,75,2022-08-10,595.800000,0
1066,275,943,92,2020-07-09,14.990000,1
1720,52,4621,85,2022-06-03,164.650000,0
575,953,4851,34,2024-10-10,155.030000,0
1821,128,1301,78,2023-12-12,692.510000,0
735,927,1056,27,2024-03-06,995.450000,1
2345,387,2341,77,2020-12-28,256.390000,0
2987,893,4066,5,2021-05-03,47.670000,1
2288,65,3180,9,2024-06-22,747.160000,0
847,675,2112,34,2020-05-30,356.630000,0
369,479,1830,86,2021-07-28,436.650000,0
2283,451,2861,41,2024-09-02,530.450000,0
2675,424,3403,29,2023-09-21,699.160000,0
2593,242,920,4,2023-08-27,579.760000,0
2801,584,1544,41,2021-03-11,249.720000,0
1791,988,4684,57,2020-04-03,547.840000,0
2609,509,1341,24,2023-06-20,485.870000,0
89,931,3542,57,2024-10-07,483.520000,0
982,748,2077,52,2023-08-03,317.130000,1
541,340,2331,93,2021-03-19,964.850000,1
2033,333,288,81,2024-01-06,347.470000,0
170,811,3667,37,2024-07-21,655.020000,0
2512,6,221,99,2022-02-22,109.550000,1
1137,194,4737,51,2020-01-25,550.150000,0
2903,18,2143,17,2020-04-12,572.140000,0
769,132,2877,52,2022-08-23,904.610000,1
2491,755,4170,5,2023-08-15,192.450000,0
1820,712,4728,38,2024-07-27,635.610000,0
2653,790,2789,70,2024-05-25,162.160000,0
628,101,3272,19,2023-07-25,202.620000,0
2763,478,1629,26,2024-12-30,472.750000,0
232,582,3402,45,2020-02-01,633.110000,0
1859,47,1591,38,2020-05-12,496.540000,0
1093,182,2058,3,2021-08-10,753.540000,1
2611,452,2428,45,2021-01-04,540.830000,1
1763,411,2390,43,2020-06-25,315.230000,0
2647,905,641,59,2024-02-21,255.740000,0
1487,494,4905,33,2024-05-31,768.650000,0
190,340,1908,6,2020-10-07,90.430000,0
2754,204,4007,73,2022-11-26,454.210000,0
1076,796,284,10,2022-03-22,305.480000,0
894,521,643,64,2023-10-20,119.450000,0
532,812,853,1,2021-05-13,742.480000,0
646,408,2453,14,2021-05-13,363.940000,0
2396,924,1849,18,2021-01-29,987.910000,1
2153,966,1629,46,2023-07-03,472.750000,1
722,15,786,15,2022-12-06,301.490000,0
1765,7,2512,48,2024-05-20,234.900000,0
1006,690,1515,39,2022-12-20,87.570000,0
2456,634,4442,90,2024-11-16,44.060000,0
1111,210,505,56,2020-04-04,864.310000,1
2252,681,635,66,2022-11-04,968.210000,1
2541,934,3515,12,2020-01-16,135.750000,0
5,840,4377,65,2020-08-24,980.320000,0
1656,284,488,41,2023-11-09,794.280000,1
1762,801,4161,14,2021-10-09,976.240000,1
2470,939,478,41,2024-12-08,875.580000,0
877,125,1040,86,2021-05-07,627.310000,1
788,682,4487,96,2022-01-03,610.230000,0
1252,318,4502,31,2022-07-05,915.250000,0
2452,322,3882,16,2021-04-27,645.300000,0
612,342,4873,62,2023-09-08,30.540000,0
2975,376,3411,60,2020-12-15,814.360000,0
1931,454,2457,46,2022-12-24,755.510000,0
516,136,4066,80,2021-07-10,47.670000,0
1528,329,2551,99,2021-08-30,450.440000,0
1037,856,4339,100,2024-12-16,351.880000,1
455,936,3376,23,2020-10-07,277.170000,0
2349,477,165,66,2023-02-27,799.880000,0
778,379,2936,16,2024-11-13,27.330000,0
1036,180,803,32,2022-10-21,340.210000,0
651,318,1319,38,2024-03-14,918.810000,0
260,527,272,95,2020-04-18,35.030000,0
2843,263,1245,33,2021-01-27,364.930000,0
652,799,4116,98,2022-09-30,911.380000,1
1795,477,1120,83,2024-01-15,643.490000,0
172,125,3179,13,2020-03-21,123.270000,0
173,985,4343,31,2020-07-25,817.900000,0
2680,169,331,40,2021-07-02,994.170000,0
339,868,312,54,2020-08-25,440.400000,0
2722,423,900,62,2020-12-22,691.540000,0
310,877,448,28,2020-08-10,412.660000,0
697,581,2910,40,2020-02-25,179.820000,0
1074,871,4551,81,2024-10-15,687.110000,0
2070,914,1048,67,2021-10-21,752.570000,1
2444,403,1893,100,2020-07-30,943.310000,0
1227,381,2485,88,2023-04-17,513.220000,0
1398,559,3306,2,2021-02-03,417.510000,0
2421,257,54,34,2022-04-15,361.960000,1
1300,320,724,38,2024-03-25,789.900000,1
1867,802,1335,54,2024-03-08,321.030000,0
784,509,2357,14,2022-03-22,625.940000,0
1264,537,4740,82,2022-12-24,991.870000,0
1569,192,2514,52,2022-06-21,219.360000,1
1389,664,2811,98,2022-09-10,532.340000,0
201,63,1518,79,2022-12-20,234.600000,0
1725,825,314,60,2020-06-05,142.140000,0
2882,617,1153,59,2024-12-26,946.350000,0
2,98,1688,27,2021-05-21,572.300000,0
1007,292,3355,82,2021-12-29,273.060000,0
945,389,1133,17,2020-02-28,508.990000,0
1757,99,3351,87,2024-07-07,95.700000,0
1133,482,3606,8,2022-08-15,208.170000,0
565,193,3530,9,2023-03-25,473.680000,0
1467,447,2991,43,2023-09-21,43.110000,0
823,344,1530,49,2020-03-19,443.340000,0
2131,733,2983,12,2021-09-11,113.910000,0
300,602,1280,88,2024-10-31,571.230000,1
2424,474,1591,42,2023-06-02,496.540000,1
775,653,81,47,2020-12-16,221.490000,1
2261,799,3216,38,2022-02-05,706.760000,1
976,848,3176,67,2024-02-25,193.520000,0
654,924,2160,37,2021-08-19,780.820000,1
1883,683,2368,77,2024-10-22,868.010000,0
2880,114,2694,100,2024-08-30,324.840000,1
509,313,3220,11,2022-08-27,144.250000,0
435,880,3361,15,2023-10-18,867.010000,0
1321,57,1762,27,2023-07-06,774.410000,1
1952,876,423,47,2021-07-31,945.350000,1
2739,943,56,25,2024-12-02,942.780000,0
1100,229,3979,68,2022-02-12,200.680000,0
2549,235,4330,25,2020-02-05,290.040000,0
1617,553,3605,11,2020-02-28,763.700000,0
2328,729,881,1,2021-04-18,789.590000,0
182,604,4550,93,2021-06-16,849.320000,0
2343,161,3741,9,2021-02-11,258.090000,0
2548,620,1863,4,2020-09-13,245.420000,0
833,181,1994,7,2022-05-14,29.700000,0
557,516,3031,3,2022-04-05,462.790000,0
1092,584,4645,30,2022-03-21,27.220000,0
2443,28,1518,55,2021-01-22,234.600000,0
1572,48,3619,53,2022-06-04,612.660000,0
561,241,4706,24,2024-08-24,922.360000,0
814,521,3691,62,2021-11-19,340.050000,0
2314,248,4049,31,2020-07-31,20.300000,0
473,828,2450,19,2020-02-21,585.620000,0
886,701,867,37,2023-12-14,503.580000,0
422,613,1267,11,2022-07-24,450.220000,0
1105,187,3023,85,2020-08-18,905.230000,1
450,90,1854,60,2022-01-24,776.450000,0
2635,452,878,26,2024-09-12,384.540000,0
1050,819,1013,47,2021-10-05,425.480000,0
2059,386,3290,44,2020-01-05,293.620000,0
2700,746,715,16,2020-01-09,163.950000,0
2979,717,433,90,2024-03-28,820.530000,0
311,575,3207,25,2024-01-01,141.400000,0
1310,851,4025,72,2020-09-28,581.930000,0
669,830,3880,56,2020-09-18,142.060000,0
2769,700,3913,21,2020-06-22,473.000000,0
331,805,2061,10,2020-04-18,630.190000,0
2060,313,1449,57,2021-05-05,182.380000,0
942,782,4836,14,2021-12-30,118.380000,0
2168,117,3269,98,2021-09-01,464.780000,0
120,188,2322,31,2020-09-25,642.670000,1
973,751,2138,97,2022-01-16,454.810000,0
1407,15,3947,15,2020-02-12,344.310000,0
2995,687,770,47,2023-10-13,598.780000,0
2333,735,4023,2,2024-08-08,855.870000,0
2670,937,4288,67,2020-11-05,421.280000,0
1769,963,3355,78,2020-06-13,273.060000,0
1874,617,1944,72,2021-03-19,449.390000,1
2071,581,4897,31,2024-06-18,954.400000,0
579,493,1115,66,2023-08-11,820.130000,0
1162,152,4018,63,2023-02-15,561.990000,0
2032,639,3748,24,2020-05-30,20.230000,0
448,704,4676,6,2021-12-16,842.360000,0
941,505,4145,28,2020-05-26,37.880000,0
1372,73,4606,97,2021-11-07,974.430000,0
2386,910,2856,53,2021-08-22,916.080000,1
2043,251,2245,31,2023-05-06,447.540000,0
2628,450,3856,93,2021-10-06,230.750000,0
799,221,3781,55,2021-03-12,543.610000,0
921,90,1775,11,2021-01-03,230.010000,0
2490,674,1430,84,2021-04-17,233.360000,1
583,209,1770,67,2024-09-14,944.000000,1
1830,878,4099,45,2023-10-25,497.160000,0
2405,383,700,78,2020-06-15,860.970000,0
1833,421,4685,53,2020-01-02,991.940000,0
648,476,1314,37,2024-11-13,486.250000,0
2372,33,515,80,2023-07-18,465.530000,1
2278,792,1524,46,2022-09-28,161.530000,0
2425,824,4337,85,2023-08-06,249.980000,0
1871,469,710,52,2023-02-24,793.630000,0
1951,117,4220,65,2022-12-16,45.640000,0
2959,104,3584,72,2024-05-15,390.250000,0
1404,368,4416,100,2021-11-14,548.360000,0
1706,986,2143,35,2022-12-11,572.140000,0
1943,322,1487,49,2022-08-03,190.970000,0
1998,839,1544,58,2024-01-24,249.720000,1
623,582,4400,41,2024-09-14,553.130000,0
1587,328,2720,81,2023-06-28,98.670000,0
2980,843,1113,83,2024-01-09,239.500000,0
850,408,4620,67,2023-01-16,337.130000,0
2999,60,2389,99,2022-04-19,55.310000,0
259,655,3686,28,2023-01-17,271.700000,0
586,605,926,52,2022-07-14,589.670000,0
2030,253,578,11,2023-03-07,845.790000,0
1322,145,881,54,2023-10-23,789.590000,0
730,15,96,95,2023-04-29,520.090000,0
1602,432,4482,26,2020-10-21,50.530000,0
398,184,431,53,2021-03-04,804.000000,1
174,228,1216,76,2020-05-23,344.740000,1
1849,128,3091,6,2023-07-27,310.450000,0
1932,342,4719,58,2023-04-03,635.880000,0
2205,707,3693,53,2020-04-12,293.700000,1
2145,367,3499,13,2021-04-14,487.130000,0
1177,399,1867,68,2021-08-08,88.110000,0
1359,186,1412,84,2023-06-01,964.110000,0
958,628,2145,47,2022-01-30,646.600000,1
594,354,1689,46,2022-07-04,697.010000,0
1500,187,1581,70,2022-12-24,343.290000,0
1593,61,2405,6,2023-07-16,482.120000,0
2222,429,998,54,2022-04-23,823.190000,0
1354,397,1314,40,2024-08-19,486.250000,0
1350,571,1953,36,2022-11-29,873.380000,0
414,717,3777,14,2020-01-16,533.560000,0
2728,755,2676,60,2023-07-23,344.180000,1
856,79,919,27,2024-12-04,315.320000,0
2361,872,690,1,2025-01-06,700.410000,1
2631,882,3878,57,2020-12-19,609.310000,1
2042,249,1447,91,2020-05-03,248.840000,1
596,851,3069,50,2021-11-15,314.340000,0
1964,487,2840,58,2022-09-01,36.860000,0
2564,221,2612,80,2023-09-17,68.250000,0
2942,71,4723,26,2023-09-11,588.920000,0
2802,256,1773,56,2020-04-12,113.950000,0
2664,102,3407,82,2020-04-24,878.690000,1
2009,294,3901,63,2022-12-24,561.910000,0
1970,14,816,5,2023-03-23,877.720000,0
2819,999,381,34,2022-04-28,210.950000,0
153,727,3522,45,2020-11-21,742.850000,1
507,400,4222,82,2024-06-06,129.220000,0
2820,560,1349,28,2020-06-11,848.790000,0
2883,861,957,88,2024-06-11,381.330000,0
2143,633,1577,74,2024-12-10,939.160000,0
1203,467,1890,87,2022-02-11,432.540000,1
2338,536,1902,56,2023-05-31,83.370000,0
2727,927,2658,39,2023-02-26,637.920000,1
2856,943,2268,91,2023-07-28,536.190000,0
237,208,1419,83,2023-07-22,313.890000,0
1352,258,4544,24,2023-12-09,432.030000,0
2552,299,2831,43,2023-05-15,362.680000,0
329,713,1339,29,2022-01-16,24.930000,0
2232,340,3449,26,2022-05-16,374.630000,0
1907,491,2094,23,2022-12-28,567.410000,1
187,946,4587,54,2020-09-21,908.690000,1
2112,337,1397,80,2022-04-21,216.620000,0
756,91,4712,89,2023-10-02,72.720000,0
843,237,4995,100,2020-02-28,172.000000,0
2170,147,4241,78,2020-05-26,229.150000,0
951,838,1368,82,2023-10-13,329.320000,0
2530,119,2479,2,2023-12-06,355.410000,1
1191,561,930,78,2023-03-29,820.340000,0
812,85,2305,54,2020-12-22,58.550000,0
543,185,3098,97,2021-08-24,46.530000,0
2954,804,3249,93,2020-11-03,597.000000,0
1789,103,2983,40,2023-09-07,113.910000,0
1249,59,4057,27,2023-07-11,711.900000,0
1224,37,4131,18,2020-01-17,368.580000,0
1130,671,1038,36,2022-07-19,164.910000,0
570,155,4918,20,2023-05-17,109.700000,0
2025,456,626,31,2021-09-20,333.690000,0
2130,647,827,89,2021-11-06,673.650000,0
2280,971,366,67,2022-09-16,767.980000,0
2134,605,3952,19,2023-03-09,697.550000,0
2446,187,2690,99,2020-02-06,388.090000,0
1743,814,3550,7,2021-03-06,273.800000,0
884,543,3705,1,2021-06-08,724.610000,0
863,326,4669,92,2024-05-05,420.490000,0
2992,558,2852,46,2022-03-16,343.160000,0
2459,71,3033,26,2021-09-09,316.090000,0
211,179,2742,85,2024-01-31,983.890000,0
2948,593,317,93,2021-09-24,334.860000,0
1288,393,738,19,2024-10-29,545.650000,0
2649,812,1667,81,2020-05-02,124.400000,0
2427,406,3884,17,2024-02-16,287.840000,0
1033,428,1901,97,2020-09-21,706.330000,0
2938,525,1393,26,2023-11-29,362.600000,0
279,585,3496,22,2022-05-07,412.200000,0
2178,125,1965,79,2022-02-16,598.690000,1
2711,242,1045,80,2022-11-09,539.170000,0
1783,815,3688,33,2020-09-27,316.380000,0
2746,303,2141,24,2023-06-05,120.590000,0
846,3,1804,3,2024-01-07,86.010000,0
901,158,1897,97,2024-10-26,856.220000,0
16,900,990,27,2024-02-25,40.050000,0
1368,40,3876,86,2020-09-01,490.590000,0
1938,787,4422,62,2023-09-04,179.090000,0
2429,694,936,51,2020-01-29,667.920000,0
459,599,2661,98,2023-04-04,242.820000,0
470,724,923,57,2022-07-30,250.890000,0
2523,104,4563,43,2021-03-02,848.760000,0
2011,419,1908,1,2024-02-17,90.430000,0
533,234,2041,52,2022-01-30,208.480000,0
1663,970,3411,61,2020-04-24,814.360000,0
1213,706,4393,90,2022-12-11,117.110000,0
724,419,2015,24,2021-02-19,267.450000,0
2467,505,1521,33,2020-12-08,233.140000,0
2127,616,1468,82,2023-02-18,397.990000,0
1053,590,4569,95,2023-03-14,853.790000,1
467,542,3195,21,2020-08-18,652.590000,0
2105,362,1374,45,2022-08-17,322.330000,0
887,492,2971,26,2024-08-18,59.650000,0
2401,513,3161,87,2021-01-12,494.370000,0
2317,127,4222,45,2024-01-30,129.220000,0
2468,449,224,88,2020-02-06,499.040000,0
337,718,2554,63,2022-08-20,253.940000,0
2550,266,1867,97,2020-09-08,88.110000,0
2901,523,3877,80,2024-06-07,74.350000,0
2142,802,660,30,2023-08-11,874.770000,1
1108,836,1156,5,2022-06-07,495.640000,0
2289,625,2299,12,2024-06-01,87.250000,0
845,33,1290,13,2024-07-08,473.410000,0
1001,170,519,43,2020-01-09,938.860000,1
2126,118,3141,4,2022-07-25,978.860000,0
1443,846,1749,49,2022-12-25,776.080000,0
1698,543,1295,58,2020-04-02,669.790000,0
1775,695,4005,67,2022-07-04,103.220000,0
918,371,1000,49,2023-05-02,164.860000,0
1369,645,4768,45,2022-02-22,931.850000,0
2514,65,2454,44,2025-01-21,865.910000,1
1650,719,2368,95,2023-06-03,868.010000,1
2735,984,1168,88,2022-10-22,142.510000,0
649,748,51,71,2021-12-26,582.800000,0
141,216,3558,93,2024-11-16,125.950000,0
2862,242,3514,91,2021-12-07,572.300000,0
167,314,3264,87,2022-05-13,329.240000,1
2373,562,1119,82,2022-12-27,781.170000,1
2187,17,4182,88,2024-06-11,906.740000,1
2366,408,1080,69,2023-09-29,856.560000,0
481,485,4955,61,2024-02-20,735.850000,0
1815,791,3889,68,2022-08-27,231.260000,0
537,5,3233,73,2022-04-22,891.120000,1
1230,789,166,27,2022-06-18,245.980000,0
1088,480,1532,2,2022-10-13,585.660000,0
2643,924,1126,2,2020-12-16,432.090000,0
2850,473,3876,72,2021-09-06,490.590000,0
1253,884,3456,67,2020-03-10,360.710000,0
630,997,2966,15,2020-08-08,579.130000,0
198,530,4224,83,2023-01-13,619.780000,0
1481,41,4457,51,2024-02-18,944.920000,1
1061,1000,3919,7,2023-08-11,928.380000,0
2671,674,3225,12,2020-07-28,527.810000,0
1527,317,3613,75,2023-06-23,324.270000,0
2606,534,3549,100,2023-04-06,191.200000,0
2988,221,4478,81,2023-11-09,417.300000,0
2791,702,4929,15,2024-12-23,651.220000,1
2339,629,2623,61,2020-11-09,42.750000,0
1059,222,2929,24,2022-11-22,327.170000,1
1463,557,973,58,2022-05-21,590.260000,1
1406,152,3630,5,2022-05-19,957.350000,0
245,5,4255,89,2022-04-08,751.740000,1
820,690,1951,76,2022-03-04,744.390000,0
8,12,3983,84,2020-11-19,235.400000,0
758,490,1372,58,2024-10-02,889.020000,0
1306,130,2162,10,2021-05-24,24.900000,0
2858,518,2982,40,2020-05-05,619.930000,1
2918,496,1045,31,2022-04-28,539.170000,0
327,131,1119,17,2020-12-18,781.170000,1
54,912,4849,67,2021-02-28,597.610000,1
2463,769,1809,47,2023-08-21,145.610000,0
1313,280,4680,13,2021-06-27,748.580000,0
620,540,2949,60,2020-07-03,888.050000,1
1887,505,4843,94,2020-06-18,615.910000,0
849,513,494,94,2023-04-19,587.770000,0
1557,971,3256,74,2025-01-14,246.060000,0
869,541,1248,32,2023-07-20,503.950000,0
1196,238,1122,22,2020-03-25,146.580000,0
1479,8,4305,24,2022-03-14,890.400000,1
1286,614,2864,3,2022-12-03,465.640000,0
77,41,3427,87,2024-11-20,462.020000,0
975,808,2816,67,2024-05-06,182.770000,0
2699,967,3444,24,2020-12-09,856.340000,0
875,774,4221,89,2024-07-10,739.860000,0
1753,461,395,85,2020-05-18,802.300000,1
2950,985,2731,44,2022-06-06,29.380000,0
1488,542,1491,57,2024-04-28,935.320000,1
132,828,17,44,2022-04-16,959.910000,0
2712,822,2690,11,2020-06-20,388.090000,0
501,361,4710,98,2021-06-28,987.420000,1
1696,608,3686,51,2022-08-19,271.700000,1
487,631,2759,24,2021-06-22,570.170000,0
1850,552,3741,15,2023-11-20,258.090000,1
889,856,2087,37,2022-11-18,443.890000,0
285,613,4933,78,2022-02-16,891.680000,1
1387,810,1370,42,2021-03-08,865.810000,0
1078,521,3761,49,2024-01-31,915.760000,1
744,432,4195,94,2023-04-21,231.610000,0
752,772,3809,39,2023-05-25,536.400000,1
1466,565,504,50,2022-01-21,27.510000,0
1635,121,3110,5,2024-08-19,928.660000,0
2887,390,150,29,2022-01-21,315.860000,0
2622,110,3151,78,2023-04-15,874.010000,1
851,628,4900,38,2021-01-26,171.170000,0
1682,604,278,41,2021-12-26,538.390000,0
1927,69,522,43,2022-09-18,13.390000,0
116,251,773,91,2022-04-25,163.930000,0
1380,908,4360,89,2020-07-10,198.070000,0
1275,751,73,77,2023-03-23,760.050000,0
2688,591,1425,48,2021-04-05,712.380000,0
1678,46,1753,26,2021-07-02,452.630000,0
587,337,3560,74,2022-11-19,325.800000,0
2718,867,233,73,2020-02-29,782.450000,0
451,747,4173,67,2021-03-12,882.340000,0
2526,90,4523,90,2021-11-09,775.490000,1
156,254,1278,44,2022-05-07,176.430000,0
478,150,4884,10,2024-11-23,310.880000,0
60,849,340,17,2021-07-16,972.880000,1
223,890,2473,44,2022-06-02,269.640000,1
126,881,3341,89,2023-08-08,292.480000,0
1151,331,4818,55,2024-12-07,357.320000,0
2274,353,4070,31,2021-07-12,84.630000,0
1776,304,3087,67,2023-04-12,956.090000,1
1721,300,3972,6,2022-07-05,397.740000,0
2272,797,3098,12,2024-04-10,46.530000,1
519,744,2717,19,2023-07-16,599.960000,1
1537,341,4658,7,2023-10-12,774.320000,0
2958,399,3060,49,2020-10-15,278.970000,1
2483,266,1648,13,2023-08-29,924.710000,1
2069,365,810,18,2020-04-27,977.400000,1
81,755,4505,11,2024-11-17,117.630000,0
2536,100,148,8,2020-06-03,996.110000,1
2971,808,4871,56,2024-06-19,907.680000,0
2304,19,1675,15,2022-07-26,370.470000,0
424,775,2475,83,2020-05-09,150.990000,0
143,569,4015,80,2023-03-02,736.060000,0
2063,5,4701,66,2022-05-07,608.450000,0
344,976,3648,26,2020-12-25,583.020000,0
2348,454,1574,59,2021-06-12,422.040000,0
916,46,180,22,2023-03-11,364.790000,0
2599,562,1157,36,2023-06-22,636.820000,0
2094,493,1526,98,2024-09-28,665.800000,0
844,26,681,39,2024-04-23,114.150000,0
2679,597,4433,22,2022-09-29,769.280000,1
2347,424,33,76,2024-08-30,159.290000,0
1899,127,1098,56,2021-12-08,285.200000,0
2529,269,3411,98,2022-02-01,814.360000,0
68,27,4696,36,2023-05-11,168.510000,0
90,342,1487,72,2020-01-03,190.970000,0
2602,503,2933,71,2021-05-24,238.580000,0
1251,269,3437,20,2023-12-05,783.220000,0
1748,70,840,71,2024-10-02,41.060000,0
1362,691,4069,5,2020-11-17,375.630000,0
2141,551,4752,70,2023-02-15,812.930000,0
1344,344,3897,3,2024-02-18,310.700000,0
2240,149,1808,11,2023-09-16,630.700000,1
1644,723,4570,24,2021-09-08,552.750000,0
1546,993,4829,38,2020-12-10,869.290000,0
1549,221,2726,94,2023-09-02,962.430000,0
2006,648,1122,20,2023-02-06,146.580000,0
625,862,956,27,2023-10-28,795.630000,0
2989,889,2440,28,2023-03-25,171.460000,0
1297,522,4500,59,2021-03-24,504.420000,0
2743,34,3294,14,2023-08-07,606.070000,0
444,966,2108,78,2022-03-23,751.420000,0
1985,116,4701,98,2020-04-30,608.450000,0
2388,214,3983,3,2021-12-18,235.400000,0
192,479,1069,13,2021-01-16,91.570000,0
998,330,1533,21,2022-02-19,751.770000,0
2196,908,4789,4,2023-02-05,391.750000,0
2149,792,105,53,2020-06-17,945.450000,1
1576,383,2749,81,2021-09-23,68.300000,0
2898,910,1927,34,2020-01-12,984.100000,1
163,177,61,34,2022-08-09,754.460000,0
984,665,4971,21,2021-08-09,976.180000,1
280,93,3468,68,2021-04-26,314.240000,0
1519,732,4702,4,2020-08-08,582.920000,0
740,611,417,90,2023-12-31,776.360000,0
2064,187,99,25,2022-04-18,157.050000,0
2985,418,787,24,2021-02-27,487.830000,0
1314,215,682,89,2022-04-15,190.700000,0
1277,143,1652,98,2024-10-07,411.130000,0
1649,445,454,75,2021-07-12,200.320000,0
595,118,4549,34,2024-04-07,188.330000,0
1351,141,1258,48,2023-11-21,246.400000,0
2156,791,1862,71,2022-07-12,263.980000,0
2119,804,1941,13,2021-03-10,423.440000,1
1746,205,4270,81,2023-03-26,638.610000,0
1533,786,1708,14,2021-07-13,625.080000,0
1021,221,1719,6,2023-08-16,930.460000,1
1083,632,1609,49,2023-03-01,533.450000,0
1940,225,4141,69,2023-03-08,543.290000,0
2721,908,4582,9,2024-11-21,630.800000,0
2255,465,3043,18,2024-05-14,485.580000,0
605,194,4663,73,2024-05-27,953.170000,0
1633,198,4387,15,2020-01-20,758.160000,1
1402,55,3079,22,2024-06-01,911.500000,1
956,516,2973,95,2022-04-18,623.210000,0
2147,173,785,55,2023-04-16,977.690000,0
1745,371,1965,74,2022-10-07,598.690000,0
2188,370,4465,61,2020-02-06,730.580000,0
1155,130,944,28,2022-05-24,459.720000,0
1490,886,2047,78,2020-01-21,122.440000,0
2082,793,1709,4,2021-07-24,817.550000,0
1312,576,3092,51,2020-06-04,308.410000,0
1653,517,1316,52,2022-07-03,775.550000,0
497,96,1801,41,2023-09-30,197.820000,0
1180,612,1392,56,2023-12-18,885.000000,1
221,262,4435,90,2022-05-11,522.420000,1
2994,276,3373,16,2020-08-03,533.750000,0
307,4,3929,83,2023-02-09,188.400000,0
946,272,3905,58,2021-02-04,293.080000,0
498,680,3910,63,2021-11-26,829.840000,0
2847,819,878,9,2024-09-06,384.540000,0
1570,667,1443,4,2021-03-02,279.210000,0
2936,41,1025,65,2024-08-05,221.520000,1
1285,627,357,68,2022-07-12,861.620000,0
317,508,4964,57,2022-02-27,580.930000,0
2302,686,597,55,2020-11-16,331.660000,0
2516,794,4283,8,2022-05-23,516.770000,0
699,42,4082,54,2024-03-30,479.290000,0
1891,647,502,50,2024-02-03,137.880000,0
2448,945,462,42,2021-05-20,531.400000,0
2092,631,2536,53,2023-10-10,458.520000,0
2321,313,3142,22,2022-03-31,776.960000,0
2813,749,4708,3,2020-09-05,86.540000,0
2409,147,3268,85,2024-11-23,521.250000,0
2924,742,31,64,2024-04-02,490.040000,0
962,224,731,83,2020-03-12,33.180000,0
2981,306,3842,50,2021-03-07,173.230000,0
2318,382,2166,63,2021-08-24,928.230000,0
1374,806,4476,15,2023-03-12,191.080000,0
2148,899,2149,11,2024-04-20,924.150000,0
1676,668,3220,80,2021-01-07,144.250000,0
2826,994,2504,13,2020-11-16,131.750000,0
390,962,2511,50,2020-07-05,486.600000,0
1144,526,3142,66,2021-03-20,776.960000,0
418,525,3290,3,2021-09-10,293.620000,0
727,515,1653,32,2020-05-14,497.890000,0
1163,578,2815,40,2022-08-14,761.040000,0
57,332,3449,90,2023-06-07,374.630000,0
488,692,1369,92,2023-03-22,632.460000,0
795,78,4225,80,2022-06-02,594.640000,0
1409,597,1499,57,2020-09-15,825.320000,0
2963,45,3875,27,2023-12-14,939.840000,0
558,512,1235,4,2022-08-18,67.140000,0
39,934,4586,8,2020-01-17,275.900000,1
2220,487,1576,61,2022-09-28,702.880000,0
1677,24,1055,3,2023-07-15,470.310000,0
2224,473,1545,23,2021-06-21,177.680000,0
388,857,1514,66,2022-04-17,692.950000,1
218,27,1612,6,2021-02-13,541.550000,0
746,70,616,98,2022-12-18,897.340000,0
1138,293,4948,40,2020-09-17,727.550000,1
1128,668,315,60,2025-01-05,634.830000,1
1687,863,3923,27,2023-08-19,142.280000,0
1963,916,4610,74,2020-12-08,986.220000,1
2940,211,4398,90,2023-06-24,988.780000,1
772,11,734,25,2024-12-10,675.070000,1
403,138,3888,34,2025-01-17,352.980000,0
2241,883,433,64,2023-04-17,820.530000,0
346,826,623,18,2023-07-19,225.480000,0
1408,93,1172,76,2023-05-24,583.650000,0
1953,589,274,49,2020-01-09,685.560000,1
2553,230,3502,66,2023-06-22,595.150000,0
1834,573,3164,88,2020-10-07,490.980000,0
384,225,2317,28,2020-05-06,271.210000,0
1685,786,3666,26,2022-11-28,554.380000,0
2374,129,2131,4,2024-04-07,363.790000,0
639,845,4969,91,2022-05-16,64.740000,0
2243,934,4247,83,2022-08-28,906.390000,1
1562,459,4561,23,2022-05-04,502.350000,0
1958,309,4263,62,2020-02-29,163.380000,0
158,142,117,85,2023-09-14,588.320000,0
2966,30,1805,90,2022-10-31,115.510000,0
2140,686,2475,74,2020-03-02,150.990000,0
2088,216,1450,72,2020-10-14,803.400000,0
726,396,4459,17,2024-05-14,85.010000,0
1444,238,2514,72,2022-06-19,219.360000,0
2729,71,1309,9,2021-03-22,483.190000,0
2110,511,2512,25,2024-05-18,234.900000,0
1437,764,3896,10,2023-02-02,480.440000,0
1012,684,4909,26,2024-05-05,601.590000,0
554,530,1395,3,2024-09-10,682.480000,0
1962,736,990,91,2022-10-08,40.050000,0
1847,230,185,66,2023-05-06,590.680000,0
2352,226,3783,93,2020-02-19,470.220000,1
1794,534,3782,39,2022-07-08,987.620000,1
1496,1,3757,78,2022-04-09,862.780000,1
1726,240,9,35,2023-03-07,814.480000,0
2672,141,985,45,2023-01-17,85.520000,0
1728,813,833,23,2020-04-12,619.200000,0
1346,92,4351,39,2023-09-12,745.530000,1
1936,961,2993,21,2021-01-05,362.600000,0
265,597,241,73,2021-08-02,308.820000,0
2316,981,1515,93,2024-05-13,87.570000,0
2162,241,2661,31,2020-11-09,242.820000,0
2253,836,362,51,2021-01-31,951.800000,1
1494,584,4128,40,2021-06-07,782.000000,0
1003,996,7,18,2020-02-21,847.860000,1
2246,457,2930,34,2022-07-01,880.200000,0
723,989,968,90,2024-02-08,311.200000,0
2319,187,452,6,2021-09-26,914.130000,0
621,436,4272,9,2024-06-09,188.340000,0
1686,353,626,30,2021-05-19,333.690000,0
2943,682,4848,41,2023-08-07,343.020000,0
2365,627,1747,24,2023-09-10,217.370000,0
1218,668,1795,27,2020-06-30,696.980000,0
1441,689,1438,51,2020-02-05,194.860000,0
1877,309,3602,69,2020-08-28,503.770000,0
1292,22,3104,11,2024-10-20,621.870000,1
1175,927,958,10,2024-02-07,234.690000,0
313,622,3348,26,2024-04-23,667.720000,0
1626,447,3132,60,2021-12-10,376.880000,0
578,981,2703,50,2023-05-31,622.360000,1
931,442,3710,80,2021-09-18,625.350000,1
356,63,4837,53,2020-07-14,742.330000,0
996,382,3022,47,2021-01-17,826.690000,0
852,377,1881,40,2022-04-06,828.930000,0
1336,111,725,37,2023-03-05,128.680000,0
1348,61,4463,4,2023-04-03,858.750000,0
2837,596,284,83,2022-07-17,305.480000,0
93,156,1744,78,2020-04-18,877.700000,1
2665,515,1784,8,2020-01-17,122.010000,0
1202,364,1886,1,2021-06-28,322.090000,0
2759,670,3391,83,2020-02-16,131.470000,0
555,725,815,66,2021-12-04,114.340000,0
2651,294,160,47,2020-07-02,48.620000,0
184,521,996,19,2020-11-22,448.570000,0
377,310,3525,78,2022-11-24,746.660000,1
1547,93,2706,1,2024-10-26,733.500000,0
2881,417,2826,38,2024-05-30,898.170000,1
186,601,132,44,2022-06-17,270.640000,0
796,735,1269,35,2024-05-03,97.000000,0
759,349,320,39,2022-04-08,99.340000,1
2367,562,3086,35,2024-09-29,207.980000,1
1911,54,4281,72,2024-10-29,82.400000,0
1898,867,4267,12,2020-03-02,963.430000,0
2161,293,4361,51,2023-12-29,152.960000,0
607,901,2271,37,2020-10-08,265.860000,0
2575,454,2449,75,2020-04-26,453.520000,0
737,52,4099,81,2022-03-23,497.160000,0
539,640,57,68,2021-01-19,469.000000,1
2107,933,3425,27,2021-10-21,559.010000,0
745,559,2382,52,2023-07-26,195.380000,0
91,205,2824,63,2024-01-05,866.150000,0
268,426,2665,72,2022-09-25,562.000000,1
760,885,2947,96,2022-01-29,769.840000,0
1013,565,2229,35,2020-07-28,832.660000,0
1375,718,164,71,2022-05-08,65.810000,0
1738,755,2989,41,2021-01-17,120.830000,0
442,129,3169,21,2020-04-22,812.600000,0
1473,276,2869,64,2021-08-08,641.780000,1
655,92,2869,96,2020-08-03,641.780000,0
2668,73,24,86,2021-05-20,179.020000,0
1420,179,84,56,2021-10-07,528.090000,0
659,312,3412,2,2024-04-30,891.910000,0
1472,945,31,83,2022-02-07,490.040000,0
2122,143,1609,85,2022-02-23,533.450000,0
2203,278,2833,84,2024-06-06,163.730000,0
718,454,2475,56,2023-11-16,150.990000,0
135,60,2941,60,2021-12-05,729.350000,0
2666,925,1824,6,2023-08-05,181.410000,0
2655,714,2875,93,2021-09-30,444.890000,0
2621,820,1838,50,2021-05-17,130.440000,0
738,354,1801,34,2022-07-15,197.820000,0
1631,151,2997,25,2023-07-16,548.440000,0
2305,794,4192,52,2023-05-15,609.880000,0
1828,976,2793,41,2023-01-02,529.260000,1
2229,550,4317,66,2021-05-16,821.170000,1
1724,658,2200,51,2021-12-25,112.320000,0
779,306,3091,26,2024-09-15,310.450000,0
2050,901,1141,51,2022-04-06,538.650000,0
1615,51,1992,53,2021-02-19,939.060000,1
2657,601,3533,76,2021-09-17,899.410000,0
1008,968,4553,52,2020-08-07,844.320000,1
1909,315,588,77,2023-09-11,41.770000,0
1910,213,1123,36,2020-12-13,621.120000,1
11,98,709,11,2024-10-07,791.310000,0
2741,31,2407,85,2020-01-29,17.720000,0
839,683,4778,45,2020-12-24,823.430000,0
547,263,2293,97,2020-08-15,801.650000,0
2237,503,1503,11,2023-10-04,911.780000,0
157,10,3487,78,2023-06-06,409.150000,1
686,195,3098,74,2021-06-04,46.530000,0
1174,90,2226,99,2020-08-31,860.030000,1
1564,979,3879,49,2021-06-20,452.210000,0
2022,968,2166,26,2023-06-11,928.230000,0
1520,425,3340,40,2021-09-20,101.100000,0
420,733,1157,90,2023-07-22,636.820000,0
568,488,1788,21,2020-04-08,787.610000,0
2816,695,3883,40,2024-02-25,227.060000,0
1774,97,975,35,2024-03-02,101.780000,1
2639,164,294,99,2024-08-23,171.420000,0
2097,972,4337,54,2020-03-26,249.980000,0
1232,503,4140,32,2022-01-05,63.460000,0
46,611,2409,85,2023-06-12,46.130000,0
571,717,310,43,2021-08-29,177.630000,0
320,928,3864,86,2024-04-01,446.450000,0
2726,806,3293,88,2020-04-04,13.330000,0
18,89,2197,31,2020-04-23,409.770000,0
2086,592,4609,98,2024-12-27,314.540000,1
2535,605,4513,41,2020-10-07,183.220000,0
486,934,1899,46,2024-12-03,670.830000,1
2667,355,3473,30,2020-07-09,784.340000,0
2363,797,3499,13,2024-12-21,487.130000,1
55,293,816,62,2020-04-29,877.720000,0
2173,842,4778,83,2020-12-28,823.430000,1
2414,886,534,41,2023-11-27,213.020000,0
960,190,2,71,2022-06-30,371.970000,0
1113,496,3769,15,2021-11-09,795.310000,0
857,96,3438,73,2023-11-23,142.800000,0
1559,198,1681,26,2022-11-29,725.810000,0
2028,231,2049,79,2020-10-03,583.970000,1
1579,513,3838,88,2020-06-01,785.130000,0
2892,639,2179,73,2023-11-27,176.230000,0
1761,411,3410,8,2021-03-23,45.250000,0
1990,562,3571,56,2024-02-08,508.660000,0
2779,832,2630,27,2021-09-06,643.070000,0
1194,132,2919,18,2023-01-29,748.610000,0
1421,910,903,84,2022-07-09,705.260000,1
934,829,972,40,2020-08-12,139.190000,0
970,758,2585,84,2021-06-29,573.050000,0
2185,828,4368,90,2024-02-21,81.450000,0
2114,64,1514,47,2022-11-13,692.950000,0
2434,319,946,2,2021-05-06,628.260000,0
2753,189,3876,57,2021-06-16,490.590000,0
2397,779,1839,76,2024-01-04,787.960000,0
2845,248,183,7,2021-05-16,137.000000,0
637,619,128,97,2024-07-14,45.640000,0
2192,744,3321,85,2023-12-29,942.230000,1
1560,3,2152,41,2024-09-10,328.350000,0
993,994,1577,60,2020-07-20,939.160000,1
1060,990,1117,50,2020-06-30,406.900000,0
2607,858,3295,56,2020-10-19,164.280000,0
1403,129,1918,36,2024-01-23,291.100000,0
2036,753,1319,9,2022-10-20,918.810000,0
2296,288,4428,51,2022-07-27,341.940000,0
1989,388,1978,36,2020-09-12,738.860000,0
1475,963,1256,38,2023-03-25,480.350000,1
2811,568,2438,52,2021-05-12,500.130000,1
1208,285,1345,27,2024-04-20,931.280000,1
1582,929,1389,10,2024-05-16,279.600000,0
1238,988,3621,17,2024-03-09,372.340000,0
1195,499,2509,60,2023-10-29,675.730000,1
1134,557,4728,65,2020-08-03,635.610000,0
1411,130,21,89,2022-08-26,274.530000,0
2182,534,2369,71,2024-02-07,233.180000,0
2683,162,2961,41,2021-10-20,262.360000,0
189,421,1171,11,2020-11-13,683.760000,1
695,382,134,85,2024-12-19,615.700000,0
2800,227,586,40,2023-08-11,766.460000,1
1530,436,1427,82,2024-07-07,896.020000,0
23,520,3567,21,2020-03-07,505.160000,0
2299,561,592,55,2024-08-28,810.890000,1
1153,146,2582,94,2024-07-14,976.230000,0
1335,352,4744,70,2021-03-05,451.730000,0
1199,562,1450,22,2022-02-06,803.400000,1
1957,67,769,69,2023-02-03,13.050000,0
2676,29,4713,4,2020-07-15,90.540000,0
83,145,2543,45,2020-07-22,974.950000,0
361,699,1830,24,2020-12-19,436.650000,0
169,892,130,20,2024-09-07,303.410000,0
171,823,1945,21,2021-11-13,235.810000,1
2613,828,4529,84,2024-06-08,388.140000,0
2216,244,836,43,2020-05-27,384.460000,0
236,445,2526,46,2022-01-06,738.690000,0
262,888,1204,40,2022-01-08,502.440000,0
925,967,299,4,2021-12-28,136.440000,0
2748,106,765,53,2020-12-12,852.630000,0
1629,74,3182,56,2021-03-16,728.820000,0
196,155,599,12,2024-11-01,129.310000,0
747,209,3802,17,2021-04-24,34.360000,0
1638,575,2738,79,2021-08-15,436.270000,0
584,525,4327,55,2024-06-01,204.900000,0
822,907,1410,35,2022-11-22,226.550000,0
1433,475,4579,13,2020-01-02,704.830000,1
1146,832,4001,26,2020-03-16,774.490000,0
1157,422,1630,72,2021-10-19,906.480000,0
948,299,2000,47,2023-02-12,601.370000,0
1186,9,1092,46,2023-01-17,618.960000,0
1239,93,493,9,2024-08-13,29.030000,0
1507,742,2427,3,2022-04-20,572.340000,0
1385,784,258,54,2023-04-11,936.090000,1
2487,82,1179,94,2020-08-04,619.040000,1
1291,426,3225,15,2021-02-24,527.810000,1
2081,379,2838,91,2022-08-15,681.520000,0
2038,527,209,40,2022-02-23,43.810000,0
2803,840,2081,18,2022-11-27,316.570000,0
2616,982,4792,23,2023-08-28,910.710000,1
2792,720,3421,39,2022-03-17,970.600000,1
2780,807,3668,15,2024-05-27,291.540000,0
1986,378,3240,100,2021-04-15,265.590000,0
1158,248,4699,71,2023-09-11,543.430000,0
890,109,1089,38,2023-04-14,403.750000,0
1149,725,2322,58,2024-04-04,642.670000,0
2186,325,2984,44,2023-03-01,70.130000,0
490,205,320,73,2023-04-06,99.340000,0
2937,502,171,11,2020-05-03,212.940000,0
2223,48,712,75,2020-05-06,644.960000,0
312,951,779,74,2022-09-23,420.790000,1
335,42,4331,1,2023-11-21,687.530000,0
1280,159,3626,48,2022-09-23,564.790000,0
2874,396,538,14,2023-05-29,323.080000,0
1150,841,3808,83,2021-05-17,454.050000,0
859,235,4453,7,2024-10-26,526.290000,0
2957,432,2181,42,2021-08-16,992.880000,0
879,768,2272,13,2022-08-10,374.150000,0
25,297,2440,71,2023-09-05,171.460000,0
959,715,126,58,2023-12-22,40.000000,0
2939,667,555,29,2021-05-09,719.550000,0
1136,430,4083,19,2022-02-27,729.220000,0
1799,725,3167,30,2024-08-20,543.950000,0
2654,944,598,92,2023-01-03,488.650000,0
1145,103,45,41,2021-12-26,558.440000,0
1616,631,3668,76,2022-10-22,291.540000,0
4,706,858,47,2022-02-18,545.110000,0
1709,838,4266,82,2020-05-30,322.680000,0
253,299,877,36,2023-10-09,569.790000,0
1268,435,949,2,2020-04-01,535.220000,0
2394,282,4504,67,2021-01-01,300.300000,0
64,855,4965,57,2024-01-06,971.700000,0
2236,142,79,31,2021-09-25,684.130000,0
494,35,4611,22,2020-08-17,820.570000,0
2678,267,2853,68,2021-02-17,806.670000,0
2084,515,3891,62,2023-07-07,201.100000,0
100,48,1844,6,2020-06-03,24.550000,0
645,540,2060,30,2023-01-18,463.020000,1
112,92,3781,16,2021-02-02,543.610000,0
2326,872,945,22,2020-03-25,221.000000,0
254,790,252,21,2022-08-18,923.090000,0
2215,450,2111,13,2021-03-23,269.940000,0
741,58,2479,18,2020-11-27,355.410000,0
2661,274,4175,22,2024-08-26,971.580000,1
1543,858,2223,17,2024-08-10,275.930000,0
940,662,2322,64,2020-06-12,642.670000,0
1102,440,2995,57,2020-04-19,702.170000,0
1594,612,1027,100,2023-01-01,896.720000,1
400,381,1930,60,2023-09-28,998.090000,1
1181,307,465,69,2024-11-13,644.860000,0
66,829,63,78,2024-08-07,121.690000,0
599,778,3540,87,2024-09-23,360.810000,1
2520,617,3821,30,2022-11-07,833.180000,0
2955,103,511,16,2021-12-22,54.650000,0
2267,796,94,45,2023-09-23,639.110000,0
2037,37,3080,74,2023-03-16,864.010000,0
1641,456,4431,83,2024-11-10,622.130000,0
243,904,3100,4,2024-07-29,262.090000,0
634,638,1716,82,2024-03-10,515.200000,1
1023,576,972,86,2025-01-12,139.190000,1
1835,253,4533,99,2021-01-23,700.720000,1
43,386,1281,100,2022-04-30,952.540000,0
2488,270,2924,73,2022-07-02,276.160000,0
915,827,1159,51,2021-08-16,985.380000,0
2567,787,4304,31,2022-09-30,944.790000,0
963,953,2660,41,2023-11-16,267.620000,0
1621,587,3990,99,2020-10-04,814.880000,1
909,628,2688,28,2022-07-18,261.450000,1
777,378,4953,96,2023-08-27,978.690000,0
2840,44,4018,23,2024-11-22,561.990000,0
2686,943,3034,6,2020-11-25,566.640000,1
2953,940,2854,9,2020-07-05,982.240000,1
2303,874,4979,28,2023-03-04,55.760000,0
1590,681,4471,82,2024-02-09,387.580000,1
666,443,1444,92,2020-02-02,152.950000,0
2852,503,36,88,2020-05-13,323.000000,0
1665,996,1788,63,2022-04-21,787.610000,0
2513,886,4398,6,2023-10-26,988.780000,0
2627,747,2103,35,2020-01-30,561.170000,0
1599,254,3471,39,2024-09-04,227.370000,0
1630,422,1845,1,2020-07-22,888.770000,1
2398,740,4002,37,2020-07-24,728.900000,1
1225,633,2646,73,2023-08-25,697.250000,1
2542,176,911,40,2021-04-12,643.320000,0
1965,316,244,100,2022-11-13,652.330000,1
2783,832,2816,1,2021-02-07,182.770000,0
134,920,2965,43,2020-11-19,431.880000,0
681,797,2636,100,2024-04-06,920.720000,1
88,683,2571,91,2023-12-15,33.070000,0
798,652,474,16,2021-06-16,834.800000,0
1733,641,942,17,2023-04-24,141.630000,0
1438,979,3221,14,2021-04-06,630.590000,1
102,124,819,10,2020-03-13,178.970000,0
374,935,3022,31,2024-05-09,826.690000,0
2990,804,2357,77,2024-02-15,625.940000,0
2615,527,4589,70,2020-07-26,239.220000,0
2956,791,2281,87,2021-01-20,475.840000,0
842,122,69,8,2020-03-11,543.780000,0
1360,4,3398,38,2024-02-02,113.500000,0
209,293,2973,97,2023-11-10,623.210000,0
2404,369,4654,11,2023-01-16,42.870000,0
804,434,4537,81,2023-11-04,873.130000,0
2951,291,4073,76,2022-07-20,263.930000,0
1031,161,2792,10,2020-07-28,101.650000,0
1779,758,3398,100,2022-06-23,113.500000,0
479,213,2779,66,2022-10-21,648.340000,0
2335,271,4885,64,2024-03-05,576.970000,0
1273,405,2308,36,2022-12-20,644.710000,1
2598,167,3564,39,2024-01-31,177.470000,0
680,771,3575,54,2020-03-26,414.350000,0
1670,614,909,58,2024-11-17,454.450000,0
258,838,3892,47,2020-12-07,619.750000,0
1690,431,3947,11,2023-08-04,344.310000,0
2325,718,4750,95,2023-12-24,959.580000,0
417,177,4399,40,2022-10-04,471.200000,0
1523,741,2587,24,2020-09-30,487.590000,0
2640,258,3232,34,2024-12-30,907.180000,0
950,589,3141,64,2020-01-07,978.860000,1
685,817,289,23,2021-09-21,884.760000,1
309,218,465,58,2022-12-05,644.860000,0
183,137,250,89,2022-05-23,704.800000,1
1219,797,3885,72,2024-12-02,440.260000,0
2740,16,261,47,2021-07-09,865.740000,1
2320,992,3226,70,2024-02-08,155.630000,1
1279,240,767,54,2021-07-14,248.910000,0
1772,366,247,68,2021-08-21,920.020000,0
1959,412,550,88,2020-02-05,545.170000,0
2208,658,2447,100,2023-10-19,497.310000,0
2574,680,1770,23,2022-12-04,944.000000,0
2842,651,2956,40,2024-08-19,983.260000,1
159,44,1370,64,2020-06-08,865.810000,1
2298,278,3642,72,2020-10-03,950.710000,1
1838,520,2554,5,2020-11-29,253.940000,0
2704,300,946,85,2024-11-23,628.260000,0
569,965,2584,34,2022-01-12,727.430000,1
1489,911,3893,18,2021-02-24,48.190000,0
1366,359,3437,55,2022-02-03,783.220000,1
2597,831,2762,53,2020-04-19,521.440000,0
989,966,2020,29,2022-06-01,277.830000,0
438,573,3519,92,2021-02-11,120.800000,0
1458,635,2181,22,2023-04-10,992.880000,0
1446,462,3567,16,2022-09-02,505.160000,0
1585,559,3250,55,2022-09-28,388.030000,0
338,984,791,32,2022-04-29,35.240000,0
2151,197,3661,21,2020-12-25,673.460000,0
566,416,691,65,2024-12-18,269.730000,0
825,424,4614,10,2024-08-23,574.720000,0
2439,532,2861,22,2022-02-02,530.450000,1
2849,274,3666,50,2023-05-20,554.380000,0
35,253,4833,86,2021-07-30,642.910000,1
2646,900,4608,44,2024-07-10,371.480000,0
1969,416,3820,69,2022-06-04,972.090000,0
2945,803,4965,10,2021-11-14,971.700000,0
923,324,4142,90,2023-03-02,21.920000,1
757,868,1003,26,2021-11-09,48.540000,0
1846,750,2204,77,2020-08-16,24.700000,0
2447,597,4733,19,2020-10-03,651.760000,0
1606,554,783,84,2020-04-06,180.510000,1
1070,452,1070,33,2021-02-11,461.610000,1
1851,573,4275,94,2024-07-05,985.860000,1
2089,683,2678,30,2024-09-15,301.510000,0
56,601,4669,91,2023-06-02,420.490000,1
1782,411,2457,58,2022-04-27,755.510000,0
2090,925,1138,60,2021-12-07,260.280000,0
282,57,1049,28,2021-10-14,851.060000,1
1096,466,2056,38,2024-07-27,407.680000,0
1311,770,25,31,2022-07-17,579.160000,0
225,428,3269,93,2021-12-17,464.780000,0
1780,8,1281,76,2022-05-07,952.540000,1
2007,963,2120,43,2020-07-26,956.700000,1
1701,573,2671,23,2021-09-21,975.810000,1
2872,763,3224,26,2022-04-11,221.680000,0
389,994,2699,37,2024-09-17,59.660000,0
292,296,1551,83,2024-02-04,87.570000,0
1080,472,2005,3,2024-10-04,31.520000,0
1742,1,102,7,2022-10-04,113.050000,0
2663,452,4336,96,2022-05-24,772.000000,0
95,711,2908,67,2022-10-18,698.220000,0
2864,677,2056,49,2023-04-29,407.680000,0
862,809,1530,14,2021-03-14,443.340000,0
1029,920,2206,58,2022-01-01,563.600000,0
2596,616,1976,34,2020-01-26,199.930000,0
316,757,3519,30,2021-11-12,120.800000,0
2169,833,1767,81,2023-03-05,917.950000,1
1112,979,2341,98,2023-02-22,256.390000,0
1627,372,295,79,2020-07-11,59.650000,1
1703,130,2610,68,2022-11-03,891.970000,0
719,175,252,48,2020-08-27,923.090000,0
2312,895,336,14,2024-10-13,416.020000,0
734,724,701,51,2020-02-29,491.220000,0
2132,675,1225,54,2021-01-08,240.700000,0
854,236,4023,52,2020-05-03,855.870000,0
701,645,4254,3,2020-10-14,876.730000,1
238,897,1117,13,2021-05-27,406.900000,1
1865,691,3905,77,2020-06-05,293.080000,1
653,636,1761,60,2024-04-26,34.810000,0
736,507,2109,50,2020-09-20,549.360000,0
1184,382,2886,25,2022-03-13,48.350000,1
2906,762,2958,72,2023-09-15,576.250000,0
2480,266,1494,28,2021-03-14,478.040000,0
2893,891,4466,68,2022-07-09,203.950000,0
2579,596,4548,68,2023-02-24,167.320000,0
2910,511,4527,62,2024-02-26,972.200000,0
2210,761,4714,86,2023-03-20,598.920000,0
2417,298,4809,80,2023-03-14,214.270000,0
273,916,1292,89,2021-10-21,840.120000,1
2469,577,827,42,2024-07-05,673.650000,1
51,139,4125,25,2020-01-14,206.940000,0
1480,214,3628,12,2020-04-13,212.570000,0
2650,358,4032,68,2024-07-04,610.930000,0
181,154,3524,7,2020-11-30,74.840000,1
748,309,3425,91,2020-06-30,559.010000,0
819,740,4193,73,2020-04-18,298.950000,1
1205,686,3811,19,2023-04-01,945.460000,1
2742,47,4082,87,2024-07-13,479.290000,0
1647,86,1509,82,2021-03-06,900.320000,0
1597,838,3844,19,2020-11-09,355.240000,0
1502,909,1011,30,2022-03-06,159.960000,0
2012,323,3654,83,2020-10-03,936.340000,0
1906,98,2961,55,2020-08-25,262.360000,0
485,647,4115,38,2023-03-26,72.460000,0
1200,860,4849,3,2022-06-07,597.610000,0
563,392,1969,74,2023-04-04,373.720000,1
