customer_id,purchase_date,product_id,purchase_amount,last_purchase_date,purchase_frequency,past_upgrade
2139,2024-05-02,8,295.200000,2024-04-13,1,0
1697,2022-06-10,41,287.110000,2025-01-22,1,0
1243,2024-04-22,68,219.520000,2022-11-12,1,0
1498,2020-05-26,8,237.420000,2020-10-05,1,0
1187,2025-02-08,55,131.710000,2024-04-29,1,1
716,2020-06-10,82,237.350000,2023-05-03,1,0
2889,2024-11-28,87,392.740000,2023-05-15,1,0
2885,2022-04-08,55,172.920000,2020-02-01,1,0
2213,2024-03-19,33,239.790000,2022-01-21,1,0
2710,2024-03-09,12,220.870000,2021-06-05,1,0
1140,2020-07-11,93,28.800000,2022-05-21,1,0
452,2025-01-20,88,115.430000,2021-10-19,1,0
111,2021-09-07,75,411.600000,2024-04-07,1,0
1020,2023-08-09,24,197.190000,2024-09-13,1,0
1574,2021-05-01,60,448.880000,2025-04-04,1,0
1719,2020-10-08,18,312.480000,2025-04-08,1,0
1034,2023-06-29,61,321.550000,2020-06-27,1,0
2055,2021-09-24,21,363.210000,2024-09-15,1,0
1301,2024-04-15,27,306.490000,2025-02-15,1,0
2624,2022-12-16,1,395.580000,2022-04-01,1,0
2804,2022-04-28,9,83.100000,2022-10-29,1,0
2967,2020-09-29,18,169.370000,2022-05-10,1,0
1645,2022-07-22,99,114.700000,2024-05-08,1,0
564,2020-06-18,41,461.110000,2023-01-25,1,0
2258,2020-09-18,35,351.960000,2025-02-21,1,0
255,2020-03-03,78,73.390000,2024-01-22,1,0
573,2021-12-18,56,110.910000,2023-04-07,1,0
806,2022-11-06,97,63.270000,2024-12-01,1,0
619,2025-02-18,36,137.230000,2021-02-09,1,1
2891,2023-07-25,78,370.520000,2021-06-06,1,0
2183,2024-08-28,18,224.150000,2022-07-08,1,0
2290,2023-05-14,96,361.450000,2025-03-24,1,1
2810,2020-12-20,96,88.170000,2021-01-03,1,0
861,2022-08-27,8,240.120000,2022-04-17,1,0
1356,2023-02-16,89,185.730000,2023-07-28,1,0
2212,2020-06-10,7,184.820000,2020-06-06,1,0
506,2022-06-26,22,361.080000,2025-03-02,1,0
2932,2020-03-05,10,234.550000,2021-09-25,1,0
2617,2024-02-27,89,80.130000,2020-01-28,1,0
284,2023-03-25,92,227.980000,2024-04-04,1,0
1267,2023-01-05,67,343.850000,2020-02-28,1,1
1679,2021-08-10,6,355.750000,2021-04-24,1,0
336,2022-05-27,94,482.110000,2023-10-19,1,0
2078,2024-03-11,48,349.780000,2022-12-23,1,1
1942,2024-09-06,78,100.970000,2021-06-02,1,0
2623,2024-06-21,54,87.410000,2022-08-25,1,0
2458,2022-04-15,81,273.090000,2020-10-15,1,0
581,2020-07-14,40,325.770000,2023-04-24,1,0
2796,2024-12-03,13,221.170000,2022-11-15,1,0
1674,2021-01-13,69,267.910000,2020-01-30,1,0
2073,2022-08-15,20,476.760000,2025-04-24,1,0
1378,2024-11-21,67,121.530000,2020-07-16,1,1
74,2022-05-14,25,485.180000,2022-09-05,1,0
1773,2024-11-13,43,436.400000,2022-12-02,1,0
1525,2024-12-21,14,436.910000,2024-10-09,1,0
2342,2024-01-09,4,372.870000,2021-09-05,1,0
212,2022-07-03,6,192.250000,2024-03-14,1,1
1453,2025-03-27,77,395.760000,2023-03-06,1,0
207,2024-01-20,79,459.950000,2021-05-26,1,0
1955,2021-09-17,48,74.950000,2021-06-05,1,0
1536,2022-10-01,85,340.790000,2024-06-11,1,0
2376,2022-12-23,40,309.390000,2024-07-09,1,0
22,2021-11-19,44,18.740000,2025-02-05,1,1
1661,2024-05-24,30,161.770000,2022-04-28,1,0
979,2023-07-16,72,103.230000,2021-10-25,1,1
480,2023-07-23,98,40.340000,2020-11-29,1,0
2281,2020-06-02,61,398.230000,2023-06-02,1,0
876,2024-07-26,60,277.590000,2024-10-25,1,0
1019,2022-04-09,14,412.420000,2022-05-12,1,0
2159,2024-01-11,57,178.210000,2022-10-04,1,0
1474,2024-07-03,7,222.390000,2025-01-31,1,0
239,2025-02-10,83,239.350000,2023-09-20,1,0
1095,2020-12-12,44,409.220000,2021-03-19,1,0
264,2023-12-14,56,312.640000,2024-11-09,1,0
1129,2023-06-16,38,273.110000,2021-03-11,1,0
790,2021-01-07,1,391.210000,2020-07-10,1,0
2474,2022-06-01,79,117.320000,2021-08-06,1,0
2276,2021-11-28,55,467.990000,2021-04-28,1,0
2184,2025-02-15,18,418.020000,2020-12-27,1,0
2268,2021-09-09,87,35.600000,2023-05-01,1,1
531,2021-10-09,7,50.450000,2021-03-30,1,0
1025,2023-12-05,67,299.670000,2024-06-02,1,0
2698,2024-05-08,11,424.390000,2021-12-17,1,0
1260,2020-02-16,2,367.050000,2024-10-23,1,0
1425,2023-09-09,80,15.920000,2020-06-15,1,0
1307,2021-11-25,74,345.220000,2020-09-28,1,0
700,2025-03-27,12,248.780000,2021-07-10,1,0
1361,2022-05-19,69,407.960000,2021-03-19,1,0
386,2024-11-14,79,386.670000,2023-01-20,1,0
2355,2024-08-19,62,102.260000,2021-11-08,1,0
2369,2022-09-25,45,211.650000,2021-11-26,1,1
1117,2022-04-21,28,143.060000,2022-06-09,1,1
1373,2021-09-15,41,346.080000,2022-10-12,1,0
40,2022-12-31,43,14.780000,2023-08-24,1,0
208,2021-04-07,91,37.230000,2022-08-31,1,1
1426,2024-04-29,37,279.710000,2020-06-28,1,0
79,2021-02-14,22,465.580000,2021-06-02,1,0
1914,2023-12-19,15,57.070000,2022-06-11,1,0
2909,2024-03-09,30,134.890000,2021-08-08,1,0
1941,2020-10-12,61,280.140000,2021-10-30,1,0
2594,2024-07-16,62,321.500000,2020-04-27,1,1
222,2025-01-14,87,374.060000,2020-01-30,1,0
813,2024-04-20,19,14.070000,2020-07-26,1,1
1269,2020-03-27,86,16.080000,2024-06-09,1,0
1058,2021-10-19,97,78.900000,2023-07-22,1,0
308,2024-11-01,42,121.410000,2023-03-18,1,0
1987,2021-11-29,89,99.320000,2024-05-09,1,0
85,2020-02-20,14,266.420000,2022-11-07,1,0
2544,2020-12-10,47,402.490000,2022-07-10,1,0
2311,2022-10-14,62,256.310000,2020-10-10,1,0
2152,2022-12-23,64,484.540000,2024-01-10,1,0
2968,2021-03-20,74,24.130000,2023-07-22,1,0
567,2022-05-17,69,289.430000,2021-01-08,1,0
1651,2024-11-16,14,159.550000,2021-11-23,1,1
2894,2024-10-20,68,78.560000,2023-04-23,1,0
2418,2023-04-16,57,403.630000,2024-05-17,1,1
1604,2022-01-27,97,280.500000,2023-12-01,1,0
751,2022-01-25,64,498.640000,2023-04-07,1,0
802,2021-01-05,90,263.870000,2020-03-28,1,0
1030,2024-12-22,82,80.100000,2021-02-10,1,0
618,2023-12-16,77,488.290000,2021-08-21,1,0
2771,2023-08-10,16,302.390000,2020-12-02,1,0
453,2023-07-09,13,70.250000,2021-10-21,1,0
870,2024-04-07,21,222.750000,2021-07-24,1,0
206,2022-09-25,69,149.620000,2022-03-14,1,0
2200,2020-01-21,55,64.440000,2024-11-20,1,1
1250,2022-08-06,95,159.690000,2023-10-21,1,0
1293,2024-02-23,46,99.570000,2024-11-21,1,0
1295,2020-09-26,30,497.120000,2022-10-30,1,0
203,2021-07-26,67,139.010000,2022-03-25,1,0
662,2024-01-08,3,212.970000,2020-05-28,1,0
1717,2023-08-23,9,54.940000,2020-03-27,1,0
381,2021-09-20,2,353.890000,2022-03-27,1,0
2832,2023-05-15,23,85.690000,2024-07-31,1,0
1278,2020-04-12,31,92.250000,2022-06-28,1,0
1027,2020-06-18,26,12.110000,2022-09-29,1,0
2693,2024-09-08,39,297.230000,2020-07-02,1,1
1654,2021-05-04,76,298.310000,2022-09-22,1,0
1968,2024-07-25,88,393.950000,2022-07-14,1,0
2895,2024-05-25,72,242.110000,2020-01-01,1,1
2221,2020-12-01,95,390.020000,2024-04-25,1,0
349,2020-09-21,83,46.180000,2022-11-01,1,0
2225,2023-12-05,99,318.750000,2020-04-02,1,0
2608,2023-07-10,45,419.780000,2020-04-13,1,0
991,2024-03-02,50,391.390000,2022-09-07,1,1
922,2020-08-02,52,296.760000,2022-11-16,1,0
2181,2024-08-12,93,265.910000,2021-08-09,1,0
1087,2022-07-02,71,324.270000,2023-08-03,1,0
2360,2022-10-02,82,173.910000,2023-12-08,1,0
670,2020-02-21,68,187.940000,2023-03-19,1,0
1210,2021-12-20,4,314.360000,2022-07-12,1,0
202,2023-01-15,40,327.180000,2021-01-23,1,1
1994,2024-12-18,15,388.030000,2022-10-10,1,0
2402,2023-01-29,8,137.690000,2023-12-29,1,0
1609,2025-04-01,50,315.000000,2021-01-03,1,0
1993,2024-02-09,91,229.180000,2025-04-13,1,0
912,2022-11-09,60,222.510000,2020-11-22,1,0
2270,2025-01-26,46,206.840000,2021-05-19,1,1
1671,2022-07-05,5,126.160000,2021-07-11,1,0
2113,2023-01-01,65,182.990000,2023-02-12,1,1
2568,2021-11-07,60,451.440000,2022-06-27,1,0
1823,2022-11-26,81,458.180000,2023-12-16,1,0
318,2021-12-14,37,385.080000,2021-01-21,1,0
1882,2025-04-16,49,395.130000,2021-03-02,1,0
896,2024-03-08,30,94.070000,2020-11-21,1,0
939,2024-08-24,35,242.580000,2025-01-21,1,0
1979,2023-06-29,14,420.770000,2023-01-19,1,0
1304,2021-06-15,93,72.030000,2023-01-13,1,0
774,2021-05-05,15,447.090000,2021-03-01,1,0
1492,2023-05-07,50,29.540000,2024-05-29,1,0
2451,2023-07-13,92,316.870000,2022-05-14,1,0
117,2023-12-27,37,169.440000,2024-03-31,1,0
2368,2023-02-27,76,82.060000,2021-06-02,1,0
2327,2024-03-11,78,488.030000,2022-04-02,1,0
2128,2023-09-26,46,338.910000,2022-11-03,1,0
1732,2024-04-30,28,57.170000,2021-05-15,1,1
220,2024-05-28,11,30.030000,2022-01-19,1,0
1347,2021-11-12,59,304.460000,2021-02-22,1,0
2370,2023-11-28,1,140.850000,2023-08-05,1,0
693,2023-08-03,88,335.710000,2023-01-26,1,0
2277,2020-09-27,47,443.240000,2021-03-26,1,1
947,2020-07-28,37,250.030000,2020-01-16,1,0
2511,2021-12-04,69,85.870000,2021-07-04,1,0
1284,2024-08-12,74,348.120000,2024-10-08,1,0
1508,2021-02-28,10,171.400000,2021-09-10,1,0
706,2021-02-07,83,315.310000,2020-03-28,1,0
865,2022-10-18,36,29.810000,2024-05-01,1,0
2998,2024-05-10,90,350.200000,2023-07-26,1,0
1777,2021-03-27,44,115.690000,2020-04-24,1,0
1457,2020-11-06,14,87.620000,2023-11-14,1,0
1840,2021-10-30,64,280.450000,2023-06-01,1,0
2423,2020-04-23,27,354.570000,2022-01-25,1,0
383,2021-09-17,17,340.320000,2023-09-27,1,0
2125,2025-02-17,87,408.210000,2023-05-18,1,0
433,2022-03-31,66,354.510000,2020-12-15,1,0
2144,2024-10-21,78,162.860000,2021-09-14,1,0
44,2021-05-03,7,367.200000,2020-10-19,1,1
787,2020-09-17,64,409.720000,2021-09-29,1,0
2359,2023-07-07,19,447.520000,2022-12-23,1,0
2921,2022-11-07,59,119.730000,2021-10-07,1,0
733,2021-01-13,50,358.940000,2022-07-29,1,0
1841,2020-04-30,78,191.110000,2025-03-19,1,0
1900,2024-11-09,28,354.620000,2022-12-21,1,0
1826,2023-05-31,18,47.090000,2024-09-12,1,0
2066,2022-02-25,46,277.830000,2024-04-11,1,0
562,2025-01-12,64,81.700000,2024-03-23,1,0
2197,2022-07-01,70,195.520000,2022-07-25,1,0
2251,2025-02-23,76,205.980000,2023-11-02,1,0
1946,2024-01-27,57,240.510000,2020-01-15,1,0
1855,2021-02-27,49,26.120000,2022-12-09,1,0
50,2024-02-05,94,476.200000,2024-06-16,1,0
1206,2025-01-12,36,327.400000,2020-01-04,1,0
1079,2022-08-21,83,226.360000,2023-11-05,1,0
754,2021-11-13,49,499.070000,2022-07-01,1,0
34,2020-01-19,69,281.210000,2024-01-02,1,0
1915,2024-01-23,60,143.710000,2024-11-30,1,0
1382,2021-11-17,4,489.870000,2023-07-21,1,0
2823,2020-10-10,26,494.020000,2022-01-03,1,0
866,2023-12-05,94,336.390000,2023-12-08,1,0
213,2021-02-13,62,228.760000,2020-07-11,1,0
2928,2020-06-02,97,124.750000,2022-10-23,1,0
404,2025-01-25,12,35.520000,2020-12-04,1,0
2121,2024-02-02,53,329.930000,2020-09-05,1,0
2733,2023-09-04,8,402.480000,2024-05-26,1,0
63,2023-12-16,70,51.730000,2023-01-07,1,1
113,2022-03-01,1,267.620000,2023-04-12,1,0
463,2022-07-13,42,48.640000,2024-11-21,1,0
1933,2025-03-27,59,129.470000,2024-09-29,1,0
1235,2024-05-02,23,466.730000,2022-05-09,1,0
2508,2023-12-09,78,216.570000,2024-03-24,1,0
836,2021-06-21,80,49.400000,2025-04-05,1,1
405,2020-10-05,26,399.330000,2024-02-06,1,0
108,2022-10-12,25,487.450000,2024-01-15,1,0
1866,2020-04-20,36,186.130000,2023-09-26,1,0
2198,2022-09-29,90,302.270000,2022-04-27,1,0
910,2024-12-27,74,69.050000,2023-08-09,1,0
2660,2024-11-26,97,77.450000,2021-04-29,1,0
123,2020-11-26,54,162.150000,2024-12-11,1,0
1639,2025-01-02,42,377.480000,2020-05-09,1,0
503,2020-06-03,64,208.710000,2024-03-31,1,0
1754,2020-07-13,8,24.770000,2021-10-07,1,0
2929,2021-05-18,32,201.250000,2023-12-08,1,0
2209,2021-04-20,53,23.050000,2020-09-09,1,1
246,2020-01-16,74,342.430000,2024-04-09,1,0
771,2021-08-15,54,366.190000,2021-10-29,1,0
2207,2020-03-11,35,316.490000,2024-08-08,1,0
1075,2022-02-27,19,290.780000,2024-02-20,1,0
1104,2023-01-26,61,215.990000,2023-03-12,1,1
1462,2021-12-12,51,37.490000,2024-04-15,1,0
1423,2020-11-24,71,266.290000,2024-08-27,1,0
2228,2025-04-16,97,356.690000,2023-04-22,1,0
2381,2021-08-10,71,382.920000,2021-11-25,1,0
1707,2024-10-18,61,141.080000,2020-11-30,1,0
1662,2022-11-22,100,212.480000,2020-05-30,1,0
31,2024-11-13,8,140.930000,2021-09-10,1,1
2154,2023-11-18,88,199.060000,2025-03-02,1,0
1390,2022-03-16,90,72.200000,2021-08-04,1,0
332,2021-01-28,91,386.810000,2024-03-22,1,0
138,2020-03-09,92,83.950000,2023-01-09,1,1
2566,2024-01-12,33,348.300000,2022-12-09,1,0
1167,2022-12-17,59,102.680000,2022-03-08,1,0
1333,2022-06-15,77,209.220000,2025-03-22,1,1
1318,2020-11-12,100,230.470000,2023-06-06,1,0
482,2025-01-29,32,35.670000,2020-10-13,1,1
1370,2022-12-29,22,55.850000,2024-02-21,1,0
522,2022-02-16,92,130.800000,2021-07-05,1,0
2206,2024-07-30,74,242.060000,2023-07-16,1,0
997,2021-12-01,48,385.470000,2023-08-23,1,1
2026,2025-03-15,26,15.940000,2021-03-01,1,0
1161,2021-07-24,2,182.200000,2024-04-22,1,0
1813,2020-06-17,28,111.210000,2022-06-19,1,0
511,2025-01-12,67,19.040000,2025-01-16,1,1
1045,2020-12-16,52,361.840000,2021-03-17,1,0
1024,2021-02-09,14,336.800000,2024-08-28,1,0
302,2021-08-08,58,404.030000,2021-03-17,1,0
1723,2023-08-22,92,319.230000,2022-01-10,1,0
1272,2022-05-09,25,255.160000,2021-02-24,1,0
821,2020-04-29,26,358.640000,2022-06-19,1,0
1978,2024-11-10,71,289.960000,2022-05-28,1,1
2997,2023-10-11,20,108.520000,2023-09-09,1,0
526,2024-04-20,46,330.010000,2025-02-11,1,0
2933,2021-12-14,16,17.530000,2020-12-26,1,0
2068,2024-09-24,34,14.340000,2023-11-23,1,0
2344,2020-09-01,94,322.760000,2023-07-04,1,0
622,2024-09-11,54,139.970000,2024-04-10,1,0
1204,2021-04-07,62,87.500000,2021-12-29,1,0
341,2024-12-03,48,86.810000,2020-02-27,1,0
1786,2023-07-29,25,467.960000,2023-11-20,1,0
1793,2025-04-19,25,293.930000,2020-03-18,1,0
2163,2023-01-13,43,304.550000,2021-12-15,1,0
1592,2021-06-15,74,64.560000,2022-04-26,1,0
2805,2020-08-16,96,334.180000,2022-10-10,1,0
2476,2020-02-28,28,166.480000,2022-03-10,1,0
632,2021-07-01,76,474.850000,2023-07-17,1,0
2291,2021-05-17,15,477.150000,2024-09-10,1,0
585,2020-05-27,5,94.150000,2021-07-26,1,1
674,2023-09-06,8,37.560000,2023-10-13,1,1
2403,2024-01-08,85,243.730000,2022-01-27,1,1
2191,2023-10-28,43,29.960000,2023-01-04,1,0
1299,2022-07-06,59,416.220000,2024-06-27,1,0
2021,2023-06-19,39,133.480000,2020-09-04,1,0
1154,2024-07-14,99,143.430000,2020-10-31,1,0
1668,2025-04-22,58,423.420000,2020-07-12,1,0
270,2023-01-05,6,271.800000,2022-04-09,1,0
2527,2025-04-07,79,276.160000,2024-05-05,1,0
968,2021-09-02,80,125.350000,2020-08-14,1,0
691,2023-10-23,5,415.030000,2021-04-18,1,0
2972,2020-11-08,80,94.910000,2021-04-18,1,0
966,2024-01-17,4,347.570000,2021-03-10,1,1
1750,2023-11-04,14,258.690000,2022-12-27,1,0
2242,2023-12-17,76,240.200000,2024-01-06,1,0
2738,2022-02-03,84,442.470000,2020-02-21,1,1
2214,2024-03-28,99,52.570000,2021-01-23,1,0
1816,2024-06-14,40,410.060000,2020-04-19,1,0
2056,2020-01-11,49,89.160000,2025-04-19,1,0
527,2021-06-11,55,212.460000,2023-07-21,1,0
1183,2024-07-01,84,138.990000,2022-07-31,1,0
994,2020-10-15,1,62.450000,2025-04-15,1,0
2031,2021-10-30,10,235.590000,2022-04-04,1,0
2865,2023-04-20,96,270.830000,2021-03-20,1,0
2058,2023-11-16,89,120.120000,2021-08-06,1,0
783,2022-04-06,34,468.310000,2021-07-03,1,1
1526,2023-06-19,96,364.930000,2022-07-07,1,1
29,2022-12-14,28,479.120000,2022-12-10,1,0
2603,2023-06-11,4,476.110000,2022-09-15,1,1
502,2020-11-07,18,218.490000,2024-12-09,1,1
2908,2022-09-03,95,334.370000,2021-01-16,1,0
2019,2024-10-20,96,396.390000,2023-11-20,1,0
315,2020-09-14,70,238.200000,2022-05-16,1,0
1764,2021-01-04,94,404.740000,2023-08-23,1,0
355,2021-10-06,34,145.310000,2021-01-27,1,0
2111,2023-02-27,65,207.410000,2020-09-12,1,0
1550,2021-03-31,57,273.030000,2023-06-04,1,0
999,2022-10-03,34,398.780000,2025-01-21,1,0
698,2020-08-10,91,243.290000,2022-05-26,1,0
290,2022-10-29,92,18.870000,2021-10-27,1,1
1216,2023-10-17,88,201.810000,2023-10-23,1,0
299,2021-07-05,93,294.480000,2023-04-06,1,0
1182,2020-09-24,2,409.840000,2020-08-30,1,1
1392,2022-07-11,77,138.190000,2021-09-06,1,0
1895,2022-01-03,38,341.930000,2023-10-22,1,0
1317,2024-07-06,47,427.810000,2022-07-01,1,0
609,2022-01-01,58,189.670000,2024-04-21,1,0
613,2021-10-29,11,54.660000,2020-02-07,1,0
1090,2025-01-25,39,221.190000,2021-08-23,1,1
1263,2020-03-16,16,324.540000,2022-03-31,1,0
1571,2023-12-18,32,75.500000,2021-02-11,1,0
1334,2020-11-10,46,311.980000,2021-03-18,1,1
2911,2024-04-02,79,60.270000,2021-10-23,1,0
2106,2023-05-03,90,261.010000,2025-04-18,1,0
2590,2022-05-19,25,72.690000,2020-12-21,1,1
588,2022-12-30,19,118.620000,2020-01-30,1,0
1787,2024-06-15,59,38.770000,2020-09-20,1,1
427,2022-08-13,66,160.000000,2022-11-24,1,0
2563,2020-04-30,16,323.450000,2023-06-18,1,0
1055,2022-06-28,56,314.950000,2020-03-01,1,0
972,2025-02-08,72,42.040000,2024-12-10,1,0
888,2023-03-27,7,164.210000,2021-12-07,1,0
874,2024-09-20,54,112.300000,2024-07-24,1,1
2231,2025-02-28,18,248.370000,2024-08-25,1,0
1513,2023-01-27,90,117.180000,2025-03-15,1,0
2648,2020-06-03,61,253.670000,2023-04-10,1,0
1538,2021-03-23,57,40.660000,2020-09-07,1,1
1107,2020-09-24,16,300.250000,2021-04-08,1,0
323,2024-09-10,94,429.660000,2025-03-12,1,1
1261,2023-08-03,57,46.760000,2022-01-06,1,1
1657,2024-09-07,29,401.110000,2020-04-09,1,1
834,2024-05-13,20,183.100000,2023-05-16,1,0
1294,2021-10-10,5,67.980000,2023-10-14,1,0
49,2024-12-02,18,207.480000,2020-06-29,1,0
145,2024-08-27,1,321.380000,2025-01-04,1,0
2331,2022-11-06,41,197.730000,2025-01-03,1,0
2385,2021-04-09,34,448.470000,2020-05-08,1,0
247,2021-06-03,38,376.770000,2020-11-09,1,0
1442,2022-04-08,80,103.490000,2020-07-11,1,0
2016,2024-12-09,71,469.770000,2023-04-12,1,0
1655,2023-10-21,1,288.090000,2020-05-14,1,1
1734,2023-11-25,65,190.120000,2024-01-02,1,1
2499,2023-03-05,66,311.030000,2022-04-12,1,0
1063,2022-02-03,36,59.630000,2022-10-23,1,0
1240,2023-09-26,96,478.140000,2024-04-23,1,0
2799,2024-06-03,74,100.120000,2020-12-19,1,0
665,2023-12-03,73,219.140000,2022-10-31,1,0
1700,2024-11-03,10,485.870000,2024-03-31,1,1
873,2024-11-03,11,465.430000,2023-07-29,1,0
776,2021-07-06,12,100.050000,2021-12-10,1,0
853,2020-12-18,81,433.310000,2022-02-16,1,0
1486,2020-01-28,22,117.860000,2021-08-17,1,1
803,2023-06-06,63,130.650000,2023-09-21,1,0
943,2020-08-19,7,463.450000,2024-02-18,1,0
2595,2023-04-09,74,269.570000,2022-06-29,1,0
1556,2022-12-26,53,77.700000,2023-09-27,1,0
293,2025-02-17,55,352.910000,2024-06-16,1,0
2767,2020-09-07,5,42.620000,2024-03-09,1,0
810,2023-03-25,69,359.060000,2021-11-29,1,0
1455,2024-08-16,50,325.880000,2023-10-12,1,1
2051,2023-12-20,32,257.350000,2020-06-17,1,1
513,2025-01-14,24,428.640000,2022-09-05,1,0
2393,2025-04-06,2,158.930000,2024-03-06,1,0
1984,2024-03-23,33,31.200000,2021-12-25,1,0
1810,2022-08-19,13,481.570000,2021-12-13,1,0
360,2022-02-18,21,209.290000,2022-11-19,1,0
538,2025-03-04,68,267.300000,2020-02-07,1,0
2692,2020-11-25,86,22.280000,2024-03-18,1,0
2713,2022-10-18,95,313.870000,2025-01-19,1,0
1613,2021-09-18,90,296.790000,2021-02-22,1,0
933,2021-02-24,69,477.890000,2022-05-26,1,0
1646,2020-02-26,91,339.390000,2023-03-28,1,0
1551,2022-05-08,32,84.220000,2022-12-19,1,0
1991,2020-06-18,20,112.790000,2021-04-03,1,0
1371,2022-01-10,21,390.070000,2020-12-03,1,0
980,2020-05-11,25,404.230000,2024-05-10,1,0
1339,2022-04-14,1,310.360000,2022-05-05,1,1
1581,2022-06-23,94,232.420000,2023-04-16,1,0
878,2025-01-13,89,310.960000,2022-02-16,1,0
711,2020-11-13,21,154.580000,2022-12-25,1,0
2673,2022-05-22,24,389.170000,2024-06-09,1,0
48,2024-04-22,73,267.370000,2020-04-05,1,0
1939,2023-11-08,39,411.790000,2023-07-25,1,0
402,2022-11-14,84,431.290000,2020-02-29,1,0
1666,2024-01-30,39,486.260000,2023-01-07,1,0
1973,2024-12-26,19,492.540000,2023-03-11,1,0
408,2021-03-19,1,43.000000,2021-09-23,1,1
2787,2020-10-31,55,275.130000,2024-07-06,1,0
2035,2024-03-22,87,386.330000,2022-08-14,1,0
125,2024-01-22,17,114.680000,2021-09-15,1,0
1084,2020-05-26,23,150.880000,2022-07-27,1,0
1934,2023-05-14,82,252.370000,2021-09-26,1,0
529,2024-09-27,64,438.310000,2020-05-13,1,0
815,2020-12-12,63,261.120000,2020-10-03,1,0
643,2024-12-20,29,204.120000,2021-12-06,1,1
1051,2022-05-11,25,361.530000,2025-01-05,1,0
601,2021-01-30,94,390.930000,2024-02-29,1,0
148,2021-01-18,66,195.330000,2023-11-01,1,1
510,2025-02-15,90,87.410000,2021-05-29,1,0
1193,2024-03-08,59,374.440000,2023-04-15,1,0
1807,2021-06-11,80,408.240000,2023-10-27,1,0
2899,2020-02-27,91,290.390000,2022-09-19,1,0
359,2021-07-30,2,265.730000,2021-01-10,1,1
1214,2025-02-13,94,227.320000,2020-06-22,1,1
2509,2021-06-02,42,143.220000,2023-06-11,1,1
1065,2021-07-27,68,153.900000,2024-05-28,1,1
2177,2024-12-29,32,357.640000,2023-12-07,1,0
1276,2021-03-08,96,121.460000,2022-03-09,1,0
2592,2021-07-01,22,227.130000,2020-12-02,1,0
2120,2020-04-11,79,143.440000,2022-12-30,1,0
2788,2020-10-12,4,462.560000,2020-12-26,1,1
2308,2020-02-22,81,404.190000,2020-01-29,1,0
139,2020-04-26,31,219.240000,2023-08-02,1,0
128,2024-11-24,57,268.760000,2022-09-24,1,0
2766,2021-04-23,81,403.690000,2022-04-03,1,0
1168,2023-03-26,19,303.860000,2022-11-28,1,0
2702,2022-10-12,11,20.580000,2023-07-09,1,0
2506,2021-05-12,83,391.770000,2024-06-24,1,1
294,2021-05-26,34,358.290000,2022-05-28,1,0
228,2023-03-08,13,78.830000,2024-05-21,1,0
1126,2023-08-24,15,348.780000,2025-01-06,1,0
1207,2021-07-23,47,441.060000,2021-12-17,1,1
2524,2022-04-22,54,64.620000,2021-07-21,1,0
1440,2021-09-11,89,71.100000,2025-04-04,1,0
1974,2021-01-20,50,273.060000,2023-07-21,1,1
2877,2023-04-29,95,284.250000,2022-02-18,1,0
2054,2024-05-15,14,316.450000,2022-03-29,1,0
441,2020-06-29,100,185.250000,2022-10-16,1,0
179,2022-10-03,85,106.840000,2020-10-15,1,0
1524,2021-03-22,63,460.550000,2021-09-06,1,0
2946,2024-03-01,84,227.810000,2021-09-13,1,0
1961,2021-08-12,7,475.600000,2023-12-05,1,1
1829,2024-01-20,7,156.930000,2023-10-21,1,0
1349,2024-02-02,10,117.570000,2023-10-13,1,0
2020,2024-10-25,62,310.830000,2021-11-28,1,0
1503,2022-06-20,21,406.720000,2020-03-30,1,0
900,2022-08-23,30,20.160000,2021-04-23,1,1
33,2023-01-27,78,416.040000,2021-06-13,1,0
2462,2023-03-10,80,226.220000,2023-05-22,1,0
466,2023-01-11,91,243.220000,2020-04-13,1,0
1427,2024-12-22,86,361.100000,2023-04-11,1,0
2807,2021-10-06,7,373.060000,2022-01-09,1,0
610,2021-04-18,76,242.590000,2024-02-10,1,1
1566,2021-07-26,23,246.500000,2021-06-22,1,0
472,2024-05-23,75,451.850000,2022-03-26,1,0
2504,2022-02-19,96,484.930000,2023-03-26,1,0
2286,2020-12-02,48,360.210000,2021-12-31,1,0
325,2023-05-18,73,234.770000,2022-12-06,1,0
168,2022-12-29,46,340.700000,2024-02-16,1,0
1605,2020-11-27,65,426.280000,2024-05-02,1,0
449,2021-03-06,71,399.430000,2022-01-06,1,0
1889,2024-04-17,4,104.290000,2022-01-18,1,0
589,2022-12-29,41,252.990000,2022-06-19,1,0
807,2020-05-19,43,290.770000,2020-04-25,1,0
2244,2023-08-22,4,296.200000,2020-11-22,1,0
2730,2020-12-22,9,474.550000,2021-12-16,1,0
193,2022-11-07,84,245.920000,2021-09-19,1,0
1099,2024-08-09,47,314.690000,2021-08-05,1,0
75,2022-11-06,77,23.910000,2022-07-10,1,1
2430,2024-08-09,74,52.800000,2023-06-14,1,0
436,2020-04-11,39,91.560000,2021-07-11,1,0
394,2020-09-16,93,457.580000,2020-06-02,1,0
576,2024-09-21,82,468.840000,2020-06-30,1,0
1950,2024-08-17,93,261.010000,2023-01-07,1,0
903,2025-04-11,2,227.440000,2022-03-26,1,0
1266,2020-12-17,44,492.330000,2023-05-05,1,0
1231,2021-03-20,73,301.060000,2024-05-04,1,1
1241,2024-03-25,59,184.410000,2023-09-17,1,0
2482,2020-03-25,80,471.650000,2020-02-25,1,0
1355,2020-10-18,72,155.930000,2021-12-30,1,0
2264,2023-09-18,59,224.600000,2024-02-23,1,0
69,2021-08-11,63,119.010000,2021-11-21,1,0
1792,2021-11-27,66,283.280000,2021-05-09,1,0
363,2021-11-25,8,247.080000,2024-09-11,1,0
1573,2020-10-18,34,166.760000,2020-10-07,1,0
13,2025-01-28,91,271.100000,2021-02-11,1,0
1890,2022-11-11,89,87.100000,2021-06-01,1,0
426,2025-03-02,86,80.890000,2021-05-21,1,1
1337,2023-02-22,50,350.100000,2023-06-24,1,0
2199,2021-08-14,12,13.650000,2021-01-27,1,0
1325,2022-07-16,61,150.180000,2020-07-21,1,0
1881,2022-04-01,14,352.270000,2024-02-12,1,0
235,2022-02-13,42,273.050000,2021-06-27,1,0
1996,2021-05-08,10,480.440000,2021-04-12,1,1
382,2021-11-11,94,119.320000,2021-04-07,1,0
2189,2025-03-15,96,134.820000,2022-12-05,1,0
1918,2024-05-29,88,431.120000,2020-01-07,1,1
1217,2021-06-15,21,337.940000,2024-01-09,1,0
504,2022-03-09,87,350.090000,2022-06-20,1,0
2993,2024-11-02,85,295.670000,2020-11-16,1,1
631,2020-01-21,72,137.300000,2025-04-19,1,0
291,2020-09-30,60,170.290000,2021-09-15,1,0
1320,2024-05-31,93,318.980000,2023-04-23,1,0
160,2025-02-05,33,126.190000,2020-12-23,1,1
2707,2021-03-25,85,455.790000,2021-06-14,1,0
2717,2025-03-21,80,154.060000,2021-09-07,1,1
2723,2020-11-21,94,23.270000,2023-04-11,1,0
1209,2021-10-31,65,229.880000,2022-04-21,1,0
1718,2020-10-04,18,74.230000,2020-12-22,1,0
350,2024-12-06,75,131.640000,2020-10-07,1,0
443,2021-12-04,52,268.420000,2024-07-30,1,0
1561,2023-12-05,32,133.850000,2020-08-21,1,0
231,2020-09-24,78,172.040000,2022-09-12,1,0
2005,2024-04-05,70,159.840000,2022-05-20,1,0
2108,2023-12-16,30,489.320000,2022-12-22,1,0
1680,2023-04-13,90,462.320000,2024-02-19,1,0
1695,2024-12-02,75,213.320000,2023-02-08,1,1
2554,2023-12-03,37,478.570000,2021-02-05,1,0
2364,2021-03-26,12,75.330000,2023-09-30,1,0
977,2022-05-06,40,472.630000,2022-06-25,1,1
2306,2020-06-26,69,423.450000,2020-03-17,1,1
2983,2020-04-23,69,269.520000,2022-01-12,1,1
1659,2023-02-23,69,360.570000,2022-01-26,1,0
530,2020-06-06,6,244.900000,2021-02-11,1,0
2765,2020-03-10,40,166.000000,2023-01-25,1,0
1358,2024-09-06,87,405.990000,2024-03-29,1,0
949,2023-08-20,91,438.170000,2023-07-12,1,1
2982,2020-10-11,12,435.300000,2022-11-20,1,0
1929,2020-11-23,8,330.660000,2023-03-20,1,0
1290,2022-04-12,44,446.600000,2021-09-12,1,0
2814,2022-09-02,41,348.140000,2024-03-03,1,1
406,2024-01-02,48,265.420000,2022-09-23,1,0
840,2022-01-31,63,55.150000,2022-04-06,1,1
2174,2025-03-23,22,352.150000,2021-11-20,1,0
1917,2023-04-28,58,242.800000,2021-08-10,1,1
2614,2023-06-08,59,193.300000,2020-01-19,1,0
1802,2022-03-09,37,250.750000,2021-07-12,1,0
1785,2024-10-03,18,254.750000,2023-10-31,1,0
1497,2022-01-09,2,181.650000,2025-03-18,1,0
1790,2024-07-13,76,328.730000,2024-04-29,1,0
215,2021-02-08,47,489.490000,2022-04-25,1,0
2571,2023-10-27,61,424.610000,2022-03-29,1,1
500,2021-07-15,71,358.080000,2022-07-10,1,1
1022,2021-10-29,14,437.930000,2020-07-23,1,1
24,2024-08-11,97,372.050000,2021-04-08,1,0
1062,2024-11-22,93,250.600000,2025-04-13,1,0
210,2023-11-28,62,476.200000,2024-08-08,1,0
1072,2023-08-20,21,462.880000,2025-02-28,1,0
1482,2023-04-27,34,359.690000,2021-03-28,1,1
1755,2023-12-12,45,124.160000,2024-10-04,1,0
1583,2024-09-06,91,183.510000,2021-04-18,1,1
188,2022-07-13,89,399.280000,2021-08-22,1,1
2479,2022-05-16,50,35.010000,2022-12-15,1,1
2293,2024-04-29,25,195.820000,2020-11-18,1,0
2136,2020-02-21,93,418.560000,2021-10-30,1,0
2776,2021-06-05,32,163.180000,2023-05-11,1,0
98,2021-09-16,4,65.280000,2021-10-10,1,1
2218,2023-05-23,8,32.640000,2024-12-22,1,0
1327,2021-02-22,67,384.410000,2025-04-16,1,0
2659,2021-08-08,45,45.230000,2021-09-29,1,0
708,2024-11-30,69,27.010000,2021-01-21,1,0
1468,2023-07-07,70,419.890000,2025-02-21,1,0
2400,2023-03-22,73,252.010000,2025-03-13,1,0
2701,2021-10-19,26,166.750000,2022-01-08,1,1
978,2021-09-12,68,477.870000,2023-12-14,1,1
1089,2024-03-27,92,425.510000,2021-01-06,1,1
2341,2021-01-14,53,11.720000,2024-01-02,1,0
2560,2024-01-30,93,376.140000,2024-11-04,1,0
2532,2023-10-01,87,498.970000,2022-11-29,1,0
454,2021-07-22,67,216.920000,2023-03-08,1,0
2720,2020-04-06,12,438.780000,2021-05-27,1,0
2475,2020-11-14,98,13.900000,2023-08-10,1,0
2977,2024-06-20,50,105.410000,2023-12-27,1,0
1860,2020-12-20,41,471.980000,2021-01-05,1,0
2079,2025-03-21,16,127.700000,2021-01-20,1,1
627,2024-08-01,58,273.160000,2024-07-02,1,0
2839,2020-03-08,96,187.910000,2022-03-18,1,0
30,2020-09-08,68,479.110000,2023-07-02,1,0
32,2021-10-06,36,104.450000,2024-10-30,1,0
710,2023-11-24,54,414.250000,2022-04-23,1,0
1567,2020-07-05,81,388.690000,2022-06-16,1,0
1539,2020-01-02,12,217.190000,2023-11-09,1,0
1634,2025-02-06,54,256.550000,2023-09-17,1,0
2578,2022-06-10,8,84.440000,2020-10-04,1,0
1147,2022-12-22,43,114.030000,2023-04-27,1,1
785,2020-04-05,86,74.080000,2025-01-15,1,0
830,2022-12-02,84,496.730000,2021-08-13,1,0
577,2023-11-06,26,88.970000,2023-10-07,1,0
2547,2023-10-12,50,484.270000,2023-01-24,1,0
2440,2023-12-10,6,35.010000,2020-04-07,1,0
1340,2022-02-11,11,494.620000,2022-03-18,1,0
615,2020-11-26,60,54.200000,2021-11-18,1,1
2501,2024-09-06,66,274.790000,2025-02-09,1,1
906,2023-02-20,96,348.080000,2023-02-23,1,0
1730,2024-09-18,77,386.000000,2021-11-16,1,0
2426,2023-07-11,18,81.070000,2020-08-01,1,0
1071,2020-07-24,27,431.190000,2023-12-07,1,0
1832,2020-08-10,71,237.560000,2024-08-28,1,0
1923,2021-10-08,46,132.820000,2023-09-02,1,0
368,2023-01-09,30,25.880000,2021-10-29,1,0
705,2020-01-28,47,118.400000,2020-04-19,1,0
431,2024-06-18,54,469.080000,2024-09-21,1,0
1016,2022-04-02,63,158.960000,2023-12-12,1,0
2041,2023-05-19,8,241.450000,2020-11-30,1,0
2431,2023-05-03,31,469.790000,2023-07-10,1,0
2557,2021-03-24,19,74.250000,2022-01-15,1,0
419,2020-04-21,25,98.840000,2023-09-12,1,0
1064,2021-05-19,96,177.880000,2024-02-01,1,0
2555,2023-10-23,73,108.690000,2025-01-22,1,0
1056,2022-12-16,79,304.110000,2023-05-28,1,0
1324,2024-02-23,78,171.190000,2023-02-02,1,0
1848,2021-08-06,55,271.410000,2020-05-22,1,1
1069,2021-04-10,41,339.540000,2020-09-02,1,0
2083,2024-12-25,12,337.170000,2022-03-05,1,0
1601,2025-01-23,13,254.380000,2020-09-14,1,0
2696,2022-10-19,83,142.600000,2023-07-21,1,1
1856,2022-10-19,55,366.550000,2022-12-11,1,0
1097,2020-12-07,73,102.900000,2020-01-04,1,0
663,2023-01-17,55,296.150000,2024-11-21,1,0
2460,2023-01-21,39,266.170000,2020-11-11,1,0
2539,2022-10-12,1,346.560000,2024-05-17,1,1
2642,2022-06-15,81,279.290000,2020-12-07,1,0
428,2022-10-08,11,52.710000,2023-10-16,1,0
133,2021-02-17,69,468.550000,2024-08-11,1,0
1465,2020-09-19,96,93.530000,2020-09-16,1,0
2525,2023-03-27,93,308.070000,2022-09-24,1,0
165,2021-07-29,83,109.660000,2023-04-03,1,0
2756,2021-11-14,63,440.830000,2022-12-21,1,0
1452,2023-03-03,71,349.700000,2021-10-05,1,1
1338,2023-10-29,23,140.580000,2022-03-19,1,0
932,2024-06-18,33,453.950000,2024-04-18,1,1
860,2024-11-29,60,17.000000,2024-11-18,1,0
2074,2025-04-20,52,299.500000,2024-08-23,1,1
717,2022-03-25,74,482.500000,2024-11-18,1,1
668,2020-10-12,85,126.350000,2021-09-05,1,0
2907,2023-04-01,63,32.660000,2022-12-05,1,0
2001,2022-08-25,13,244.200000,2021-03-13,1,0
2351,2023-05-03,98,133.280000,2022-11-18,1,0
1884,2020-03-25,26,95.190000,2022-09-21,1,1
1684,2020-11-09,95,327.170000,2023-05-14,1,1
2962,2021-07-13,84,312.470000,2023-02-09,1,0
2674,2021-01-18,93,315.760000,2024-01-28,1,1
2129,2020-08-08,72,340.350000,2024-02-16,1,0
2217,2023-06-20,57,169.600000,2023-08-17,1,0
1908,2023-07-09,26,244.900000,2022-05-18,1,0
233,2020-01-15,50,11.520000,2020-01-16,1,1
109,2020-10-26,34,142.020000,2022-12-21,1,0
366,2023-05-02,34,260.300000,2020-11-08,1,0
261,2023-01-30,27,378.470000,2022-01-12,1,0
688,2023-09-19,58,96.030000,2020-12-23,1,0
1164,2022-10-04,67,192.950000,2021-05-18,1,0
1568,2024-10-27,43,47.620000,2020-08-16,1,0
140,2022-08-13,42,274.860000,2022-04-01,1,0
638,2022-05-04,89,274.930000,2022-09-03,1,0
1173,2023-06-10,35,169.160000,2023-10-31,1,0
766,2025-01-04,77,204.450000,2022-04-08,1,0
1367,2024-04-08,73,15.290000,2024-06-25,1,0
671,2023-10-04,92,216.430000,2022-11-19,1,0
1395,2022-03-02,28,219.500000,2022-07-31,1,0
1309,2023-12-04,99,153.410000,2022-09-07,1,0
2003,2022-09-25,9,325.420000,2020-12-30,1,1
957,2023-01-02,3,140.590000,2022-06-03,1,0
2309,2025-03-23,17,499.830000,2024-03-08,1,0
1879,2022-01-06,49,337.560000,2021-11-18,1,1
1201,2023-05-18,61,237.690000,2024-03-01,1,0
1699,2023-01-31,61,427.260000,2024-02-17,1,0
885,2022-11-11,32,410.560000,2020-12-30,1,0
692,2024-06-30,54,460.070000,2022-10-19,1,1
1751,2022-03-16,92,114.960000,2025-02-06,1,0
2897,2023-05-25,61,340.730000,2020-02-09,1,0
1903,2024-07-29,10,490.760000,2023-08-14,1,0
2230,2022-01-31,63,337.870000,2023-12-08,1,0
1271,2024-04-18,66,355.180000,2021-07-17,1,0
256,2023-06-22,95,118.780000,2022-03-08,1,1
2165,2024-10-30,20,279.250000,2022-06-24,1,0
1353,2025-02-21,35,382.700000,2020-07-23,1,0
546,2022-03-15,33,375.520000,2022-04-02,1,0
2384,2020-12-25,49,440.610000,2021-01-17,1,1
154,2022-08-01,40,197.870000,2024-07-11,1,0
20,2020-02-04,77,79.390000,2021-12-23,1,1
1245,2022-11-13,76,443.690000,2023-03-20,1,0
412,2023-10-10,13,327.840000,2021-04-24,1,1
348,2021-02-21,25,386.710000,2021-05-15,1,0
1485,2020-07-15,66,454.510000,2023-12-23,1,0
468,2021-06-11,54,335.730000,2024-12-31,1,1
2049,2022-01-18,24,386.800000,2020-06-11,1,1
2782,2020-04-02,11,206.240000,2024-11-11,1,1
358,2022-01-21,50,401.220000,2024-12-26,1,0
1516,2023-07-03,32,129.660000,2022-05-30,1,0
2570,2025-01-28,81,467.130000,2024-01-09,1,0
2024,2023-06-04,90,27.310000,2023-10-07,1,0
1947,2023-03-31,22,196.150000,2020-12-14,1,0
1302,2023-04-12,18,135.370000,2023-02-08,1,0
553,2022-03-28,68,153.510000,2024-06-10,1,0
1808,2021-03-01,87,54.960000,2024-06-21,1,1
1945,2022-11-21,82,452.620000,2021-01-18,1,0
892,2022-03-24,17,358.850000,2025-01-02,1,0
928,2023-02-11,12,422.670000,2021-09-27,1,0
1715,2025-01-25,100,494.740000,2021-08-26,1,0
122,2024-09-22,32,46.120000,2022-01-04,1,1
2455,2024-09-29,72,103.630000,2023-07-08,1,1
2265,2023-12-10,43,281.120000,2023-01-28,1,0
792,2020-01-14,42,447.350000,2023-01-12,1,0
2150,2024-03-07,40,481.980000,2022-03-10,1,0
303,2021-04-25,35,377.020000,2022-08-22,1,0
1692,2022-11-26,35,400.250000,2021-01-04,1,0
1017,2024-01-20,45,347.570000,2021-11-21,1,0
1937,2024-11-27,13,338.350000,2020-06-20,1,0
1122,2021-10-06,70,187.370000,2020-10-11,1,0
1198,2023-04-04,65,325.600000,2024-07-08,1,1
2180,2020-03-03,96,448.530000,2025-01-19,1,1
714,2025-04-22,100,286.320000,2020-11-13,1,0
1405,2021-11-25,19,230.510000,2024-02-20,1,1
1842,2021-08-28,41,463.570000,2023-03-16,1,0
2387,2020-05-19,20,219.880000,2021-05-09,1,0
1316,2023-12-26,10,158.130000,2022-05-12,1,0
1086,2023-03-17,78,46.010000,2023-03-04,1,1
1132,2022-08-07,11,141.780000,2021-04-28,1,0
2927,2020-11-16,12,293.960000,2022-08-06,1,0
1944,2023-03-09,56,317.300000,2023-11-15,1,0
1081,2025-04-15,52,407.180000,2022-05-23,1,1
1854,2022-02-10,56,236.650000,2022-06-12,1,0
1588,2021-02-12,37,313.390000,2024-02-28,1,0
38,2020-05-25,13,455.430000,2025-03-30,1,1
2138,2023-04-20,3,476.070000,2022-02-09,1,0
2356,2023-01-19,17,315.950000,2021-04-19,1,0
2580,2022-07-04,98,237.410000,2020-03-07,1,0
1377,2023-09-13,65,119.970000,2021-09-04,1,0
37,2023-11-15,41,93.660000,2021-08-24,1,0
867,2022-08-11,76,90.170000,2021-06-27,1,0
2496,2022-09-28,28,468.660000,2021-07-09,1,0
1982,2022-05-12,68,201.760000,2024-12-20,1,0
2324,2024-03-16,92,251.080000,2022-04-28,1,0
2432,2020-09-11,7,273.270000,2021-02-04,1,0
2379,2023-08-15,48,436.650000,2023-01-15,1,0
1057,2024-09-25,84,229.250000,2024-04-17,1,1
2093,2025-01-30,14,445.070000,2023-01-06,1,0
1495,2023-09-08,86,13.020000,2024-11-10,1,0
1237,2024-12-03,44,490.450000,2021-10-01,1,0
2900,2021-06-30,10,250.020000,2025-04-07,1,0
2337,2020-06-02,59,294.920000,2024-04-04,1,0
1014,2021-10-28,67,59.070000,2024-06-01,1,0
103,2021-01-23,98,462.770000,2021-12-10,1,0
2576,2022-07-29,98,497.230000,2023-12-05,1,0
289,2022-07-06,25,109.280000,2023-02-21,1,0
1756,2024-02-24,21,494.740000,2020-04-21,1,0
2234,2021-01-23,8,201.170000,2020-06-22,1,0
1614,2020-12-31,100,83.270000,2023-08-22,1,0
1422,2025-01-30,86,307.930000,2020-04-01,1,1
2500,2023-07-27,6,151.460000,2020-01-26,1,0
2254,2020-09-02,45,83.930000,2021-03-31,1,0
1119,2022-03-02,44,257.970000,2022-02-28,1,0
2075,2023-12-09,62,294.500000,2023-02-15,1,0
1171,2022-12-04,19,340.320000,2024-03-03,1,1
2922,2022-02-21,37,97.640000,2024-03-13,1,1
2757,2020-03-05,62,322.070000,2024-05-19,1,0
21,2020-04-10,53,408.560000,2023-12-30,1,0
1054,2024-01-01,6,254.870000,2023-08-02,1,1
1504,2023-11-01,93,57.130000,2022-07-15,1,0
2790,2022-09-20,1,213.080000,2023-07-21,1,1
914,2020-02-15,9,480.640000,2023-09-23,1,0
544,2021-03-02,50,309.440000,2024-08-09,1,0
2406,2021-08-11,67,454.690000,2020-01-30,1,1
151,2023-06-08,44,454.400000,2020-09-11,1,1
2445,2022-03-31,83,138.180000,2021-02-02,1,1
2375,2024-07-17,99,407.670000,2020-09-28,1,0
1505,2023-09-19,47,409.830000,2020-08-06,1,0
2322,2021-08-11,84,431.900000,2023-01-19,1,0
817,2024-07-18,91,239.560000,2024-03-20,1,0
1226,2024-07-17,28,173.440000,2020-01-12,1,0
2102,2025-03-03,93,147.600000,2023-09-02,1,0
2629,2020-04-26,43,164.650000,2023-11-23,1,1
2245,2021-05-21,28,21.480000,2024-09-09,1,0
2099,2024-04-14,24,82.940000,2022-10-17,1,0
36,2021-06-12,40,459.100000,2023-05-13,1,1
1517,2024-03-06,33,274.420000,2021-07-28,1,1
1729,2024-02-18,52,294.490000,2020-12-04,1,0
392,2020-12-03,34,386.820000,2024-12-15,1,0
2457,2021-04-12,50,259.790000,2021-05-11,1,1
1148,2020-06-04,6,402.270000,2020-04-29,1,0
2952,2022-01-27,8,241.200000,2024-04-17,1,0
2854,2021-09-24,26,83.670000,2024-09-07,1,1
2323,2020-10-26,88,384.830000,2020-06-06,1,0
891,2024-07-03,32,117.530000,2021-08-08,1,1
636,2024-09-27,41,170.540000,2021-06-09,1,0
1228,2021-07-28,50,147.440000,2021-11-10,1,0
226,2020-12-01,35,18.920000,2024-03-06,1,0
684,2022-04-02,6,52.690000,2021-11-16,1,0
1872,2023-04-22,47,87.540000,2021-12-17,1,0
1256,2020-11-21,3,371.790000,2024-05-13,1,0
460,2022-12-09,54,293.300000,2021-06-18,1,0
676,2023-09-16,37,123.080000,2020-05-27,1,0
378,2021-10-31,69,408.950000,2025-01-26,1,0
214,2021-02-01,98,497.280000,2022-10-26,1,1
831,2021-11-11,40,222.260000,2023-02-25,1,0
829,2020-07-13,89,446.590000,2022-11-01,1,0
955,2025-02-26,26,192.570000,2021-12-25,1,0
1518,2021-06-26,78,37.600000,2020-04-05,1,0
2420,2023-04-06,34,468.430000,2022-01-03,1,0
1169,2021-08-25,75,414.420000,2024-05-07,1,0
2017,2025-01-19,93,459.810000,2020-06-02,1,1
1,2022-10-10,67,212.940000,2024-04-14,1,0
276,2023-11-20,86,443.670000,2021-08-12,1,1
1767,2023-11-24,25,320.240000,2025-03-01,1,0
1852,2024-07-13,7,36.680000,2023-05-01,1,0
679,2020-03-12,72,479.000000,2020-07-22,1,0
416,2023-05-19,26,310.290000,2020-11-28,1,0
1357,2023-01-06,60,475.440000,2022-09-14,1,0
2015,2021-08-02,47,465.710000,2021-11-30,1,0
2846,2020-10-31,55,388.580000,2023-05-02,1,0
2295,2020-12-22,34,82.660000,2020-03-24,1,0
2778,2021-02-16,83,353.630000,2023-12-30,1,0
1675,2020-09-14,42,50.890000,2024-04-07,1,0
1869,2024-10-30,71,218.470000,2023-07-30,1,0
808,2023-09-19,19,222.660000,2023-02-04,1,1
2275,2023-09-22,79,176.440000,2021-04-24,1,0
476,2021-11-09,23,21.730000,2020-12-01,1,0
104,2021-02-18,84,24.670000,2025-03-25,1,0
1103,2022-01-04,56,140.250000,2021-02-16,1,0
1332,2024-01-25,32,397.810000,2021-01-01,1,0
791,2020-07-05,95,87.320000,2023-08-30,1,0
743,2024-04-28,22,237.320000,2023-09-01,1,0
2433,2021-03-18,99,238.230000,2020-12-27,1,1
1584,2023-05-18,59,423.840000,2022-02-17,1,0
489,2021-03-16,8,475.290000,2024-12-31,1,1
2357,2022-08-07,89,106.750000,2021-03-26,1,0
881,2022-03-20,93,384.360000,2021-11-20,1,0
2179,2020-05-19,22,422.710000,2024-01-01,1,0
2239,2020-05-05,9,173.870000,2024-08-08,1,0
559,2020-04-28,63,235.960000,2025-01-31,1,1
1484,2022-08-05,22,381.100000,2024-01-19,1,0
593,2024-07-24,49,437.970000,2023-03-11,1,0
2104,2022-06-18,1,345.610000,2020-07-01,1,0
1254,2024-10-28,38,93.630000,2021-09-21,1,0
2859,2023-11-21,22,436.390000,2022-04-17,1,0
2287,2024-06-09,51,180.430000,2020-01-11,1,0
1983,2024-10-29,88,217.890000,2023-06-25,1,1
1229,2020-04-21,36,495.310000,2020-12-17,1,0
2248,2021-03-24,14,490.840000,2021-01-09,1,0
1722,2021-04-10,56,79.860000,2020-03-06,1,0
2913,2020-07-17,5,145.510000,2021-01-10,1,0
828,2022-10-05,14,273.970000,2021-06-01,1,0
2103,2024-08-19,31,67.990000,2025-01-12,1,0
1018,2021-05-13,53,306.740000,2023-03-10,1,0
990,2024-09-03,12,186.300000,2020-09-19,1,1
1223,2023-02-11,5,222.370000,2022-01-22,1,0
1116,2024-04-25,3,281.380000,2023-11-03,1,0
1586,2021-03-23,6,482.690000,2021-05-12,1,0
2477,2021-08-25,43,473.990000,2024-03-15,1,0
682,2022-04-20,55,399.710000,2022-07-29,1,0
793,2023-04-22,25,125.020000,2025-02-24,1,0
2978,2020-11-13,33,307.210000,2020-02-06,1,0
2744,2024-01-20,56,37.200000,2023-10-01,1,1
913,2020-08-06,52,424.530000,2020-06-09,1,0
1094,2021-11-19,88,406.200000,2021-05-04,1,0
72,2023-01-22,59,378.350000,2023-09-28,1,0
800,2025-01-06,64,196.300000,2022-10-24,1,0
1397,2022-08-09,32,156.010000,2021-03-25,1,0
2350,2025-04-17,18,454.280000,2022-10-30,1,1
2543,2024-03-25,36,210.480000,2022-09-26,1,0
1905,2022-07-08,44,490.660000,2020-10-24,1,0
1521,2020-03-04,16,263.370000,2022-04-04,1,0
1637,2024-04-22,58,140.320000,2020-07-09,1,0
1658,2021-04-04,50,159.900000,2021-01-26,1,0
1124,2020-10-30,4,163.390000,2021-04-24,1,1
661,2023-05-29,98,417.570000,2022-03-06,1,0
895,2025-02-02,5,153.090000,2024-04-30,1,1
2471,2024-02-07,88,65.470000,2021-09-29,1,1
2853,2022-04-16,90,325.660000,2024-09-28,1,0
1667,2021-10-08,8,492.990000,2024-10-15,1,0
1410,2025-04-12,74,140.470000,2023-11-03,1,1
969,2024-03-09,58,326.820000,2024-04-03,1,1
2340,2020-11-21,53,158.250000,2023-06-04,1,0
2486,2023-04-28,31,372.370000,2022-07-21,1,0
1975,2022-02-12,62,495.840000,2025-01-20,1,0
2876,2021-02-20,72,157.090000,2020-01-19,1,0
1010,2022-01-29,46,193.270000,2022-01-07,1,0
2395,2023-09-03,85,88.760000,2021-06-23,1,0
2745,2020-10-24,28,363.830000,2022-02-22,1,0
882,2022-11-12,16,453.580000,2022-05-07,1,0
2503,2020-04-19,21,59.810000,2023-04-10,1,0
2708,2024-12-05,94,94.590000,2021-03-28,1,0
2380,2024-12-13,73,478.090000,2022-08-08,1,0
1287,2025-03-28,39,25.370000,2020-12-13,1,0
252,2020-12-05,98,340.660000,2024-06-28,1,0
1005,2022-06-27,95,455.570000,2021-10-09,1,0
524,2022-03-10,75,292.820000,2024-11-15,1,0
591,2024-06-05,26,17.450000,2020-10-17,1,0
1418,2021-12-16,75,264.440000,2024-01-29,1,1
2681,2025-01-31,30,246.300000,2022-07-17,1,1
92,2022-11-21,38,139.080000,2024-05-09,1,0
2652,2022-04-12,99,338.220000,2024-12-27,1,0
1412,2020-10-03,79,30.530000,2023-10-20,1,1
1702,2021-04-11,53,477.940000,2022-05-30,1,0
379,2023-01-27,1,136.060000,2023-05-08,1,0
1048,2021-11-05,73,106.280000,2023-04-13,1,0
2416,2023-11-25,85,462.640000,2020-06-29,1,0
2636,2021-06-25,78,264.360000,2022-10-27,1,0
2725,2025-01-16,40,316.230000,2024-04-20,1,0
1436,2022-09-12,78,192.730000,2023-10-16,1,0
1522,2022-02-06,79,240.100000,2021-10-18,1,0
2410,2020-07-21,26,224.430000,2023-06-15,1,0
2353,2020-12-12,85,320.820000,2023-03-24,1,0
2472,2023-11-30,83,248.270000,2021-02-07,1,0
600,2021-01-04,85,239.100000,2022-12-19,1,0
2382,2023-10-20,62,242.190000,2024-05-06,1,0
1768,2022-05-31,30,401.230000,2022-05-06,1,0
142,2024-09-29,17,151.450000,2024-12-30,1,1
2545,2021-10-21,78,262.340000,2020-12-13,1,0
2307,2023-09-01,8,348.020000,2021-03-10,1,1
1727,2021-03-03,85,382.570000,2023-04-19,1,0
219,2021-05-22,15,309.540000,2023-10-14,1,0
241,2022-05-18,93,434.840000,2020-06-22,1,0
272,2022-11-22,2,21.610000,2023-05-12,1,1
1399,2022-07-06,72,156.770000,2020-06-01,1,0
1694,2023-05-16,93,372.250000,2021-12-18,1,0
694,2020-11-28,84,417.830000,2021-04-30,1,0
1512,2024-07-25,66,400.170000,2020-03-31,1,0
1454,2021-08-01,80,269.960000,2022-06-11,1,0
1142,2023-06-07,41,366.100000,2023-04-20,1,1
137,2021-01-29,31,92.630000,2021-09-05,1,1
106,2021-07-24,55,478.460000,2022-04-26,1,0
1781,2020-03-26,51,270.440000,2020-05-29,1,1
2013,2022-09-16,17,419.130000,2023-05-01,1,1
2263,2021-05-29,100,204.820000,2020-05-29,1,0
99,2022-11-10,91,453.980000,2021-04-17,1,0
1330,2024-07-10,64,429.310000,2020-04-04,1,0
462,2020-10-11,99,369.360000,2022-01-04,1,0
274,2023-12-22,42,353.240000,2020-09-15,1,1
1255,2024-08-12,70,103.370000,2023-03-30,1,0
162,2021-01-20,48,421.230000,2021-05-13,1,0
352,2020-06-18,69,95.340000,2022-07-28,1,0
2873,2024-03-02,63,397.880000,2021-03-16,1,0
1032,2024-02-18,27,425.990000,2023-09-20,1,0
1558,2022-10-10,7,326.020000,2020-05-31,1,1
127,2021-08-21,38,50.780000,2024-08-02,1,0
880,2023-10-04,74,87.840000,2021-05-22,1,0
967,2021-05-12,1,95.530000,2025-04-18,1,0
1607,2024-03-01,20,326.310000,2021-05-03,1,0
1242,2020-08-05,33,452.740000,2022-08-14,1,0
508,2021-05-18,35,153.000000,2025-01-05,1,0
2768,2021-06-21,47,137.450000,2021-09-26,1,0
673,2023-12-13,97,213.460000,2021-07-16,1,1
2211,2022-09-18,47,157.370000,2022-08-30,1,0
465,2023-06-05,28,167.900000,2023-06-16,1,0
52,2020-05-25,24,105.870000,2020-06-14,1,0
45,2020-08-02,40,136.460000,2021-02-16,1,0
1281,2021-12-26,83,148.920000,2024-08-21,1,0
15,2023-05-24,70,70.520000,2021-08-23,1,0
1861,2021-05-11,25,329.520000,2023-05-22,1,0
1818,2020-08-18,20,330.970000,2022-05-09,1,0
2310,2021-12-17,11,327.600000,2022-08-03,1,0
2857,2021-04-27,43,67.060000,2025-01-19,1,0
2662,2020-11-10,14,158.110000,2024-05-06,1,0
185,2020-04-01,99,202.940000,2024-09-14,1,0
704,2022-08-07,18,78.080000,2022-10-19,1,0
1328,2021-01-25,21,103.780000,2022-05-12,1,0
421,2022-03-07,50,359.180000,2024-03-18,1,1
672,2022-03-22,75,480.870000,2020-02-11,1,0
2334,2022-03-07,57,168.710000,2024-06-09,1,0
1106,2021-03-02,88,118.770000,2024-03-08,1,0
2057,2020-10-27,82,325.610000,2021-04-03,1,0
2419,2022-04-22,61,121.580000,2020-11-12,1,0
2834,2022-06-16,64,224.110000,2021-11-29,1,0
121,2022-08-14,57,71.070000,2022-04-15,1,0
2279,2021-11-06,7,383.560000,2022-09-22,1,0
983,2023-12-06,32,22.320000,2021-12-14,1,0
2498,2020-08-23,67,308.400000,2020-02-26,1,0
1954,2024-09-01,13,476.510000,2021-05-22,1,0
2256,2021-10-19,92,175.060000,2024-05-21,1,0
3000,2021-04-19,48,389.610000,2023-02-25,1,0
1744,2024-10-28,100,333.710000,2023-08-01,1,0
295,2024-03-29,58,240.010000,2020-01-18,1,1
1749,2021-02-21,52,420.320000,2024-07-06,1,0
1580,2020-04-27,58,112.540000,2024-03-11,1,0
2202,2023-01-12,66,237.750000,2021-05-08,1,1
1544,2020-12-03,78,24.830000,2023-07-12,1,0
2538,2022-08-31,91,107.320000,2022-07-23,1,1
1052,2020-07-20,96,248.720000,2023-01-18,1,0
114,2020-11-23,44,49.650000,2023-10-13,1,0
2831,2021-11-05,39,366.490000,2020-01-26,1,0
2262,2022-04-22,67,420.320000,2021-11-11,1,1
689,2020-06-27,53,197.100000,2021-10-20,1,0
1652,2023-09-17,60,256.320000,2024-03-10,1,0
2969,2024-10-20,84,40.370000,2024-12-13,1,1
2269,2024-03-08,67,82.200000,2020-05-09,1,0
667,2021-06-24,9,156.280000,2020-10-29,1,0
410,2023-12-29,58,295.390000,2024-04-18,1,0
572,2024-06-03,51,427.070000,2022-12-06,1,0
2492,2023-11-27,23,176.560000,2020-08-21,1,0
1172,2025-02-14,78,152.010000,2023-07-13,1,0
1002,2025-02-20,30,477.040000,2021-02-12,1,0
1540,2022-01-02,51,48.960000,2024-07-03,1,0
2411,2022-11-06,38,205.350000,2023-01-06,1,1
2634,2022-11-22,15,464.040000,2024-05-31,1,0
2390,2024-06-18,97,452.010000,2021-06-20,1,0
2167,2024-02-21,65,160.410000,2023-08-19,1,0
2101,2020-04-17,95,422.310000,2023-05-24,1,0
391,2022-04-23,48,216.770000,2022-09-16,1,0
1125,2020-05-03,62,197.420000,2024-02-28,1,0
2605,2021-12-12,97,298.300000,2023-10-06,1,0
2519,2021-04-15,77,123.210000,2024-03-03,1,0
2964,2020-02-04,17,446.020000,2024-11-29,1,1
924,2022-05-16,13,96.750000,2021-07-17,1,1
278,2020-08-09,85,165.340000,2021-02-13,1,0
275,2025-02-16,42,407.450000,2020-03-13,1,1
872,2021-09-29,50,375.880000,2022-07-28,1,0
935,2022-01-23,72,219.200000,2021-03-15,1,0
1015,2024-03-22,69,78.380000,2024-05-13,1,0
2494,2020-01-11,99,228.860000,2020-02-27,1,1
2201,2023-12-05,88,150.970000,2023-01-11,1,0
1391,2022-06-25,13,262.390000,2023-01-02,1,0
2226,2021-03-07,70,305.210000,2020-11-19,1,0
1596,2020-06-22,95,25.730000,2020-05-17,1,1
205,2022-01-09,83,25.250000,2020-04-19,1,0
1303,2023-04-16,56,15.840000,2021-05-30,1,0
816,2024-01-27,1,306.150000,2020-03-20,1,0
351,2022-09-23,36,299.650000,2024-09-30,1,0
2413,2024-12-23,68,61.160000,2025-04-10,1,0
2588,2022-08-04,7,35.710000,2023-09-29,1,0
1259,2022-05-24,100,342.640000,2020-10-30,1,0
1393,2024-07-10,20,180.890000,2020-05-31,1,1
1577,2025-04-18,74,173.590000,2022-09-19,1,0
556,2023-04-22,27,197.460000,2020-01-31,1,0
598,2025-02-25,25,51.440000,2024-01-31,1,0
248,2022-09-25,11,62.890000,2021-02-17,1,0
1386,2022-05-15,1,204.860000,2021-07-26,1,1
119,2021-05-01,69,420.160000,2021-01-05,1,0
2391,2022-11-21,86,459.020000,2022-04-11,1,0
2905,2024-02-05,74,106.660000,2020-10-31,1,0
324,2024-11-07,41,249.500000,2021-06-27,1,1
1878,2022-06-04,96,365.640000,2024-11-03,1,0
2896,2023-12-10,16,56.440000,2020-01-29,1,1
2793,2021-03-28,82,141.030000,2020-04-19,1,0
1759,2023-01-27,13,231.220000,2024-05-20,1,0
2442,2024-08-19,16,73.560000,2021-01-12,1,0
326,2022-10-30,38,328.100000,2022-11-16,1,1
1624,2023-08-21,25,326.230000,2023-04-23,1,0
375,2025-01-11,78,325.630000,2021-04-20,1,0
2691,2024-10-30,26,432.300000,2025-03-21,1,1
2961,2023-07-16,30,441.230000,2020-11-06,1,0
2986,2024-04-12,92,475.340000,2021-06-23,1,0
1640,2021-05-28,98,34.860000,2020-09-10,1,0
2517,2024-09-18,67,462.740000,2024-08-03,1,0
763,2022-02-18,97,432.840000,2024-11-21,1,0
721,2021-05-23,36,304.200000,2023-10-03,1,0
1591,2023-03-15,5,368.230000,2021-05-17,1,0
115,2024-02-19,96,416.980000,2022-04-08,1,0
629,2022-09-27,86,87.990000,2022-02-09,1,0
2124,2021-11-14,37,468.340000,2023-11-11,1,0
1283,2021-11-25,59,60.870000,2023-10-28,1,0
2534,2021-09-04,76,364.170000,2024-02-06,1,0
1876,2022-06-25,36,353.520000,2023-10-24,1,0
536,2025-02-03,69,235.510000,2023-12-17,1,0
65,2021-09-30,29,270.820000,2023-01-28,1,1
1305,2020-03-13,34,441.260000,2022-08-22,1,1
535,2025-03-04,15,454.560000,2023-11-04,1,0
1178,2024-08-11,31,135.670000,2021-07-23,1,1
1009,2024-04-13,27,208.540000,2023-02-26,1,0
617,2025-04-19,39,486.510000,2025-02-28,1,1
2902,2023-04-15,3,360.440000,2024-05-08,1,0
371,2021-04-23,5,203.060000,2021-01-09,1,0
1067,2021-02-06,60,170.880000,2023-03-16,1,1
1451,2020-10-08,81,362.280000,2024-06-01,1,0
1461,2023-01-29,86,306.390000,2022-01-28,1,0
505,2023-02-02,13,321.550000,2022-02-08,1,0
1042,2021-01-10,69,437.090000,2023-04-27,1,0
164,2022-05-06,11,160.780000,2020-06-18,1,0
2863,2021-03-20,30,326.820000,2023-11-11,1,0
76,2020-01-24,96,293.230000,2021-05-26,1,1
1190,2023-05-27,73,174.580000,2023-02-10,1,0
2684,2020-03-25,22,15.180000,2023-09-20,1,1
1066,2024-06-27,54,282.120000,2021-10-23,1,1
1720,2023-12-09,62,363.940000,2021-04-30,1,0
575,2023-10-10,74,215.810000,2025-01-22,1,0
1821,2021-11-15,52,25.120000,2023-08-27,1,0
735,2020-11-29,64,365.640000,2023-08-14,1,0
2345,2024-09-01,42,297.550000,2024-08-16,1,0
2987,2022-10-26,71,51.680000,2022-10-31,1,1
2288,2024-04-26,40,491.900000,2021-10-01,1,0
847,2020-07-12,22,487.950000,2021-10-08,1,0
369,2020-11-12,4,253.380000,2022-12-05,1,1
2283,2022-01-17,67,108.060000,2024-01-23,1,0
2675,2020-09-16,96,432.310000,2022-07-27,1,0
2593,2024-03-11,46,324.310000,2023-07-29,1,0
2801,2024-03-14,23,459.820000,2020-08-31,1,0
1791,2020-01-12,51,343.480000,2020-03-02,1,1
2609,2020-11-22,86,146.200000,2020-08-12,1,0
89,2020-04-23,58,429.270000,2022-11-12,1,0
982,2023-03-30,90,372.250000,2023-06-04,1,1
541,2021-12-18,63,326.770000,2024-11-01,1,0
2033,2023-04-20,88,194.430000,2024-02-08,1,0
170,2022-11-03,79,137.070000,2024-11-17,1,0
2512,2022-11-23,31,311.530000,2025-01-09,1,1
1137,2024-06-15,11,406.190000,2023-07-29,1,0
2903,2020-08-12,41,329.280000,2024-01-03,1,0
769,2020-03-06,99,148.140000,2021-06-03,1,0
2491,2024-08-07,49,383.770000,2020-07-20,1,0
1820,2020-12-02,59,181.380000,2020-10-11,1,0
2653,2024-08-31,34,176.210000,2025-01-15,1,0
628,2021-08-10,53,225.480000,2022-03-22,1,0
2763,2022-09-22,75,138.050000,2024-07-18,1,0
232,2023-10-26,3,224.350000,2024-11-16,1,0
1859,2022-01-08,81,122.760000,2021-11-17,1,1
1093,2023-05-27,26,86.200000,2022-02-28,1,0
2611,2022-10-12,86,409.690000,2021-01-01,1,1
1763,2025-02-22,97,257.040000,2025-02-05,1,0
2647,2024-02-08,17,78.140000,2025-02-07,1,0
1487,2022-09-04,70,54.510000,2021-02-04,1,0
190,2021-10-03,28,430.320000,2020-02-02,1,0
2754,2020-01-29,60,122.160000,2025-03-11,1,0
1076,2024-10-24,91,431.780000,2023-12-13,1,0
894,2020-10-28,69,247.520000,2023-08-26,1,0
532,2021-05-23,72,277.240000,2022-10-27,1,0
646,2024-05-02,43,271.680000,2025-02-07,1,0
2396,2021-03-28,50,396.720000,2021-01-01,1,0
2153,2021-06-03,8,103.350000,2021-10-01,1,0
722,2023-01-22,81,85.810000,2020-01-03,1,0
1765,2020-07-22,15,163.900000,2023-04-05,1,0
1006,2022-07-21,17,160.730000,2022-11-06,1,0
2456,2020-11-11,75,47.650000,2023-02-28,1,0
1111,2020-03-04,83,470.160000,2023-09-08,1,0
2252,2022-03-03,55,141.600000,2023-09-08,1,1
2541,2022-05-03,75,160.870000,2022-09-11,1,0
5,2020-02-22,85,146.360000,2022-01-15,1,0
1656,2023-09-21,66,81.780000,2021-05-05,1,0
1762,2020-06-25,24,39.700000,2021-04-24,1,0
2470,2021-01-07,98,82.460000,2020-06-26,1,0
877,2024-11-28,39,72.670000,2023-08-16,1,0
788,2020-04-28,28,420.420000,2024-10-03,1,1
1252,2023-11-06,21,391.540000,2025-01-08,1,0
2452,2023-05-16,56,469.690000,2022-04-15,1,0
612,2022-01-06,9,88.530000,2020-12-29,1,0
2975,2023-06-09,7,310.140000,2021-03-17,1,0
1931,2023-04-26,80,262.550000,2023-09-09,1,0
516,2020-01-16,8,160.330000,2020-11-04,1,0
1528,2022-01-27,57,454.890000,2025-03-01,1,0
1037,2020-01-12,20,58.810000,2025-03-25,1,1
455,2024-12-12,92,482.070000,2023-05-16,1,0
2349,2022-09-18,36,455.900000,2020-12-22,1,0
778,2024-08-23,94,54.500000,2023-07-09,1,0
1036,2023-08-23,2,442.850000,2023-03-05,1,0
651,2021-01-08,100,364.310000,2025-02-06,1,1
260,2023-04-27,28,313.970000,2021-07-05,1,0
2843,2024-10-12,80,188.540000,2022-05-25,1,1
652,2025-01-03,29,375.290000,2021-11-11,1,0
1795,2023-02-24,24,300.020000,2023-04-09,1,1
172,2023-04-10,99,470.970000,2024-10-14,1,0
173,2025-01-20,97,213.300000,2024-01-29,1,1
2680,2020-03-05,58,166.570000,2020-11-16,1,0
339,2023-09-09,28,460.660000,2020-01-10,1,0
2722,2021-01-24,29,58.850000,2021-02-09,1,1
310,2022-09-09,74,489.590000,2023-01-09,1,0
697,2024-10-29,82,89.320000,2024-01-30,1,0
1074,2021-05-10,13,206.180000,2021-01-30,1,0
2070,2023-02-24,5,463.890000,2023-09-12,1,1
2444,2020-01-20,77,487.750000,2020-01-23,1,1
1227,2024-07-20,62,193.940000,2020-08-09,1,0
1398,2023-02-14,84,107.180000,2023-11-07,1,0
2421,2024-09-05,84,22.270000,2022-03-23,1,1
1300,2022-04-15,33,176.980000,2020-12-01,1,0
1867,2024-01-19,47,30.410000,2021-03-05,1,0
784,2021-06-01,47,31.750000,2024-11-25,1,0
1264,2022-01-29,94,345.810000,2024-07-21,1,0
1569,2022-05-19,59,97.660000,2025-02-09,1,0
1389,2023-10-28,97,173.090000,2022-04-28,1,0
201,2020-10-26,83,137.380000,2024-12-05,1,0
1725,2021-04-27,50,270.100000,2023-12-04,1,0
2882,2022-03-20,3,355.430000,2023-12-01,1,0
2,2025-02-07,39,480.640000,2021-07-16,1,1
1007,2021-06-28,48,324.410000,2021-06-22,1,0
945,2024-01-16,29,61.750000,2021-03-12,1,1
1757,2021-08-28,92,80.460000,2022-11-16,1,0
1133,2020-02-27,76,265.600000,2021-02-27,1,0
565,2024-04-26,39,131.780000,2020-05-14,1,1
1467,2024-04-20,31,229.000000,2022-05-02,1,0
823,2021-12-24,78,351.850000,2023-05-30,1,0
2131,2022-01-23,51,472.860000,2025-04-05,1,0
300,2023-05-15,42,230.980000,2021-12-03,1,0
2424,2020-01-19,88,46.240000,2024-11-04,1,0
775,2021-02-26,35,269.860000,2024-06-02,1,0
2261,2022-07-16,59,316.990000,2024-01-16,1,0
976,2023-01-02,93,123.710000,2023-12-04,1,1
654,2022-10-04,3,263.270000,2020-03-10,1,0
1883,2024-09-20,98,272.250000,2020-03-06,1,0
2880,2021-08-04,88,200.710000,2024-04-19,1,0
509,2023-07-13,87,38.270000,2021-08-17,1,0
435,2024-01-14,35,477.430000,2022-07-19,1,0
1321,2021-11-29,13,46.860000,2023-06-13,1,0
1952,2024-07-11,100,384.720000,2022-07-08,1,1
2739,2022-12-08,38,290.570000,2020-09-23,1,0
1100,2024-08-14,64,270.060000,2021-05-27,1,1
2549,2022-02-14,62,455.280000,2020-03-30,1,0
1617,2022-01-20,99,476.640000,2023-06-12,1,0
2328,2024-08-31,18,391.960000,2021-12-05,1,0
182,2022-01-30,62,371.450000,2020-07-31,1,0
2343,2024-09-05,86,37.750000,2021-10-03,1,1
2548,2021-07-17,46,476.290000,2023-08-23,1,0
833,2020-05-17,78,263.450000,2022-01-11,1,0
557,2021-03-23,99,342.140000,2020-08-06,1,0
1092,2023-12-06,91,339.750000,2021-04-25,1,0
2443,2021-05-15,64,94.240000,2023-02-02,1,0
1572,2021-04-08,89,217.920000,2023-07-03,1,1
561,2024-08-05,92,206.910000,2024-04-09,1,1
814,2024-05-27,32,485.650000,2024-03-14,1,0
2314,2024-07-19,30,155.160000,2021-01-18,1,0
473,2023-05-26,48,183.880000,2021-09-25,1,0
886,2024-03-11,93,128.100000,2021-07-12,1,0
422,2024-07-16,16,417.270000,2024-01-31,1,0
1105,2020-10-06,61,265.600000,2023-09-27,1,0
450,2021-09-08,62,472.200000,2020-10-13,1,0
2635,2020-09-09,74,473.140000,2020-10-11,1,0
1050,2023-06-12,94,481.800000,2023-02-28,1,0
2059,2020-10-26,17,172.690000,2023-02-08,1,0
2700,2024-03-30,50,268.020000,2020-06-12,1,0
2979,2021-06-02,39,14.800000,2020-03-29,1,0
311,2022-10-31,80,14.690000,2020-04-26,1,0
1310,2020-06-21,27,90.580000,2025-04-15,1,0
669,2025-02-27,56,78.040000,2022-08-04,1,1
2769,2022-07-19,64,315.730000,2022-04-28,1,0
331,2024-10-02,40,319.880000,2020-06-27,1,1
2060,2024-07-16,81,202.630000,2021-03-12,1,0
942,2025-01-12,21,471.030000,2022-08-19,1,0
2168,2022-11-18,74,351.610000,2023-09-12,1,0
120,2020-01-14,64,412.700000,2020-08-25,1,0
973,2020-03-29,32,126.180000,2020-06-21,1,0
1407,2021-07-18,100,428.210000,2024-04-12,1,0
2995,2021-01-21,31,289.440000,2020-03-06,1,0
2333,2021-03-23,10,175.800000,2022-08-06,1,0
2670,2023-05-23,53,196.660000,2021-01-29,1,0
1769,2024-02-16,96,302.270000,2021-04-10,1,0
1874,2021-11-06,67,188.790000,2021-08-15,1,0
2071,2024-07-09,75,324.710000,2024-05-21,1,0
579,2022-07-21,8,242.750000,2024-03-06,1,0
1162,2024-09-26,75,108.510000,2023-11-13,1,0
2032,2022-07-07,16,219.020000,2023-07-20,1,0
448,2021-05-03,31,89.900000,2024-11-21,1,0
941,2021-01-08,95,178.430000,2024-04-02,1,0
1372,2022-11-08,90,41.080000,2020-06-15,1,0
2386,2020-03-30,35,141.720000,2023-12-01,1,0
2043,2024-02-06,73,182.930000,2020-09-11,1,0
2628,2021-04-22,2,141.090000,2023-06-03,1,0
799,2023-10-31,42,371.920000,2020-04-22,1,0
921,2022-03-10,84,211.260000,2022-01-12,1,1
2490,2020-10-28,7,140.050000,2024-07-17,1,0
583,2020-03-08,43,117.130000,2024-10-21,1,0
1830,2020-04-16,83,162.400000,2020-11-28,1,0
2405,2022-01-01,9,39.140000,2020-05-18,1,0
1833,2025-03-15,6,161.690000,2024-10-04,1,0
648,2020-12-06,68,222.430000,2023-08-24,1,0
2372,2023-03-14,48,303.660000,2023-12-31,1,0
2278,2023-06-02,8,306.850000,2021-03-24,1,0
2425,2023-06-28,100,186.310000,2023-07-24,1,0
1871,2021-12-22,27,124.190000,2023-01-06,1,0
1951,2024-09-18,54,383.290000,2024-01-17,1,0
2959,2022-12-30,88,106.360000,2022-09-07,1,0
1404,2020-08-18,10,202.730000,2024-03-19,1,0
1706,2020-06-17,66,365.110000,2023-03-02,1,0
1943,2022-10-15,95,144.050000,2022-07-22,1,1
1998,2022-10-30,90,218.590000,2020-03-20,1,0
623,2024-01-15,14,475.030000,2024-09-28,1,0
1587,2023-07-24,79,263.510000,2025-03-09,1,0
2980,2020-04-22,2,406.230000,2021-08-21,1,0
850,2020-08-19,21,228.590000,2022-11-08,1,0
2999,2022-06-28,74,54.930000,2021-06-18,1,0
259,2020-04-20,41,397.300000,2020-06-22,1,0
586,2023-08-21,50,230.180000,2022-02-23,1,1
2030,2024-11-06,56,21.980000,2022-01-27,1,0
1322,2022-09-12,62,308.360000,2023-11-14,1,0
730,2024-02-18,72,458.790000,2021-04-19,1,0
1602,2022-02-08,40,274.720000,2020-05-27,1,0
398,2021-03-15,28,311.680000,2020-02-12,1,0
174,2020-07-27,25,111.950000,2021-12-22,1,0
1849,2024-06-26,85,87.380000,2023-09-16,1,0
1932,2024-05-20,16,385.210000,2023-05-25,1,0
2205,2022-03-06,36,252.650000,2023-11-04,1,0
2145,2020-01-25,70,148.560000,2021-10-04,1,0
1177,2021-04-11,98,117.760000,2025-04-07,1,1
1359,2022-01-16,3,242.870000,2021-11-21,1,0
958,2024-11-01,7,434.450000,2023-03-10,1,1
594,2023-05-02,39,389.510000,2023-04-19,1,0
1500,2020-04-10,36,433.300000,2024-06-03,1,0
1593,2023-02-07,80,185.370000,2024-10-19,1,0
2222,2021-06-19,10,148.890000,2020-06-16,1,0
1354,2024-12-11,29,200.540000,2022-09-02,1,1
1350,2023-07-28,79,77.640000,2020-09-19,1,0
414,2025-04-13,89,270.240000,2022-02-26,1,1
2728,2022-12-08,33,445.380000,2020-02-13,1,0
856,2023-01-02,81,56.660000,2021-05-10,1,0
2361,2021-01-20,33,488.070000,2021-09-03,1,1
2631,2021-12-11,67,298.270000,2023-06-15,1,1
2042,2024-03-28,37,179.160000,2021-04-11,1,0
596,2021-03-31,37,121.130000,2024-07-18,1,0
1964,2023-08-05,85,191.780000,2024-01-21,1,0
2564,2022-05-24,58,37.150000,2023-01-30,1,0
2942,2024-03-09,18,499.050000,2024-01-01,1,0
2802,2024-09-26,33,269.730000,2020-09-14,1,1
2664,2020-11-22,83,439.470000,2022-11-07,1,0
2009,2020-06-15,45,457.430000,2024-04-02,1,0
1970,2020-04-25,28,206.900000,2022-10-01,1,0
2819,2024-02-14,21,266.810000,2024-01-19,1,0
153,2021-03-18,20,374.310000,2022-02-18,1,0
507,2023-03-05,79,343.250000,2022-12-06,1,0
2820,2022-08-27,19,379.980000,2024-05-31,1,1
2883,2020-07-07,42,172.950000,2021-01-23,1,0
2143,2023-05-27,100,372.940000,2023-09-07,1,0
1203,2024-03-20,82,210.760000,2023-04-16,1,0
2338,2023-08-15,62,307.300000,2022-08-21,1,0
2727,2021-11-22,15,59.680000,2022-09-08,1,0
2856,2022-09-19,41,388.850000,2021-08-04,1,0
237,2023-03-23,99,38.020000,2025-01-23,1,0
1352,2023-09-04,67,481.750000,2024-06-26,1,0
2552,2024-03-08,69,120.960000,2023-08-21,1,0
329,2020-11-19,73,303.570000,2024-08-04,1,0
2232,2023-04-18,27,496.930000,2023-08-22,1,0
1907,2025-03-08,16,448.700000,2020-09-27,1,1
187,2020-07-25,63,173.910000,2020-07-05,1,0
2112,2025-04-01,79,95.380000,2020-10-21,1,1
756,2022-02-17,20,82.450000,2020-07-16,1,0
843,2021-01-30,92,15.290000,2025-02-07,1,1
2170,2022-08-23,30,419.600000,2023-10-05,1,0
951,2023-05-28,50,353.790000,2024-08-27,1,0
2530,2024-03-18,51,166.370000,2021-09-09,1,0
1191,2023-04-25,90,226.170000,2023-10-27,1,0
812,2020-04-21,36,380.940000,2021-10-02,1,0
543,2025-03-31,40,494.470000,2020-11-05,1,0
2954,2025-02-23,28,14.750000,2022-05-15,1,1
1789,2020-07-12,85,233.000000,2023-01-15,1,0
1249,2023-01-21,27,357.880000,2024-01-16,1,0
1224,2022-10-06,7,92.090000,2021-09-22,1,0
1130,2022-10-02,34,320.290000,2022-12-21,1,0
570,2022-03-14,35,271.040000,2023-03-30,1,0
2025,2020-12-29,7,311.190000,2023-07-15,1,0
2130,2021-07-20,59,398.830000,2020-10-20,1,0
2280,2021-03-13,29,186.830000,2021-06-05,1,0
2134,2020-06-20,3,221.950000,2023-02-16,1,0
2446,2020-06-24,25,465.020000,2022-09-30,1,1
1743,2023-07-07,84,418.130000,2023-07-26,1,0
884,2024-04-22,31,25.240000,2021-06-02,1,1
863,2023-06-19,55,198.240000,2021-04-10,1,1
2992,2025-03-18,56,447.580000,2023-12-12,1,0
2459,2021-02-26,68,376.570000,2023-09-09,1,0
211,2024-06-01,99,255.660000,2023-06-30,1,0
2948,2021-01-13,57,222.740000,2021-07-31,1,0
1288,2021-04-16,72,80.700000,2024-10-18,1,0
2649,2020-01-31,91,243.510000,2021-07-11,1,0
2427,2020-12-03,9,174.870000,2022-03-21,1,0
1033,2023-11-15,99,21.720000,2022-05-01,1,0
2938,2020-02-21,14,349.820000,2020-11-16,1,0
279,2025-02-19,31,414.600000,2024-04-25,1,0
2178,2022-11-28,58,126.320000,2020-09-04,1,0
2711,2021-02-23,14,405.380000,2024-08-10,1,0
1783,2023-04-16,9,235.480000,2021-04-05,1,0
2746,2022-03-28,53,265.370000,2022-03-13,1,1
846,2020-01-17,9,293.030000,2020-03-31,1,0
901,2023-02-16,30,352.820000,2020-09-17,1,0
16,2020-06-07,92,323.000000,2024-12-29,1,0
1368,2022-04-05,93,388.490000,2020-05-11,1,0
1938,2021-11-02,48,113.230000,2021-06-19,1,0
2429,2020-02-04,76,283.790000,2021-03-20,1,0
459,2022-06-14,28,178.890000,2025-04-07,1,0
470,2021-03-23,44,268.370000,2021-02-03,1,0
2523,2024-11-17,52,464.790000,2023-05-21,1,1
2011,2022-12-19,4,38.070000,2023-12-17,1,0
533,2023-02-19,23,475.930000,2021-08-19,1,0
1663,2023-03-21,76,410.400000,2022-04-07,1,0
1213,2023-02-11,37,243.670000,2022-12-30,1,0
724,2024-10-23,32,236.820000,2023-07-27,1,1
2467,2020-10-30,80,186.050000,2024-07-10,1,0
2127,2022-03-07,18,32.020000,2024-09-16,1,0
1053,2021-09-20,90,462.890000,2025-03-10,1,0
467,2022-03-25,5,37.190000,2024-10-30,1,0
2105,2021-08-14,49,340.090000,2023-04-28,1,0
887,2024-03-16,95,41.440000,2021-04-15,1,0
2401,2024-01-05,63,458.000000,2025-04-04,1,0
2317,2020-03-05,27,40.600000,2020-07-01,1,0
2468,2023-06-21,84,149.160000,2020-09-10,1,0
337,2023-08-18,13,51.620000,2020-07-16,1,0
2550,2022-06-03,51,432.640000,2021-03-10,1,0
2901,2023-04-16,39,71.290000,2020-01-02,1,0
2142,2020-11-17,61,448.970000,2022-11-27,1,0
1108,2024-09-06,70,225.150000,2025-02-11,1,1
2289,2024-02-21,15,315.600000,2020-10-17,1,0
845,2024-08-19,68,367.540000,2021-01-02,1,0
1001,2022-03-15,7,406.720000,2024-01-14,1,0
2126,2023-01-12,27,184.520000,2024-04-30,1,0
1443,2020-04-10,70,75.150000,2024-05-19,1,0
1698,2022-02-24,61,443.180000,2020-11-13,1,0
1775,2021-08-18,81,227.420000,2023-01-19,1,0
918,2020-05-19,94,272.700000,2022-11-13,1,0
1369,2025-04-24,19,168.110000,2020-03-05,1,0
2514,2023-08-09,20,483.210000,2022-05-26,1,0
1650,2022-11-30,60,484.200000,2021-09-08,1,0
2735,2021-02-16,55,190.410000,2021-05-28,1,0
649,2024-02-19,79,160.630000,2023-12-07,1,0
141,2021-05-18,57,377.670000,2021-08-10,1,1
2862,2023-02-02,79,39.090000,2020-02-08,1,0
167,2022-01-04,73,295.210000,2021-05-26,1,0
2373,2024-03-14,94,390.870000,2025-01-06,1,0
2187,2021-05-02,7,12.980000,2022-02-28,1,0
2366,2025-03-23,93,292.760000,2024-06-07,1,0
481,2022-01-26,61,394.430000,2024-01-30,1,0
1815,2024-04-04,64,285.740000,2022-05-06,1,0
537,2024-12-13,27,365.630000,2022-08-10,1,1
1230,2024-05-16,31,186.370000,2021-06-18,1,1
1088,2023-11-25,57,300.000000,2022-09-30,1,0
2643,2022-10-09,12,238.470000,2021-10-28,1,0
2850,2022-03-27,88,31.980000,2020-11-23,1,0
1253,2023-09-04,54,263.060000,2024-09-22,1,0
630,2020-12-09,29,122.320000,2023-01-17,1,0
198,2023-02-19,16,152.640000,2023-07-16,1,1
1481,2021-05-27,26,194.950000,2024-02-24,1,0
1061,2024-10-03,95,421.790000,2020-08-17,1,0
2671,2020-06-04,18,281.540000,2021-03-15,1,0
1527,2020-06-25,89,184.490000,2023-07-20,1,0
2606,2024-07-07,93,76.420000,2021-02-03,1,1
2988,2023-08-18,17,228.310000,2024-11-08,1,0
2791,2020-06-14,23,171.390000,2020-04-23,1,0
2339,2020-08-16,83,31.590000,2023-03-27,1,0
1059,2020-04-27,90,333.540000,2023-08-05,1,0
1463,2024-05-16,55,443.840000,2022-06-12,1,0
1406,2021-04-12,55,183.980000,2023-05-27,1,0
245,2022-05-25,20,422.560000,2022-09-13,1,0
820,2024-08-22,38,121.970000,2024-02-18,1,1
8,2024-06-30,65,403.160000,2025-01-08,1,0
758,2022-06-25,98,73.300000,2020-08-23,1,0
1306,2023-01-14,14,427.360000,2024-04-29,1,0
2858,2023-01-04,14,333.360000,2022-12-17,1,0
2918,2024-09-25,93,313.530000,2023-11-07,1,0
327,2021-02-26,81,494.480000,2020-10-28,1,0
54,2022-10-30,87,64.100000,2021-05-29,1,0
2463,2024-11-14,23,48.730000,2020-12-11,1,0
1313,2022-02-21,57,274.850000,2022-08-26,1,0
620,2022-01-03,13,335.600000,2020-02-26,1,0
1887,2023-07-12,42,342.030000,2024-10-31,1,0
849,2020-11-09,81,320.380000,2020-12-20,1,0
1557,2021-03-09,59,143.830000,2022-07-15,1,0
869,2024-05-05,91,127.200000,2023-12-19,1,0
1196,2020-11-03,68,42.780000,2023-08-20,1,0
1479,2021-07-11,75,97.210000,2020-07-21,1,0
1286,2024-02-09,87,427.240000,2021-10-12,1,0
77,2025-04-01,67,217.110000,2024-05-22,1,0
975,2022-03-16,13,462.130000,2024-02-02,1,0
2699,2024-02-03,94,398.670000,2021-03-17,1,0
875,2022-09-26,55,15.850000,2021-12-26,1,0
1753,2020-04-17,49,335.020000,2021-08-15,1,0
2950,2021-05-11,62,195.100000,2020-06-15,1,0
1488,2023-06-18,77,391.580000,2022-08-19,1,1
132,2024-03-20,19,90.590000,2021-04-05,1,1
2712,2024-11-10,62,42.850000,2020-12-23,1,0
501,2022-07-27,32,230.850000,2023-07-04,1,0
1696,2024-08-26,39,434.880000,2020-11-14,1,0
487,2024-01-02,27,170.720000,2024-02-12,1,0
1850,2024-03-02,82,395.250000,2023-01-11,1,1
889,2023-05-29,17,70.560000,2025-03-05,1,0
285,2022-03-23,76,13.570000,2024-03-05,1,0
1387,2024-03-25,28,420.820000,2024-09-25,1,0
1078,2024-11-05,46,11.690000,2022-11-30,1,0
744,2024-02-25,56,438.970000,2022-08-06,1,0
752,2020-09-21,96,215.780000,2023-03-31,1,0
1466,2024-12-19,86,313.360000,2022-06-10,1,0
1635,2024-03-10,11,263.010000,2022-04-06,1,0
2887,2023-04-03,35,66.090000,2022-04-09,1,0
2622,2024-10-27,35,260.050000,2024-08-03,1,0
851,2024-05-04,75,386.330000,2024-06-04,1,1
1682,2023-04-28,14,406.930000,2024-02-27,1,0
1927,2021-05-03,66,207.530000,2021-07-09,1,0
116,2021-09-16,5,316.950000,2024-01-11,1,0
1380,2023-09-26,52,330.110000,2023-06-10,1,0
1275,2022-03-25,43,415.470000,2022-12-10,1,0
2688,2022-09-21,71,298.220000,2022-01-30,1,0
1678,2022-07-17,51,192.900000,2021-04-29,1,1
587,2020-12-01,37,478.350000,2020-08-02,1,1
2718,2020-04-24,32,442.100000,2022-05-29,1,0
451,2024-10-20,32,94.830000,2020-06-11,1,1
2526,2025-03-03,19,369.090000,2022-10-22,1,0
156,2025-01-20,66,319.820000,2024-12-09,1,0
478,2024-08-30,18,310.080000,2024-08-11,1,0
60,2023-12-30,99,162.800000,2021-03-20,1,0
223,2023-05-05,19,328.170000,2025-04-21,1,0
126,2025-02-14,74,84.310000,2023-12-14,1,0
1151,2025-04-15,53,475.510000,2022-02-02,1,0
2274,2020-11-04,92,18.440000,2024-09-22,1,0
1776,2022-09-02,68,366.900000,2020-09-13,1,1
1721,2025-01-04,9,390.260000,2021-06-29,1,1
2272,2024-04-27,33,125.860000,2020-08-28,1,1
519,2024-03-18,82,137.800000,2023-02-19,1,0
1537,2022-04-09,49,169.720000,2021-06-24,1,0
2958,2024-11-16,23,377.030000,2022-06-02,1,0
2483,2022-08-11,25,213.550000,2022-01-26,1,0
2069,2023-04-03,82,478.700000,2020-07-16,1,0
81,2020-02-23,41,190.300000,2022-07-04,1,0
2536,2021-01-21,79,238.470000,2021-07-22,1,0
2971,2022-09-03,25,275.870000,2021-10-11,1,0
2304,2020-02-16,63,217.030000,2022-05-28,1,0
424,2020-04-18,34,479.660000,2022-01-21,1,0
143,2023-12-30,32,252.910000,2021-02-17,1,0
2063,2023-03-03,77,392.110000,2023-07-16,1,0
344,2023-08-17,61,480.620000,2024-03-09,1,0
2348,2022-09-29,70,302.550000,2021-03-19,1,0
916,2023-05-25,79,310.080000,2022-09-09,1,0
2599,2024-06-03,74,390.460000,2020-01-22,1,0
2094,2024-07-26,61,477.440000,2023-07-18,1,0
844,2020-02-16,73,424.560000,2022-07-03,1,0
2679,2020-02-10,4,227.550000,2021-04-13,1,0
2347,2020-07-14,89,201.150000,2023-04-08,1,0
1899,2020-11-01,11,448.020000,2020-12-16,1,0
2529,2022-06-28,90,219.930000,2023-03-13,1,0
68,2025-04-21,63,297.340000,2024-01-05,1,1
90,2020-12-31,18,272.760000,2022-11-11,1,1
2602,2024-04-06,17,61.170000,2023-04-02,1,0
1251,2024-08-18,2,240.220000,2024-07-15,1,0
1748,2023-01-18,39,306.650000,2020-02-09,1,0
1362,2023-04-04,93,149.080000,2022-03-13,1,0
2141,2023-12-13,43,77.910000,2021-12-27,1,0
1344,2021-01-22,73,278.040000,2023-12-26,1,0
2240,2024-02-03,58,397.960000,2024-05-05,1,0
1644,2023-05-22,9,238.830000,2021-11-11,1,0
1546,2021-09-16,6,395.890000,2024-10-30,1,1
1549,2025-02-14,15,152.310000,2024-07-16,1,0
2006,2024-05-19,74,29.990000,2025-03-05,1,0
625,2023-09-12,67,257.030000,2022-08-08,1,0
2989,2024-11-22,82,231.460000,2021-08-04,1,0
1297,2022-05-31,44,137.260000,2024-11-02,1,1
2743,2024-06-26,46,228.500000,2021-04-22,1,1
444,2023-06-08,36,317.450000,2024-02-13,1,0
1985,2021-01-07,82,497.790000,2023-09-26,1,0
2388,2021-08-05,12,74.810000,2021-03-11,1,0
192,2022-06-14,13,209.190000,2024-08-27,1,0
998,2021-07-13,6,495.810000,2023-07-23,1,0
2196,2022-05-11,43,148.590000,2022-05-17,1,0
2149,2022-03-24,29,22.220000,2020-11-11,1,0
1576,2023-12-15,100,432.420000,2024-06-10,1,0
2898,2023-07-10,95,225.780000,2021-02-11,1,0
163,2020-03-10,56,193.970000,2020-08-29,1,0
984,2022-01-03,49,252.140000,2024-06-03,1,0
280,2021-12-19,74,226.850000,2022-08-16,1,0
1519,2020-04-15,96,108.840000,2021-08-15,1,0
740,2022-06-30,75,398.180000,2022-05-11,1,1
2064,2022-06-28,9,227.680000,2021-01-14,1,0
2985,2023-02-15,24,48.570000,2024-03-06,1,1
1314,2024-08-29,54,278.630000,2022-11-14,1,0
1277,2023-03-06,25,336.910000,2021-06-14,1,1
1649,2020-01-17,89,150.840000,2024-12-10,1,0
595,2021-10-23,54,415.880000,2021-04-20,1,0
1351,2020-01-18,31,225.420000,2023-05-30,1,0
2156,2021-11-14,1,482.240000,2021-07-01,1,0
2119,2021-09-04,74,482.520000,2021-04-01,1,1
1746,2022-02-09,69,33.810000,2023-01-10,1,0
1533,2021-03-10,91,368.500000,2021-03-28,1,0
1021,2021-03-25,82,327.390000,2021-12-30,1,0
1083,2023-05-08,5,102.130000,2024-04-25,1,1
1940,2022-05-06,52,372.660000,2020-01-30,1,0
2721,2023-06-17,80,16.930000,2022-09-30,1,0
2255,2023-06-07,84,137.260000,2023-06-25,1,0
605,2021-06-12,81,152.550000,2021-03-11,1,0
1633,2022-06-21,68,204.960000,2024-04-23,1,0
1402,2022-10-13,24,264.120000,2023-12-27,1,0
956,2021-01-02,55,361.600000,2023-12-02,1,0
2147,2022-04-01,75,307.720000,2021-06-14,1,0
1745,2022-06-08,93,133.280000,2023-08-11,1,0
2188,2020-07-07,5,176.560000,2022-12-11,1,0
1155,2022-02-07,14,62.970000,2024-04-15,1,0
1490,2021-01-04,13,406.500000,2022-01-12,1,1
2082,2021-08-20,90,399.150000,2023-04-30,1,0
1312,2021-06-19,34,374.090000,2022-11-03,1,0
1653,2022-07-14,20,429.010000,2024-01-26,1,0
497,2020-07-13,74,249.530000,2020-07-15,1,1
1180,2021-12-28,15,29.030000,2020-11-01,1,0
221,2020-03-29,51,469.900000,2022-12-22,1,0
2994,2024-06-22,70,301.370000,2023-06-23,1,0
307,2024-04-29,25,183.630000,2024-01-01,1,0
946,2024-01-28,95,417.490000,2021-09-28,1,0
498,2023-02-26,82,406.320000,2020-09-19,1,0
2847,2020-09-14,79,294.170000,2022-06-09,1,0
1570,2024-07-26,32,231.550000,2020-06-03,1,0
2936,2020-01-04,85,492.130000,2022-11-20,1,0
1285,2020-12-12,4,378.960000,2025-03-25,1,0
317,2020-06-23,9,316.010000,2024-02-01,1,0
2302,2022-11-12,29,335.350000,2023-09-29,1,0
2516,2022-01-24,29,446.690000,2023-01-07,1,0
699,2024-08-03,52,445.550000,2025-02-21,1,0
1891,2023-08-31,19,428.560000,2023-05-02,1,0
2448,2023-10-09,12,229.660000,2020-12-16,1,0
2092,2022-01-12,96,328.140000,2024-10-06,1,1
2321,2025-03-11,90,310.850000,2020-07-12,1,0
2813,2024-05-06,12,449.120000,2021-07-12,1,0
2409,2025-01-24,61,304.160000,2024-05-16,1,0
2924,2022-09-18,16,93.360000,2021-05-24,1,0
962,2024-01-16,1,448.640000,2021-09-22,1,1
2981,2023-07-20,58,110.640000,2021-06-10,1,0
2318,2024-07-08,79,98.520000,2024-09-14,1,0
1374,2020-12-06,54,233.740000,2021-08-24,1,0
2148,2020-02-21,8,129.170000,2024-09-22,1,0
1676,2020-06-09,53,96.030000,2022-07-22,1,0
2826,2024-07-22,5,363.270000,2022-09-03,1,0
390,2021-06-25,28,261.070000,2020-03-05,1,0
1144,2022-05-14,25,491.730000,2020-06-19,1,0
418,2021-06-10,35,169.310000,2020-08-22,1,0
727,2021-04-12,53,386.510000,2023-12-10,1,0
1163,2023-06-28,5,442.330000,2024-04-14,1,0
57,2022-02-01,41,407.280000,2022-08-02,1,0
488,2022-03-15,70,371.620000,2020-09-01,1,0
795,2020-12-01,45,42.210000,2023-04-30,1,0
1409,2022-02-02,70,405.350000,2023-04-13,1,0
2963,2025-01-04,61,334.670000,2022-09-21,1,0
558,2021-03-28,51,10.370000,2020-02-26,1,0
39,2024-11-01,75,393.380000,2020-02-10,1,0
2220,2023-07-04,16,313.370000,2021-08-08,1,0
1677,2021-12-20,40,49.220000,2020-12-21,1,0
2224,2022-07-16,21,346.960000,2024-01-13,1,0
388,2023-09-20,39,261.370000,2023-01-28,1,0
218,2020-01-12,20,427.260000,2020-04-09,1,0
746,2024-07-20,45,162.720000,2023-02-13,1,0
1138,2021-10-04,28,169.330000,2024-01-10,1,0
1128,2023-08-09,27,228.680000,2023-09-15,1,0
1687,2025-01-26,86,426.040000,2022-02-02,1,0
1963,2022-01-25,33,454.860000,2023-01-26,1,0
2940,2025-01-02,46,392.120000,2024-12-10,1,0
772,2020-11-04,49,50.450000,2023-07-22,1,0
403,2020-04-24,15,448.460000,2022-07-20,1,0
2241,2024-09-24,16,456.210000,2020-04-27,1,0
346,2023-12-16,54,24.540000,2020-08-19,1,0
1408,2020-06-27,21,161.120000,2020-09-24,1,1
1953,2023-04-27,67,317.650000,2024-09-14,1,0
2553,2020-11-11,30,197.370000,2023-03-15,1,0
1834,2021-02-24,70,244.010000,2020-05-06,1,0
384,2022-04-17,5,461.930000,2020-04-17,1,0
1685,2023-09-03,22,217.890000,2023-09-09,1,1
2374,2024-04-27,48,106.690000,2020-09-23,1,0
639,2023-11-16,53,249.330000,2022-01-23,1,0
2243,2022-04-12,51,293.700000,2024-03-04,1,0
1562,2024-11-19,92,437.790000,2022-07-19,1,0
1958,2022-10-10,62,321.590000,2024-10-16,1,0
158,2022-07-07,97,445.100000,2022-02-28,1,0
2966,2024-11-08,24,432.250000,2024-09-04,1,1
2140,2021-01-11,40,59.140000,2021-11-25,1,0
2088,2025-01-21,52,168.050000,2022-07-23,1,0
726,2021-04-23,69,160.860000,2023-04-21,1,0
1444,2023-09-17,37,394.420000,2020-12-12,1,0
2729,2020-10-07,57,183.910000,2024-01-08,1,0
2110,2023-04-26,15,314.020000,2024-01-22,1,0
1437,2021-05-19,48,301.990000,2024-11-12,1,0
1012,2022-02-26,56,393.180000,2020-11-30,1,0
554,2025-02-08,77,344.480000,2023-12-31,1,0
1962,2020-02-26,22,394.190000,2020-11-07,1,1
1847,2021-05-19,34,469.350000,2023-10-22,1,1
2352,2023-04-24,37,116.370000,2022-08-03,1,1
1794,2021-10-05,27,348.410000,2022-01-03,1,0
1496,2021-06-28,15,188.790000,2020-04-06,1,0
1726,2025-03-13,60,431.260000,2022-04-28,1,0
2672,2024-07-23,71,479.260000,2021-07-09,1,0
1728,2024-08-12,17,366.700000,2022-08-30,1,1
1346,2022-01-30,28,496.340000,2020-10-24,1,0
1936,2021-02-02,30,372.280000,2024-06-10,1,0
265,2024-07-20,26,480.650000,2024-12-09,1,0
2316,2025-03-25,80,253.260000,2023-07-06,1,1
2162,2023-01-26,32,321.290000,2024-01-17,1,0
2253,2020-10-11,79,210.450000,2024-05-01,1,0
1494,2020-06-10,12,301.050000,2020-12-18,1,0
1003,2020-03-11,50,391.020000,2023-08-13,1,1
2246,2021-07-20,49,178.870000,2021-06-27,1,0
723,2023-11-05,11,177.040000,2020-09-01,1,0
2319,2022-09-11,72,322.240000,2024-07-22,1,0
621,2025-04-05,40,221.290000,2020-10-25,1,0
1686,2022-03-12,79,183.300000,2020-09-03,1,0
2943,2023-10-08,19,451.530000,2020-01-09,1,0
2365,2021-09-28,11,145.150000,2022-04-08,1,0
1218,2022-09-17,67,236.950000,2020-02-11,1,1
1441,2023-10-14,18,247.970000,2024-05-01,1,0
1877,2020-08-02,17,343.740000,2022-05-04,1,0
1292,2020-11-30,87,366.310000,2025-03-31,1,0
1175,2025-04-18,18,273.700000,2023-01-25,1,0
313,2021-12-13,84,235.300000,2023-09-24,1,0
1626,2023-03-15,21,432.360000,2021-12-11,1,0
578,2023-12-11,59,439.660000,2022-02-09,1,0
931,2021-01-16,95,206.750000,2024-10-13,1,0
356,2022-09-23,93,421.000000,2025-01-04,1,0
996,2022-05-10,23,118.140000,2024-12-30,1,0
852,2020-02-14,15,72.600000,2020-08-04,1,1
1336,2021-01-18,30,118.650000,2021-11-12,1,0
1348,2020-05-06,19,86.910000,2025-04-02,1,0
2837,2022-10-17,40,135.570000,2020-09-13,1,0
93,2025-03-08,2,414.900000,2022-02-26,1,0
2665,2020-11-28,61,401.260000,2021-09-24,1,1
1202,2024-11-12,12,391.910000,2020-11-26,1,0
2759,2025-04-06,45,397.540000,2023-05-18,1,0
555,2021-07-18,26,320.820000,2020-04-19,1,0
2651,2023-11-27,72,216.330000,2024-10-08,1,0
184,2021-01-17,31,440.450000,2024-04-18,1,0
377,2021-05-01,65,150.020000,2024-12-26,1,1
1547,2022-01-11,20,382.330000,2024-03-28,1,0
2881,2021-04-12,70,51.850000,2020-12-19,1,0
186,2021-06-04,88,206.900000,2025-04-17,1,1
796,2022-12-21,28,317.980000,2022-07-24,1,1
759,2023-07-12,80,478.640000,2021-05-02,1,0
2367,2021-10-07,57,323.470000,2024-12-11,1,0
1911,2024-08-13,4,355.010000,2021-10-18,1,0
1898,2022-08-21,26,69.460000,2021-01-30,1,0
2161,2024-09-05,30,353.520000,2021-10-29,1,0
607,2022-12-14,76,350.990000,2022-09-16,1,0
2575,2020-02-24,57,315.780000,2024-07-08,1,0
737,2021-08-22,68,102.600000,2022-08-27,1,0
539,2023-10-18,34,164.460000,2023-08-25,1,0
2107,2024-06-30,32,47.620000,2023-07-24,1,1
745,2025-01-22,98,101.650000,2022-10-16,1,0
91,2021-06-06,61,231.870000,2021-11-05,1,0
268,2023-06-14,92,187.250000,2023-04-28,1,0
760,2023-07-26,65,328.970000,2020-06-23,1,0
1013,2024-09-15,67,264.620000,2024-10-22,1,1
1375,2020-09-03,57,342.440000,2021-12-25,1,0
1738,2024-02-22,36,408.960000,2023-09-12,1,0
442,2024-12-24,38,237.820000,2021-09-03,1,0
1473,2022-07-18,31,429.170000,2021-12-26,1,0
655,2024-06-15,88,493.790000,2021-12-07,1,1
2668,2020-06-08,76,321.240000,2020-03-06,1,0
1420,2020-07-05,9,460.030000,2023-07-04,1,0
659,2023-09-18,21,22.910000,2021-08-03,1,0
1472,2023-09-02,40,127.470000,2020-12-15,1,0
2122,2025-04-17,100,288.010000,2023-10-03,1,0
2203,2022-07-06,74,141.810000,2023-02-15,1,0
718,2024-05-05,21,418.230000,2020-01-24,1,0
135,2021-06-08,37,478.780000,2020-06-01,1,0
2666,2022-01-17,24,28.760000,2020-10-05,1,0
2655,2022-09-27,84,475.300000,2024-04-14,1,1
2621,2022-10-15,54,217.270000,2024-06-22,1,0
738,2020-02-10,47,282.220000,2024-09-18,1,0
1631,2025-04-19,58,214.170000,2023-10-08,1,0
2305,2024-05-04,87,199.040000,2022-04-24,1,0
1828,2021-08-20,98,369.980000,2025-04-12,1,0
2229,2020-11-19,56,324.590000,2024-09-07,1,0
1724,2020-04-10,56,218.920000,2022-09-21,1,0
779,2021-08-03,48,264.460000,2023-09-23,1,0
2050,2024-05-20,32,334.490000,2020-07-16,1,1
1615,2023-02-17,92,244.050000,2022-03-09,1,0
2657,2022-06-22,42,372.750000,2023-03-23,1,1
1008,2025-03-29,36,423.590000,2021-11-29,1,0
1909,2021-01-18,99,427.010000,2022-08-09,1,0
1910,2022-01-13,5,184.710000,2022-07-25,1,0
11,2024-08-25,71,40.470000,2020-10-19,1,0
2741,2024-11-12,8,310.150000,2021-08-24,1,0
839,2024-09-04,90,17.610000,2020-01-09,1,0
547,2023-11-01,65,118.780000,2020-03-13,1,0
2237,2020-07-15,2,489.820000,2021-05-01,1,0
157,2024-07-22,56,61.000000,2022-08-14,1,0
686,2020-06-05,9,62.200000,2022-09-21,1,1
1174,2021-03-10,1,244.800000,2024-01-02,1,0
1564,2021-11-23,46,416.700000,2020-02-22,1,1
2022,2020-06-22,66,172.400000,2024-01-25,1,0
1520,2022-04-20,75,398.930000,2023-07-11,1,0
420,2024-11-13,74,301.830000,2020-02-05,1,0
568,2022-01-11,7,53.440000,2021-10-21,1,0
2816,2021-02-11,35,17.200000,2022-06-17,1,0
1774,2022-02-02,92,73.880000,2022-06-08,1,0
2639,2024-09-29,45,100.630000,2021-08-09,1,0
2097,2022-11-15,88,454.850000,2023-12-21,1,1
1232,2021-08-26,51,41.340000,2020-06-17,1,0
46,2024-06-22,96,493.530000,2022-11-08,1,1
571,2023-07-14,26,385.920000,2025-01-12,1,0
320,2022-12-26,20,413.640000,2021-02-14,1,1
2726,2022-05-01,72,209.500000,2022-01-07,1,0
18,2020-10-01,65,470.490000,2024-04-25,1,0
2086,2021-01-04,74,85.400000,2022-08-13,1,0
2535,2022-06-01,34,113.670000,2021-11-29,1,0
486,2024-06-04,12,178.340000,2021-12-29,1,1
2667,2024-03-07,54,420.800000,2024-10-30,1,0
2363,2022-01-25,20,462.480000,2022-11-14,1,1
55,2020-11-13,28,34.610000,2021-07-27,1,0
2173,2023-07-24,28,159.920000,2021-05-22,1,0
2414,2025-04-21,44,320.090000,2025-03-12,1,0
960,2020-07-16,89,75.720000,2024-06-29,1,0
1113,2023-08-08,35,473.420000,2024-08-12,1,0
857,2020-04-21,46,491.480000,2023-11-12,1,0
1559,2020-04-07,71,291.790000,2024-05-21,1,0
2028,2024-05-17,53,88.010000,2021-09-11,1,0
1579,2022-05-09,31,271.020000,2020-10-14,1,0
2892,2024-10-01,25,472.490000,2024-06-21,1,0
1761,2022-10-11,90,167.620000,2025-02-12,1,0
1990,2023-02-23,20,264.370000,2024-06-13,1,1
2779,2022-03-10,3,180.600000,2024-07-24,1,0
1194,2021-01-22,86,394.740000,2023-06-05,1,0
1421,2021-08-05,72,270.860000,2022-09-05,1,0
934,2023-07-22,72,388.730000,2023-11-10,1,0
970,2020-01-22,87,398.870000,2022-04-20,1,0
2185,2020-06-30,13,190.690000,2024-06-15,1,0
2114,2022-06-19,82,409.260000,2023-09-08,1,0
2434,2023-12-07,34,467.820000,2021-09-23,1,1
2753,2021-06-25,53,76.070000,2021-04-11,1,0
2397,2025-03-14,73,341.300000,2021-03-10,1,0
2845,2025-03-26,53,205.380000,2022-07-02,1,1
637,2023-05-21,22,149.250000,2020-12-22,1,0
2192,2024-07-30,76,55.270000,2025-02-17,1,0
1560,2021-10-15,70,222.270000,2024-09-08,1,0
993,2022-04-04,43,394.540000,2022-07-04,1,0
1060,2024-01-13,40,409.480000,2020-12-20,1,1
2607,2021-08-24,67,22.940000,2020-04-02,1,0
1403,2020-09-30,51,458.920000,2022-02-17,1,0
2036,2022-06-26,73,18.630000,2023-12-06,1,0
2296,2024-05-12,100,227.710000,2024-11-16,1,0
1989,2023-03-19,60,146.610000,2020-09-17,1,0
1475,2021-02-05,48,300.870000,2024-09-21,1,0
2811,2024-12-03,43,231.900000,2020-10-05,1,0
1208,2021-04-10,18,276.150000,2021-04-06,1,0
1582,2024-11-10,98,351.860000,2024-01-26,1,0
1238,2023-10-01,89,399.500000,2024-06-19,1,0
1195,2020-04-18,32,43.310000,2022-07-14,1,0
1134,2023-09-25,37,295.130000,2022-10-28,1,0
1411,2020-05-12,9,57.660000,2024-06-11,1,0
2182,2021-01-18,78,368.310000,2020-04-04,1,0
2683,2024-03-06,40,149.340000,2023-01-05,1,0
189,2023-06-04,42,476.060000,2021-08-10,1,0
695,2020-12-07,71,297.830000,2023-05-05,1,0
2800,2024-10-22,6,150.210000,2020-01-25,1,0
1530,2022-01-13,17,308.980000,2020-03-21,1,0
23,2021-12-28,48,290.130000,2024-02-12,1,0
2299,2020-10-16,6,263.890000,2024-07-04,1,0
1153,2022-04-12,13,120.140000,2024-12-21,1,1
1335,2020-07-24,78,97.490000,2024-06-12,1,0
1199,2023-07-22,95,479.550000,2020-03-29,1,0
1957,2020-09-13,32,87.680000,2020-09-28,1,1
2676,2024-08-12,32,448.230000,2024-10-11,1,1
83,2025-04-11,56,184.200000,2020-07-10,1,0
361,2021-03-08,87,174.630000,2024-02-12,1,0
169,2020-03-01,63,207.920000,2022-11-07,1,1
171,2023-09-28,39,230.170000,2021-06-17,1,0
2613,2024-10-07,46,408.540000,2020-08-25,1,0
2216,2024-09-04,28,221.560000,2024-07-29,1,0
236,2021-01-28,42,370.600000,2023-10-15,1,0
262,2020-03-07,60,112.010000,2024-05-17,1,1
925,2021-09-04,7,69.470000,2021-05-23,1,1
2748,2023-09-28,17,297.180000,2021-08-23,1,0
1629,2022-08-13,45,170.940000,2022-10-04,1,1
196,2023-06-08,26,86.830000,2021-07-30,1,0
747,2023-01-25,67,205.030000,2023-06-01,1,0
1638,2024-01-28,59,217.340000,2024-02-29,1,0
584,2022-08-25,59,458.050000,2022-03-26,1,0
822,2024-10-31,83,402.720000,2020-09-07,1,0
1433,2021-08-27,31,157.660000,2022-01-19,1,0
1146,2024-05-15,45,331.410000,2021-01-19,1,1
1157,2020-05-01,29,320.920000,2024-12-11,1,0
948,2022-08-19,38,55.250000,2023-05-16,1,0
1186,2024-03-02,6,10.330000,2020-05-15,1,0
1239,2020-01-24,56,217.640000,2022-12-23,1,0
1507,2020-12-17,54,284.780000,2020-03-30,1,1
1385,2025-03-13,97,464.650000,2024-07-24,1,0
2487,2023-03-08,95,52.870000,2021-02-23,1,0
1291,2022-06-23,88,39.610000,2020-08-05,1,0
2081,2023-03-24,18,42.350000,2021-09-20,1,0
2038,2023-06-18,13,162.390000,2022-10-07,1,1
2803,2022-05-07,41,407.930000,2023-10-16,1,0
2616,2024-07-15,43,323.740000,2023-07-28,1,0
2792,2024-02-14,100,44.870000,2020-11-24,1,1
2780,2022-11-08,66,100.390000,2024-10-27,1,0
1986,2023-08-22,66,189.340000,2025-03-25,1,0
1158,2023-04-02,88,429.350000,2021-05-28,1,1
890,2023-02-22,4,391.140000,2025-01-18,1,0
1149,2023-03-17,20,252.680000,2024-08-03,1,0
2186,2023-02-16,100,427.880000,2024-07-20,1,0
490,2021-11-22,77,477.360000,2024-02-26,1,0
2937,2023-04-13,80,413.360000,2024-03-27,1,0
2223,2022-10-19,19,464.870000,2024-04-15,1,1
312,2021-05-14,5,359.000000,2023-05-11,1,1
335,2024-12-10,42,28.310000,2025-04-01,1,1
1280,2024-08-15,29,300.500000,2021-04-20,1,0
2874,2022-03-23,49,118.570000,2020-04-26,1,1
1150,2022-10-03,16,367.020000,2022-02-05,1,1
859,2023-12-25,63,72.510000,2021-06-25,1,0
2957,2025-03-07,26,63.930000,2020-04-14,1,1
879,2024-10-21,58,356.320000,2023-01-17,1,0
25,2022-12-16,7,480.160000,2025-02-01,1,0
959,2023-01-27,100,96.220000,2025-04-18,1,0
2939,2021-06-26,69,321.290000,2022-12-03,1,0
1136,2020-01-03,74,106.330000,2024-08-01,1,0
1799,2022-11-14,88,307.970000,2025-04-24,1,0
2654,2021-02-24,46,35.820000,2021-04-15,1,1
1145,2021-08-01,15,46.910000,2024-09-15,1,1
1616,2024-09-06,14,237.830000,2025-03-26,1,1
4,2023-07-07,91,355.070000,2020-08-01,1,0
1709,2024-03-27,47,490.550000,2023-05-05,1,0
253,2023-01-22,74,126.800000,2023-03-23,1,1
1268,2020-08-28,71,185.630000,2023-01-22,1,0
2394,2023-05-26,95,452.920000,2023-10-30,1,0
64,2022-03-31,82,489.860000,2024-09-30,1,0
2236,2022-12-21,42,66.100000,2023-05-03,1,0
494,2023-09-22,94,345.960000,2025-03-26,1,0
2678,2023-06-17,13,479.290000,2025-02-16,1,1
2084,2024-05-14,52,452.470000,2024-04-03,1,0
100,2022-08-17,79,109.990000,2021-07-03,1,0
645,2023-06-20,11,434.470000,2024-06-06,1,0
112,2024-09-06,54,208.710000,2025-01-30,1,0
2326,2024-09-27,85,200.270000,2021-08-16,1,1
254,2020-01-19,65,369.920000,2024-11-26,1,0
2215,2024-11-15,60,291.820000,2020-02-11,1,0
741,2022-11-26,49,106.310000,2022-01-06,1,0
2661,2021-08-22,51,475.950000,2025-04-01,1,0
1543,2024-01-21,81,299.010000,2023-01-11,1,0
940,2023-06-27,95,429.480000,2021-10-04,1,1
1102,2023-01-02,18,117.090000,2022-03-26,1,0
1594,2025-03-08,18,173.900000,2022-07-02,1,0
400,2020-10-04,89,459.950000,2020-06-24,1,0
1181,2023-10-07,2,402.350000,2021-11-29,1,0
66,2024-12-09,34,292.230000,2022-12-14,1,0
599,2023-07-25,77,143.670000,2023-07-24,1,0
2520,2021-02-25,34,239.590000,2020-12-07,1,0
2955,2024-08-09,54,331.710000,2020-02-16,1,0
2267,2021-10-27,45,173.890000,2020-03-06,1,1
2037,2023-12-10,77,499.470000,2022-07-19,1,1
1641,2023-08-09,95,202.050000,2021-08-16,1,0
243,2021-08-27,10,341.850000,2021-05-18,1,1
634,2024-06-23,66,438.750000,2020-06-09,1,0
1023,2024-08-18,36,352.280000,2024-07-15,1,0
1835,2023-07-08,90,137.270000,2024-03-16,1,0
43,2022-01-30,35,242.170000,2021-01-14,1,0
2488,2024-12-26,84,137.060000,2023-04-07,1,1
915,2021-06-11,6,200.710000,2022-12-18,1,0
2567,2023-01-23,27,474.240000,2023-04-12,1,1
963,2024-08-21,6,279.140000,2022-07-19,1,0
1621,2020-07-24,13,33.800000,2023-04-17,1,0
909,2021-09-13,62,297.740000,2020-08-29,1,0
777,2020-06-28,57,390.370000,2024-06-21,1,0
2840,2020-12-12,33,412.610000,2023-02-28,1,0
2686,2024-12-19,73,484.860000,2022-12-22,1,0
2953,2023-04-06,8,208.640000,2020-12-05,1,0
2303,2022-05-13,16,480.560000,2023-12-19,1,0
1590,2024-05-19,21,289.740000,2022-12-06,1,0
666,2021-02-15,62,365.790000,2021-06-01,1,0
2852,2022-08-25,78,319.800000,2024-05-28,1,0
1665,2022-09-16,92,320.960000,2022-11-19,1,0
2513,2023-12-09,9,157.230000,2023-03-02,1,0
2627,2023-01-14,72,465.580000,2023-05-31,1,0
1599,2024-01-24,74,145.270000,2022-10-04,1,0
1630,2020-10-19,84,30.550000,2024-12-18,1,0
2398,2021-07-05,98,327.530000,2022-04-10,1,0
1225,2020-06-28,93,384.940000,2023-01-24,1,0
2542,2023-05-05,81,163.740000,2022-04-07,1,0
1965,2020-09-05,25,292.540000,2024-08-27,1,0
2783,2021-01-28,74,138.160000,2024-11-26,1,0
134,2024-06-16,64,403.550000,2022-04-26,1,0
681,2023-06-25,50,403.860000,2024-08-07,1,0
88,2024-03-21,23,230.200000,2022-04-10,1,0
798,2020-05-05,47,117.360000,2024-11-25,1,0
1733,2024-09-17,85,179.340000,2022-08-18,1,0
1438,2022-01-01,41,357.120000,2023-10-19,1,0
102,2023-08-14,4,233.130000,2021-08-25,1,0
374,2021-09-01,97,481.590000,2025-02-12,1,0
2990,2023-03-28,65,359.280000,2023-10-30,1,1
2615,2021-10-12,22,335.660000,2025-02-22,1,0
2956,2021-03-13,86,125.390000,2021-04-27,1,1
842,2023-08-16,81,219.340000,2021-08-02,1,0
1360,2023-10-20,23,88.200000,2020-03-20,1,1
209,2022-02-24,38,311.880000,2020-09-08,1,0
2404,2021-06-21,54,157.830000,2023-10-26,1,0
804,2020-12-27,79,12.520000,2021-04-19,1,1
2951,2021-08-09,54,168.500000,2020-02-05,1,0
1031,2024-03-14,87,156.170000,2020-01-02,1,0
1779,2023-11-11,66,32.650000,2021-02-22,1,1
479,2021-02-28,22,319.260000,2022-06-10,1,1
2335,2024-02-08,4,217.940000,2023-04-07,1,0
1273,2020-10-21,76,102.440000,2021-12-01,1,0
2598,2023-08-14,69,348.230000,2020-02-04,1,0
680,2020-01-29,53,17.610000,2024-09-25,1,0
1670,2021-09-01,85,499.760000,2024-09-28,1,1
258,2023-02-02,85,165.520000,2024-06-23,1,0
1690,2023-02-18,29,430.770000,2022-05-12,1,0
2325,2022-07-04,61,84.840000,2021-10-06,1,0
417,2023-06-22,4,66.920000,2023-08-13,1,1
1523,2023-08-08,11,382.750000,2024-06-20,1,0
2640,2021-05-30,98,378.250000,2023-04-26,1,0
950,2022-09-26,85,170.210000,2025-04-24,1,0
685,2020-05-25,74,111.210000,2022-11-15,1,0
309,2024-09-06,65,95.740000,2021-06-14,1,0
183,2023-12-13,83,53.050000,2020-10-05,1,1
1219,2020-11-25,21,291.780000,2020-12-28,1,0
2740,2023-05-24,30,191.650000,2021-08-19,1,0
2320,2022-05-12,38,120.440000,2020-05-07,1,0
1279,2023-01-21,45,112.720000,2022-11-22,1,0
1772,2020-02-12,39,265.510000,2021-12-27,1,0
1959,2023-07-16,1,371.210000,2021-03-21,1,1
2208,2024-04-09,34,117.430000,2023-02-11,1,0
2574,2022-02-18,56,259.680000,2023-06-06,1,0
2842,2024-08-27,89,454.220000,2025-01-05,1,0
159,2025-03-12,84,316.530000,2022-07-23,1,0
2298,2024-04-25,83,26.520000,2025-03-18,1,0
1838,2021-10-18,6,332.680000,2023-02-07,1,0
2704,2022-02-19,84,469.800000,2021-11-09,1,0
569,2020-01-31,56,455.360000,2024-05-23,1,0
1489,2022-12-28,26,409.950000,2021-08-16,1,0
1366,2022-04-20,9,363.030000,2025-03-28,1,0
2597,2020-04-10,98,354.450000,2023-12-08,1,0
989,2021-06-21,64,34.870000,2021-04-23,1,0
438,2024-09-20,70,176.240000,2021-08-18,1,0
1458,2021-10-15,88,384.840000,2022-03-04,1,0
1446,2024-01-02,59,408.900000,2021-08-05,1,0
1585,2024-10-13,56,478.960000,2022-10-24,1,0
338,2024-01-06,76,65.880000,2022-08-12,1,0
2151,2022-07-23,12,453.250000,2023-05-17,1,1
566,2020-11-21,83,387.220000,2024-12-17,1,0
825,2021-02-06,61,476.780000,2021-07-31,1,1
2439,2021-12-03,20,270.980000,2022-06-22,1,0
2849,2022-01-07,11,461.160000,2022-12-24,1,0
35,2021-11-06,17,132.580000,2022-06-25,1,0
2646,2020-05-23,70,43.100000,2021-07-27,1,0
1969,2022-03-18,63,239.360000,2023-06-03,1,0
2945,2021-12-06,12,98.720000,2020-09-18,1,0
923,2023-06-20,66,394.260000,2024-04-09,1,0
757,2024-03-02,56,404.250000,2020-07-10,1,0
1846,2021-11-03,26,185.160000,2023-05-22,1,0
2447,2022-10-25,84,93.060000,2023-02-04,1,0
1606,2025-01-18,61,288.430000,2024-10-21,1,0
1070,2021-05-19,66,462.000000,2020-09-06,1,0
1851,2020-02-24,38,67.710000,2022-02-20,1,0
2089,2022-09-28,38,346.140000,2024-08-01,1,1
56,2023-11-07,69,159.510000,2022-08-02,1,0
1782,2024-03-28,11,405.390000,2021-04-22,1,0
2090,2024-03-09,33,99.710000,2022-11-27,1,0
282,2020-09-18,4,450.100000,2022-05-06,1,0
1096,2020-12-30,47,92.290000,2023-09-09,1,0
1311,2020-02-02,24,391.660000,2024-08-21,1,0
225,2024-04-23,7,342.400000,2023-07-16,1,0
1780,2020-06-02,71,249.500000,2023-09-17,1,1
2007,2022-05-15,28,384.950000,2021-02-12,1,1
1701,2021-12-16,92,107.140000,2021-07-20,1,0
2872,2023-09-07,94,129.680000,2021-02-20,1,0
389,2023-03-15,33,285.320000,2021-12-17,1,0
292,2024-02-23,61,118.300000,2021-06-20,1,0
1080,2021-08-09,1,181.050000,2021-11-29,1,0
1742,2024-09-26,63,65.890000,2020-09-20,1,0
2663,2021-10-30,26,400.440000,2024-03-15,1,0
95,2021-10-20,43,113.510000,2024-01-10,1,0
2864,2020-01-07,31,99.960000,2024-05-12,1,1
862,2023-04-30,86,32.110000,2023-03-11,1,0
1029,2021-01-04,92,418.110000,2020-02-11,1,0
2596,2022-08-20,88,211.130000,2021-11-05,1,0
316,2024-11-25,8,22.980000,2021-09-02,1,0
2169,2020-08-30,3,74.800000,2023-06-07,1,0
1112,2024-04-30,87,93.250000,2025-01-17,1,0
1627,2023-08-31,81,62.000000,2021-01-18,1,0
1703,2021-10-06,76,261.160000,2020-09-16,1,0
719,2022-06-27,20,236.310000,2023-11-29,1,1
2312,2022-04-18,99,195.170000,2024-05-11,1,1
734,2020-03-03,82,438.630000,2024-03-25,1,1
2132,2020-07-21,62,298.180000,2020-02-27,1,0
854,2020-06-17,30,492.770000,2020-06-11,1,0
701,2023-02-04,68,357.210000,2024-09-28,1,0
238,2021-09-26,63,55.640000,2022-07-13,1,0
1865,2024-09-04,65,344.360000,2024-09-12,1,1
653,2021-10-22,7,250.560000,2023-05-04,1,0
736,2022-07-04,3,119.860000,2023-11-10,1,0
1184,2023-04-15,96,302.800000,2022-05-05,1,0
2906,2022-02-01,31,404.470000,2020-02-04,1,1
2480,2021-06-07,55,181.260000,2021-03-04,1,0
2893,2021-06-06,70,77.270000,2024-04-21,1,0
2579,2023-06-02,73,376.860000,2024-09-03,1,0
2910,2021-06-19,39,261.130000,2020-10-14,1,0
2210,2025-02-07,100,252.800000,2023-06-09,1,1
2417,2021-01-03,84,87.100000,2022-05-12,1,1
273,2023-10-01,70,499.080000,2024-03-07,1,0
2469,2023-02-27,25,53.700000,2020-09-01,1,0
51,2023-06-30,76,410.060000,2022-02-22,1,0
1480,2020-03-12,13,53.730000,2023-04-09,1,1
2650,2021-02-24,16,26.550000,2020-12-15,1,0
181,2025-02-04,17,470.340000,2020-03-20,1,0
748,2024-06-15,75,467.940000,2022-06-18,1,1
819,2024-04-20,9,374.070000,2021-03-26,1,0
1205,2024-06-11,64,211.350000,2022-07-09,1,0
2742,2021-06-09,81,104.440000,2021-04-28,1,0
1647,2020-08-19,18,150.640000,2020-09-07,1,1
1597,2020-11-14,59,53.490000,2022-09-21,1,0
1502,2022-01-08,40,198.690000,2024-05-07,1,0
2012,2020-05-29,26,68.450000,2024-07-06,1,0
1906,2023-07-11,64,372.090000,2024-11-30,1,0
485,2020-01-30,76,79.950000,2024-05-10,1,0
1200,2020-04-18,49,35.300000,2022-04-04,1,0
563,2021-07-12,49,156.420000,2023-11-17,1,0
