condition_id,location_id,record_time,temperature,humidity,weather,wind_speed
1,4,2025-05-04 19:06:12.130674,36.810000,59.880000,clear,69.100000
2,24,2025-05-09 18:03:19.468436,23.420000,35.940000,rainy,81.080000
3,174,2025-04-13 08:09:57.991105,32.370000,82.240000,rainy,38.010000
4,156,2025-04-11 09:34:04.621885,30.610000,63.350000,stormy,79.280000
5,153,2025-04-19 01:35:41.089963,22.030000,51.320000,rainy,77.050000
6,80,2025-04-19 02:57:15.401571,-9.200000,24.870000,rainy,23.690000
7,118,2025-04-23 09:22:15.397911,37.890000,22.350000,stormy,67.850000
8,139,2025-04-28 04:48:17.193570,9.460000,68.400000,stormy,57.290000
9,186,2025-04-21 06:32:09.430824,31.560000,52.580000,stormy,18.620000
10,50,2025-04-10 10:59:56.358223,32.670000,88.600000,stormy,83.320000
11,107,2025-04-21 21:56:06.577486,35.250000,33.630000,stormy,15.630000
12,199,2025-05-03 03:20:55.939550,8.920000,85.610000,rainy,59.120000
13,19,2025-04-17 06:23:27.646575,24.440000,26.640000,rainy,10.500000
14,48,2025-04-16 10:25:31.543625,3.600000,30.030000,clear,37.800000
15,82,2025-04-19 18:20:26.199332,36.640000,50.470000,stormy,40.140000
16,151,2025-04-21 21:13:15.386412,39.520000,50.310000,rainy,38.430000
17,141,2025-04-23 01:48:16.657650,27.670000,44.740000,stormy,89.000000
18,196,2025-04-16 02:07:46.841910,-8.850000,28.830000,rainy,65.730000
19,123,2025-04-11 03:00:08.816744,11.420000,78.890000,stormy,5.310000
20,12,2025-04-14 00:08:36.798929,-9.590000,87.710000,rainy,84.510000
21,127,2025-04-23 11:47:13.348192,27.120000,66.570000,clear,70.510000
22,137,2025-05-02 03:28:30.550838,14.620000,93.060000,clear,14.100000
23,102,2025-04-15 00:38:46.960424,21.140000,78.490000,stormy,43.590000
24,101,2025-05-06 20:36:34.381508,13.870000,61.310000,rainy,88.930000
25,115,2025-05-02 16:28:35.040651,8.280000,22.130000,rainy,68.770000
26,58,2025-04-28 23:40:00.714641,14.620000,24.640000,clear,21.700000
27,161,2025-05-02 15:34:20.050861,25.610000,20.020000,stormy,51.460000
28,159,2025-05-02 22:29:21.271463,26.680000,94.970000,rainy,99.780000
29,31,2025-05-01 09:52:55.971637,6.280000,71.480000,stormy,91.840000
30,116,2025-04-12 03:49:09.786750,30.650000,43.680000,rainy,61.680000
31,80,2025-04-27 21:54:57.832724,26.620000,27.100000,stormy,68.180000
32,76,2025-05-06 01:48:40.583112,36.190000,28.810000,rainy,17.780000
33,131,2025-04-12 20:59:36.111976,15.180000,67.860000,clear,10.240000
34,113,2025-04-16 17:04:27.472398,29.970000,34.140000,clear,21.400000
35,40,2025-04-18 20:44:43.470443,23.190000,99.850000,clear,93.820000
36,25,2025-05-05 12:45:52.667968,10.530000,62.620000,stormy,45.480000
37,37,2025-05-09 09:10:03.390204,-7.710000,52.730000,stormy,96.560000
38,47,2025-04-12 17:16:39.100312,6.360000,60.840000,rainy,71.030000
39,180,2025-05-04 05:54:15.234049,37.420000,35.760000,stormy,48.750000
40,129,2025-04-28 23:12:59.303542,-9.090000,49.780000,stormy,40.320000
41,141,2025-04-13 11:34:29.820190,9.210000,90.260000,clear,27.280000
42,136,2025-04-24 08:42:04.619365,2.240000,57.170000,clear,46.870000
43,66,2025-05-05 13:39:42.839400,22.150000,58.640000,clear,63.820000
44,90,2025-04-27 07:18:13.435962,-3.140000,73.510000,clear,38.550000
45,16,2025-04-11 17:34:04.537640,28.000000,70.860000,clear,33.280000
46,90,2025-04-11 05:25:47.899642,13.630000,26.850000,rainy,27.900000
47,87,2025-04-15 22:05:03.714032,-4.000000,36.560000,clear,22.530000
48,63,2025-04-28 02:50:59.540429,23.570000,34.130000,stormy,67.440000
49,120,2025-05-08 02:08:35.910030,22.970000,78.440000,stormy,15.960000
50,51,2025-04-24 16:39:31.551067,0.450000,33.130000,rainy,35.230000
51,45,2025-04-22 02:45:51.051208,-7.900000,94.950000,stormy,22.120000
52,38,2025-05-04 17:49:54.600484,7.240000,27.940000,rainy,5.160000
53,79,2025-04-23 17:22:16.465229,10.620000,52.650000,rainy,88.440000
54,71,2025-04-18 10:54:52.029699,-7.950000,63.140000,stormy,52.560000
55,189,2025-05-08 01:46:34.989978,2.340000,44.550000,rainy,44.450000
56,4,2025-04-23 22:21:39.073865,24.150000,75.250000,stormy,17.650000
57,171,2025-05-09 18:17:10.864289,8.170000,57.240000,stormy,64.170000
58,36,2025-04-28 16:02:11.123601,13.970000,61.950000,clear,58.760000
59,5,2025-04-13 11:59:17.952283,29.820000,74.160000,stormy,51.130000
60,138,2025-04-10 00:16:24.088033,20.940000,60.420000,rainy,94.780000
61,179,2025-04-15 21:25:49.180649,35.740000,24.570000,clear,26.430000
62,92,2025-04-12 00:09:02.182544,39.630000,20.780000,rainy,12.890000
63,106,2025-04-18 09:02:27.150442,11.430000,22.690000,stormy,65.440000
64,95,2025-04-11 00:07:06.240096,-6.940000,51.860000,rainy,85.080000
65,41,2025-04-13 18:01:19.818724,-4.000000,26.350000,stormy,55.470000
66,180,2025-04-21 16:53:07.967295,28.710000,85.390000,clear,51.090000
67,86,2025-04-25 22:31:07.274493,31.470000,23.290000,stormy,91.170000
68,112,2025-04-27 23:54:25.477759,9.880000,54.570000,stormy,27.290000
69,180,2025-04-27 19:11:34.734678,29.810000,61.530000,stormy,68.650000
70,7,2025-04-29 21:34:49.941049,5.930000,93.320000,clear,27.170000
71,7,2025-04-14 17:22:59.783563,21.920000,91.040000,stormy,37.460000
72,160,2025-04-15 19:53:08.714291,-6.400000,56.760000,clear,2.590000
73,77,2025-05-04 19:52:58.679769,12.970000,63.070000,stormy,23.330000
74,41,2025-04-22 06:02:48.683733,19.020000,49.330000,rainy,66.600000
75,91,2025-04-21 01:33:22.684880,8.370000,50.840000,stormy,43.170000
76,85,2025-05-07 04:00:46.955786,8.290000,53.380000,rainy,92.940000
77,141,2025-04-27 11:32:16.407514,9.260000,74.380000,rainy,68.280000
78,128,2025-04-21 17:54:01.872134,38.400000,20.810000,rainy,12.080000
79,89,2025-04-16 19:21:12.437735,-7.750000,82.210000,clear,47.120000
80,148,2025-04-27 00:51:40.000187,1.130000,33.420000,clear,73.450000
81,50,2025-04-25 04:34:05.398803,4.970000,95.470000,clear,30.560000
82,122,2025-04-19 13:02:20.699924,9.720000,68.920000,clear,63.820000
83,143,2025-04-29 17:27:15.340965,36.270000,62.760000,clear,19.350000
84,80,2025-04-24 02:40:36.822621,23.820000,63.550000,rainy,82.600000
85,45,2025-04-24 16:29:30.537867,1.120000,26.400000,rainy,61.800000
86,140,2025-05-03 10:49:28.272186,-0.420000,86.970000,rainy,30.970000
87,200,2025-04-14 11:17:03.532719,0.990000,23.880000,stormy,77.160000
88,106,2025-04-22 07:18:01.644814,25.900000,33.100000,stormy,3.280000
89,34,2025-04-29 13:23:19.452562,39.970000,21.090000,clear,88.120000
90,176,2025-04-16 09:42:46.906576,25.760000,42.320000,rainy,16.800000
91,199,2025-05-03 16:03:05.938507,-4.040000,72.050000,stormy,48.910000
92,44,2025-04-10 16:41:50.106909,9.290000,60.160000,rainy,4.970000
93,64,2025-05-09 07:31:15.376288,20.490000,78.440000,stormy,92.020000
94,104,2025-04-24 21:15:19.824281,28.540000,37.700000,stormy,12.550000
95,178,2025-04-15 05:07:10.868352,35.640000,89.760000,rainy,17.040000
96,21,2025-04-23 06:13:31.109234,32.830000,41.330000,rainy,40.680000
97,187,2025-04-30 04:03:44.972920,24.540000,65.040000,stormy,89.720000
98,170,2025-04-10 23:10:39.809278,36.780000,66.390000,clear,91.060000
99,142,2025-04-12 20:46:29.479607,32.480000,60.150000,rainy,7.550000
100,57,2025-04-14 14:13:14.931242,-3.530000,29.410000,rainy,61.870000
101,15,2025-04-30 07:57:13.860598,-8.940000,50.260000,stormy,80.880000
102,189,2025-04-29 04:56:48.745353,-6.500000,33.560000,rainy,36.800000
103,110,2025-04-12 17:53:31.846758,1.860000,42.690000,clear,49.470000
104,64,2025-04-27 08:40:20.992537,34.280000,61.370000,rainy,33.010000
105,115,2025-04-12 08:55:15.867738,36.200000,21.070000,rainy,94.320000
106,67,2025-05-04 22:55:07.881206,-4.430000,24.420000,clear,46.980000
107,148,2025-04-11 23:35:44.122499,-0.040000,30.420000,rainy,16.230000
108,102,2025-04-28 09:21:20.046074,-1.520000,66.090000,stormy,62.700000
109,8,2025-04-20 15:13:41.886211,36.780000,30.930000,rainy,81.050000
110,174,2025-05-07 11:26:56.391163,11.320000,35.880000,rainy,15.450000
111,177,2025-04-10 19:29:26.439587,29.390000,83.070000,rainy,42.890000
112,116,2025-04-25 15:05:56.692473,20.470000,89.250000,stormy,6.900000
113,173,2025-04-25 22:15:25.511496,25.200000,40.860000,rainy,6.940000
114,94,2025-05-02 17:13:55.852824,28.850000,89.930000,stormy,35.030000
115,64,2025-04-17 11:01:30.891603,3.860000,82.440000,rainy,82.580000
116,3,2025-04-18 23:40:59.611650,24.890000,21.390000,stormy,12.940000
117,189,2025-05-08 10:34:19.781196,35.900000,65.320000,rainy,80.480000
118,76,2025-05-05 14:19:25.574895,22.900000,88.000000,rainy,8.600000
119,153,2025-04-25 06:22:18.235173,31.760000,78.150000,rainy,29.780000
120,15,2025-04-29 11:27:57.540205,24.880000,83.370000,clear,11.410000
121,17,2025-04-23 15:07:47.050334,-9.520000,91.460000,rainy,65.920000
122,21,2025-04-13 11:04:32.603727,13.170000,88.650000,clear,64.300000
123,72,2025-05-07 18:18:53.805067,15.390000,54.680000,rainy,92.830000
124,151,2025-04-10 01:44:40.211324,27.740000,73.990000,clear,45.870000
125,120,2025-05-08 12:04:29.550207,-0.520000,87.620000,stormy,18.360000
126,67,2025-04-11 21:50:45.940458,3.840000,58.200000,stormy,28.570000
127,130,2025-04-15 02:58:54.077903,14.460000,53.980000,rainy,53.700000
128,120,2025-05-03 08:40:58.607276,3.520000,71.830000,rainy,33.320000
129,91,2025-04-16 01:48:53.374205,17.970000,91.780000,stormy,30.180000
130,150,2025-04-14 08:31:44.776447,-7.300000,20.320000,clear,7.780000
131,30,2025-04-20 03:32:13.093745,37.620000,62.980000,stormy,51.740000
132,39,2025-05-06 07:09:41.203978,-7.350000,62.150000,rainy,88.550000
133,21,2025-04-18 08:54:14.690623,31.430000,62.520000,clear,72.980000
134,37,2025-04-10 19:09:03.649400,17.370000,89.850000,stormy,81.130000
135,77,2025-05-05 08:34:18.910302,-2.390000,95.200000,stormy,60.770000
136,124,2025-04-13 16:15:42.193267,28.380000,61.960000,clear,78.660000
137,136,2025-04-27 22:00:48.560203,2.260000,42.360000,stormy,41.250000
138,186,2025-04-24 00:32:25.043167,17.340000,36.880000,clear,13.860000
139,49,2025-05-07 20:00:00.544126,23.150000,85.280000,stormy,41.090000
140,14,2025-04-20 14:08:00.692911,-3.110000,64.070000,stormy,3.500000
141,125,2025-04-16 08:28:11.461943,-9.720000,24.570000,rainy,85.260000
142,88,2025-05-07 13:02:42.119074,11.510000,98.490000,stormy,52.260000
143,180,2025-04-15 12:59:30.151013,9.040000,45.260000,stormy,64.260000
144,175,2025-04-10 07:37:45.557555,18.010000,33.790000,clear,72.330000
145,41,2025-04-16 12:27:02.418429,39.130000,38.430000,clear,97.810000
146,31,2025-04-28 14:58:15.142915,35.550000,69.730000,rainy,75.540000
147,94,2025-04-29 13:01:52.295946,35.280000,25.720000,rainy,58.370000
148,25,2025-04-30 09:37:09.655850,36.990000,74.380000,stormy,48.010000
149,55,2025-04-28 00:45:49.615469,24.970000,75.500000,clear,40.890000
150,87,2025-04-19 16:14:46.427302,39.280000,48.810000,clear,86.260000
151,176,2025-04-17 01:37:22.437251,-1.740000,27.580000,stormy,33.020000
152,6,2025-04-17 08:58:30.211543,13.210000,55.010000,rainy,65.230000
153,105,2025-04-28 13:18:31.722377,36.250000,90.250000,stormy,78.180000
154,160,2025-05-07 06:48:46.276771,22.200000,86.770000,stormy,97.690000
155,3,2025-04-28 05:57:57.677958,-8.320000,29.740000,clear,63.520000
156,38,2025-05-08 00:19:47.878989,14.450000,43.740000,rainy,63.620000
157,90,2025-05-04 17:57:24.400439,-7.800000,81.820000,stormy,59.490000
158,170,2025-05-05 12:41:52.742407,-6.920000,21.720000,rainy,65.030000
159,169,2025-05-02 05:25:38.195174,1.280000,93.450000,rainy,95.920000
160,74,2025-04-30 10:59:50.672392,-6.610000,48.200000,stormy,10.790000
161,166,2025-04-13 02:16:37.704856,4.990000,64.240000,stormy,1.630000
162,108,2025-04-21 04:38:06.662327,37.060000,89.590000,clear,66.810000
163,178,2025-04-20 09:42:23.025084,22.710000,59.020000,rainy,50.270000
164,29,2025-04-28 22:52:41.789809,-8.680000,76.630000,rainy,70.730000
165,98,2025-04-24 12:29:58.110877,-5.360000,52.620000,rainy,91.810000
166,140,2025-05-09 03:24:53.896893,9.730000,22.880000,rainy,40.950000
167,60,2025-05-08 21:17:21.396465,10.770000,61.390000,rainy,17.640000
168,55,2025-04-11 15:29:55.805636,33.530000,76.720000,rainy,69.730000
169,100,2025-04-20 19:44:49.398690,16.890000,20.630000,stormy,82.960000
170,78,2025-05-08 17:37:34.753588,33.840000,33.810000,stormy,82.610000
171,19,2025-05-05 23:43:57.433002,29.290000,89.720000,stormy,60.660000
172,161,2025-04-19 22:36:40.170583,16.330000,29.220000,clear,81.380000
173,84,2025-04-13 07:17:41.604167,22.970000,47.410000,stormy,1.490000
174,102,2025-04-23 17:46:02.222412,-3.880000,37.500000,rainy,93.450000
175,177,2025-05-07 05:15:57.296299,13.980000,97.140000,clear,31.560000
176,135,2025-04-14 20:45:37.958558,18.530000,24.310000,stormy,74.080000
177,51,2025-04-19 06:16:11.229947,-4.590000,94.630000,clear,37.100000
178,77,2025-04-18 21:49:11.776608,17.400000,74.800000,clear,88.290000
179,186,2025-05-07 15:50:26.341190,-5.330000,89.070000,rainy,60.250000
180,12,2025-04-14 16:20:16.868368,4.800000,83.290000,clear,24.170000
181,172,2025-05-06 19:46:13.793771,-1.740000,41.020000,clear,46.880000
182,43,2025-04-26 20:57:43.122432,6.390000,44.260000,rainy,33.310000
183,21,2025-04-16 15:34:15.577380,29.030000,79.810000,stormy,55.230000
184,5,2025-04-26 15:16:12.083333,27.830000,82.500000,stormy,12.490000
185,31,2025-04-11 17:02:38.831029,39.260000,62.330000,clear,25.770000
186,88,2025-04-10 23:06:59.352297,27.410000,93.480000,rainy,24.320000
187,163,2025-04-27 20:52:07.601970,8.820000,47.310000,clear,61.110000
188,85,2025-05-08 03:35:25.694180,38.130000,36.580000,rainy,8.700000
189,20,2025-04-24 06:02:42.915200,-0.530000,35.330000,clear,16.210000
190,159,2025-04-18 19:59:16.771263,21.040000,38.210000,clear,22.300000
191,137,2025-04-14 18:13:17.025505,29.190000,25.980000,clear,17.520000
192,77,2025-04-22 04:22:16.900126,1.270000,51.160000,clear,22.490000
193,172,2025-04-19 01:20:45.891332,-9.310000,72.350000,stormy,71.890000
194,73,2025-04-19 18:14:14.268853,12.870000,21.170000,rainy,88.170000
195,187,2025-04-25 07:28:40.360337,8.420000,50.100000,stormy,41.470000
196,42,2025-04-24 23:34:52.070130,34.100000,65.540000,clear,31.160000
197,43,2025-04-22 21:11:28.692423,21.310000,55.060000,rainy,97.100000
198,177,2025-04-28 06:03:48.947139,35.440000,61.420000,clear,90.450000
199,33,2025-04-13 21:49:10.338057,30.330000,81.460000,stormy,62.090000
200,53,2025-05-08 03:37:21.952458,-5.130000,75.720000,clear,9.790000
201,142,2025-04-27 17:05:38.819056,25.170000,60.660000,stormy,85.760000
202,174,2025-05-03 06:17:23.783725,-6.480000,73.560000,clear,64.840000
203,140,2025-04-23 09:42:44.027459,10.190000,41.610000,stormy,61.520000
204,119,2025-04-30 08:56:40.014492,34.140000,92.560000,stormy,49.000000
205,161,2025-04-20 04:54:25.496145,33.750000,54.600000,rainy,52.720000
206,157,2025-04-22 17:59:26.650716,-6.340000,91.100000,clear,69.870000
207,1,2025-04-16 19:25:56.974882,22.410000,82.700000,clear,21.210000
208,134,2025-05-01 18:13:14.313847,30.170000,69.400000,stormy,74.380000
209,63,2025-04-23 18:13:54.809453,-9.680000,33.820000,stormy,77.640000
210,29,2025-04-27 00:26:13.833502,33.190000,46.080000,clear,83.010000
211,190,2025-04-24 03:14:52.553677,-3.170000,42.040000,rainy,59.030000
212,125,2025-04-15 22:58:07.985643,-9.380000,69.290000,stormy,16.620000
213,157,2025-05-01 07:38:05.814128,28.900000,35.760000,rainy,42.030000
214,91,2025-04-18 14:49:58.225046,6.240000,69.180000,clear,26.530000
215,53,2025-05-02 18:53:46.851146,4.430000,55.760000,stormy,90.110000
216,192,2025-05-03 07:10:09.209773,30.700000,78.930000,stormy,47.540000
217,156,2025-05-01 04:10:33.926129,14.900000,28.250000,rainy,30.470000
218,187,2025-05-04 23:46:36.471864,10.160000,37.790000,clear,21.920000
219,42,2025-04-26 11:33:27.537134,27.980000,79.080000,stormy,56.130000
220,195,2025-04-20 14:47:39.612286,38.160000,72.620000,rainy,19.100000
221,158,2025-05-04 12:46:26.636492,24.840000,25.330000,rainy,95.120000
222,145,2025-04-21 20:31:59.809381,34.470000,63.270000,clear,10.180000
223,118,2025-04-11 04:11:45.194213,2.190000,67.370000,stormy,77.240000
224,193,2025-04-10 12:41:30.118284,11.400000,96.460000,clear,18.810000
225,176,2025-05-06 08:59:43.347338,39.890000,26.390000,rainy,67.170000
226,27,2025-04-23 02:50:38.102752,10.570000,91.650000,rainy,64.760000
227,197,2025-04-23 07:28:40.583607,25.790000,39.980000,clear,90.590000
228,59,2025-04-26 16:38:53.023374,33.550000,68.450000,clear,54.340000
229,150,2025-04-17 10:49:45.453294,-6.600000,71.030000,clear,94.520000
230,162,2025-04-19 02:17:25.049191,-3.730000,81.850000,clear,34.950000
231,166,2025-04-12 15:07:36.049990,16.780000,52.160000,clear,17.130000
232,14,2025-04-29 00:55:29.944220,1.470000,82.530000,clear,79.970000
233,140,2025-04-15 15:39:10.203926,25.350000,96.060000,stormy,85.050000
234,196,2025-04-20 17:52:52.541307,14.400000,84.960000,clear,5.810000
235,100,2025-04-25 18:09:43.562144,4.140000,56.620000,rainy,14.410000
236,16,2025-04-29 01:29:08.435806,10.830000,82.660000,clear,77.870000
237,34,2025-05-04 21:18:15.219251,23.980000,42.500000,clear,0.420000
238,169,2025-04-28 15:59:03.985993,-8.500000,37.010000,rainy,22.810000
239,81,2025-05-06 06:46:57.774746,19.340000,85.820000,stormy,42.300000
240,190,2025-04-28 13:06:02.717420,26.830000,24.760000,stormy,89.840000
241,76,2025-04-30 05:59:52.573019,-2.320000,38.000000,clear,62.290000
242,76,2025-04-18 01:45:10.940573,-2.350000,52.200000,stormy,18.010000
243,17,2025-05-03 05:09:55.583121,8.050000,80.480000,stormy,15.820000
244,184,2025-05-08 07:48:24.349438,22.520000,59.390000,stormy,14.170000
245,73,2025-05-01 06:01:28.715555,9.630000,69.200000,stormy,13.040000
246,161,2025-04-11 18:00:11.832116,30.360000,48.040000,rainy,65.700000
247,51,2025-04-20 18:45:29.643305,23.150000,48.220000,stormy,75.830000
248,113,2025-05-02 04:30:50.031709,12.740000,94.920000,clear,90.030000
249,113,2025-04-27 19:12:04.737416,25.240000,90.790000,stormy,66.050000
250,193,2025-04-17 17:01:01.520030,3.070000,30.820000,rainy,24.490000
251,57,2025-04-30 11:12:34.095496,23.520000,99.600000,stormy,63.700000
252,175,2025-04-29 05:38:03.002244,31.860000,67.880000,rainy,64.620000
253,63,2025-05-08 23:07:02.813385,31.240000,89.830000,rainy,22.620000
254,169,2025-04-13 06:22:51.814006,0.860000,71.660000,rainy,3.040000
255,108,2025-04-19 09:18:16.185017,3.590000,68.800000,rainy,18.770000
256,21,2025-04-18 21:02:19.256783,5.740000,92.880000,clear,24.780000
257,115,2025-04-14 17:43:12.701417,34.720000,47.000000,clear,84.840000
258,160,2025-04-17 22:55:25.790441,12.850000,67.370000,rainy,66.410000
259,194,2025-04-17 21:31:54.951037,-9.640000,86.820000,stormy,73.100000
260,27,2025-04-20 18:58:50.079097,-5.460000,53.530000,clear,51.050000
261,34,2025-04-30 15:43:12.050566,38.910000,47.340000,clear,82.420000
262,51,2025-04-24 00:41:40.607110,39.670000,28.550000,rainy,25.280000
263,18,2025-04-16 11:50:58.376823,1.290000,52.190000,rainy,27.370000
264,28,2025-04-21 22:41:28.879566,25.440000,87.160000,stormy,41.400000
265,132,2025-04-25 09:16:18.564874,34.710000,59.480000,rainy,65.810000
266,82,2025-04-18 01:47:18.718249,14.170000,35.040000,stormy,57.570000
267,8,2025-04-27 01:41:25.006210,-6.550000,52.060000,rainy,92.020000
268,144,2025-04-18 06:57:47.896870,7.730000,59.290000,clear,46.500000
269,112,2025-05-04 12:44:46.183337,-4.180000,87.500000,stormy,15.170000
270,199,2025-04-22 17:25:15.613769,16.990000,67.150000,clear,23.180000
271,168,2025-04-26 20:30:54.541388,6.330000,53.770000,stormy,89.960000
272,194,2025-04-24 13:12:04.139385,35.090000,46.630000,clear,62.750000
273,86,2025-04-18 19:08:41.839734,32.510000,55.140000,stormy,23.290000
274,163,2025-04-12 21:09:44.690529,16.090000,32.380000,rainy,83.760000
275,68,2025-05-08 00:04:36.576431,1.010000,58.170000,clear,65.730000
276,152,2025-04-16 11:34:26.551895,20.430000,94.100000,stormy,65.540000
277,98,2025-04-25 07:20:55.217746,37.810000,40.430000,clear,68.770000
278,174,2025-05-06 02:04:23.829159,8.460000,55.650000,rainy,97.510000
279,162,2025-05-05 21:06:10.922915,-7.480000,42.200000,clear,91.440000
280,176,2025-05-01 14:21:58.646964,24.910000,25.750000,stormy,61.560000
281,110,2025-04-10 00:10:04.175545,39.130000,55.870000,rainy,94.340000
282,43,2025-05-05 10:14:04.122565,24.400000,77.540000,clear,87.780000
283,95,2025-05-06 15:09:12.836115,-4.020000,77.820000,clear,78.890000
284,13,2025-04-14 06:22:19.143997,5.250000,39.910000,clear,58.150000
285,103,2025-04-12 19:27:20.011782,-6.420000,56.050000,rainy,94.290000
286,169,2025-04-15 22:55:18.136385,7.480000,42.900000,rainy,48.820000
287,157,2025-04-12 10:42:56.092846,36.410000,57.640000,rainy,24.080000
288,111,2025-04-19 06:26:25.100296,-4.500000,32.400000,rainy,5.930000
289,183,2025-04-20 16:51:31.108488,13.490000,28.040000,clear,10.910000
290,94,2025-04-17 03:08:58.497851,31.030000,38.830000,stormy,62.320000
291,31,2025-04-15 16:16:18.515656,11.970000,80.700000,rainy,19.020000
292,101,2025-04-23 21:37:17.970907,19.470000,48.280000,stormy,32.810000
293,26,2025-04-15 05:44:39.252906,39.130000,39.880000,stormy,50.790000
294,122,2025-05-05 07:10:20.751630,37.780000,43.130000,clear,5.370000
295,163,2025-04-10 11:09:02.872161,20.600000,47.190000,clear,61.990000
296,181,2025-04-30 05:49:42.772553,18.380000,27.790000,clear,35.130000
297,39,2025-04-19 14:40:02.648867,34.820000,45.880000,rainy,98.230000
298,175,2025-04-26 10:41:06.455470,13.130000,57.580000,clear,87.230000
299,78,2025-04-16 07:15:46.261848,27.110000,72.390000,stormy,66.510000
300,116,2025-04-10 16:01:51.977308,25.150000,26.130000,rainy,7.150000
301,32,2025-04-29 05:39:21.945127,4.650000,79.450000,stormy,70.530000
302,86,2025-04-20 12:26:29.597177,9.980000,24.320000,rainy,88.650000
303,104,2025-04-23 11:53:39.777606,30.470000,73.090000,stormy,72.310000
304,143,2025-04-30 00:50:18.327825,30.670000,95.500000,rainy,25.900000
305,154,2025-05-03 23:34:40.524569,-3.120000,74.340000,rainy,70.690000
306,80,2025-04-11 23:36:18.475894,-0.690000,49.400000,rainy,40.840000
307,174,2025-05-04 15:41:34.897139,39.900000,60.690000,rainy,16.020000
308,88,2025-04-29 10:15:04.181367,10.260000,22.520000,stormy,75.770000
309,53,2025-05-02 06:59:37.440011,11.380000,51.310000,stormy,16.340000
310,157,2025-05-02 02:06:14.393481,21.850000,22.640000,clear,47.750000
311,110,2025-04-16 05:15:23.388551,10.900000,71.130000,rainy,45.920000
312,85,2025-04-26 09:48:05.748818,1.400000,36.710000,stormy,39.210000
313,75,2025-04-22 03:07:36.686421,12.390000,92.010000,rainy,58.320000
314,190,2025-05-01 00:37:49.324981,25.820000,87.240000,clear,30.500000
315,43,2025-04-14 00:31:32.576996,6.010000,38.830000,clear,51.550000
316,197,2025-04-28 05:34:30.585891,-4.980000,67.650000,stormy,16.270000
317,181,2025-05-02 14:07:43.976983,-9.970000,48.100000,rainy,74.910000
318,134,2025-04-15 15:10:01.885655,-8.650000,27.060000,clear,96.160000
319,25,2025-04-27 17:55:02.025892,39.600000,47.400000,clear,43.350000
320,93,2025-04-25 19:26:40.141589,28.740000,68.840000,stormy,88.520000
321,7,2025-04-21 23:23:02.437262,28.330000,25.770000,clear,24.290000
322,38,2025-04-29 10:32:24.282276,-2.190000,39.160000,stormy,30.340000
323,3,2025-04-10 17:29:52.968910,18.430000,81.340000,clear,4.910000
324,153,2025-04-28 16:14:12.301293,12.890000,97.380000,clear,19.280000
325,129,2025-04-29 22:10:34.118618,6.350000,50.320000,stormy,8.790000
326,119,2025-04-25 21:12:52.054914,-9.770000,50.680000,clear,36.210000
327,103,2025-04-19 07:34:36.072683,-4.020000,56.580000,stormy,74.630000
328,118,2025-04-16 16:06:31.905444,32.670000,59.710000,clear,53.340000
329,170,2025-05-01 20:23:44.649982,10.450000,34.410000,rainy,9.270000
330,141,2025-05-02 10:39:49.477776,18.330000,29.860000,rainy,29.990000
331,187,2025-05-08 22:21:56.542497,24.020000,59.160000,stormy,73.720000
332,177,2025-04-28 11:35:49.053180,-0.510000,95.750000,clear,83.460000
333,116,2025-04-20 04:08:02.066230,39.020000,67.520000,stormy,11.590000
334,136,2025-04-20 02:40:23.425704,-5.290000,69.210000,clear,35.230000
335,58,2025-04-13 18:29:33.442281,25.040000,77.550000,rainy,14.250000
336,99,2025-05-08 08:17:37.558666,28.090000,44.800000,stormy,4.710000
337,37,2025-05-08 09:46:05.931494,5.880000,97.550000,clear,18.440000
338,85,2025-05-02 21:14:13.450311,37.150000,44.320000,stormy,88.130000
339,143,2025-04-16 19:44:08.636667,-7.490000,25.560000,clear,68.280000
340,105,2025-04-20 06:22:55.666068,3.040000,25.000000,stormy,75.490000
341,166,2025-04-22 18:07:25.821480,0.620000,70.580000,stormy,46.690000
342,143,2025-04-20 23:12:25.003202,31.870000,48.160000,rainy,72.500000
343,22,2025-04-22 13:16:02.183698,27.800000,64.090000,rainy,13.420000
344,123,2025-05-04 04:12:21.182988,10.670000,57.470000,clear,41.880000
345,45,2025-05-07 10:40:31.535972,19.280000,46.000000,stormy,91.710000
346,161,2025-05-06 16:05:14.993085,16.790000,87.780000,stormy,65.220000
347,144,2025-04-25 20:25:30.346812,35.870000,33.610000,clear,34.720000
348,200,2025-04-22 11:49:06.138883,37.560000,29.870000,rainy,68.990000
349,160,2025-05-06 15:29:55.618624,13.840000,28.290000,clear,40.030000
350,98,2025-05-06 00:28:30.447108,15.190000,68.200000,stormy,3.630000
351,140,2025-04-17 12:31:03.503288,18.920000,32.970000,clear,83.240000
352,94,2025-04-23 13:01:29.000366,13.570000,37.040000,rainy,62.380000
353,88,2025-04-21 13:20:19.209600,-1.800000,55.570000,stormy,63.350000
354,40,2025-04-19 22:21:19.221386,26.390000,33.760000,stormy,76.870000
355,1,2025-04-13 06:51:43.020292,-4.670000,56.150000,rainy,67.890000
356,195,2025-05-03 14:35:57.826452,25.350000,55.550000,rainy,2.550000
357,106,2025-05-02 02:09:28.644083,12.240000,65.780000,stormy,77.810000
358,166,2025-05-04 14:06:30.450436,5.550000,85.890000,stormy,29.780000
359,176,2025-04-29 20:37:35.438446,-5.680000,79.250000,stormy,15.860000
360,180,2025-04-19 02:56:52.028122,-1.360000,67.400000,stormy,71.990000
361,91,2025-04-18 21:33:54.874664,36.030000,33.540000,stormy,72.790000
362,120,2025-04-19 02:37:31.781428,21.100000,67.520000,stormy,96.340000
363,11,2025-04-25 21:58:22.706788,30.500000,54.960000,stormy,81.730000
364,20,2025-04-19 15:05:43.814523,23.000000,30.270000,clear,90.240000
365,101,2025-04-18 04:35:33.526238,32.580000,28.810000,stormy,65.190000
366,125,2025-04-29 23:13:52.082027,-9.080000,96.620000,clear,84.160000
367,29,2025-04-17 00:26:17.408231,11.060000,77.110000,clear,23.650000
368,53,2025-04-28 22:05:54.237942,37.440000,34.390000,rainy,44.050000
369,61,2025-05-04 14:46:44.548785,-3.230000,94.680000,rainy,23.290000
370,13,2025-04-12 12:18:54.289021,23.130000,46.260000,clear,56.630000
371,64,2025-04-22 02:40:33.539669,25.340000,75.630000,stormy,93.710000
372,80,2025-04-25 08:10:09.180927,31.410000,68.780000,clear,65.390000
373,64,2025-04-13 18:24:41.517817,0.070000,97.180000,clear,23.290000
374,168,2025-04-26 12:37:46.093460,19.080000,27.440000,stormy,85.330000
375,16,2025-04-12 23:27:46.502412,37.360000,31.430000,rainy,24.180000
376,194,2025-04-13 20:27:19.910008,30.850000,35.490000,clear,72.520000
377,74,2025-04-22 19:26:26.200708,26.770000,82.200000,clear,64.970000
378,168,2025-04-22 14:44:36.576920,37.060000,65.540000,stormy,7.330000
379,96,2025-05-04 16:07:49.528429,27.450000,94.870000,clear,85.150000
380,150,2025-04-10 09:54:31.570812,23.410000,67.980000,stormy,86.420000
381,20,2025-04-22 09:57:56.859930,5.240000,63.500000,clear,88.060000
382,181,2025-04-21 17:27:40.677719,24.260000,54.240000,clear,8.740000
383,156,2025-05-08 11:17:59.390395,34.190000,86.670000,clear,33.080000
384,27,2025-04-29 18:48:46.360897,14.290000,42.130000,stormy,62.050000
385,27,2025-05-04 08:08:28.629873,31.440000,79.660000,stormy,23.270000
386,22,2025-05-07 00:17:00.452759,-6.360000,44.600000,stormy,63.470000
387,90,2025-05-05 12:29:34.703130,38.270000,97.910000,stormy,73.610000
388,69,2025-04-23 17:51:06.935627,27.350000,30.520000,rainy,32.070000
389,114,2025-04-17 00:24:22.822349,34.810000,48.720000,clear,57.910000
390,193,2025-04-16 10:51:39.988026,13.310000,74.480000,clear,75.270000
391,31,2025-04-29 23:16:05.221125,0.180000,73.260000,stormy,86.940000
392,48,2025-04-16 08:03:04.241508,32.110000,34.260000,rainy,55.210000
393,72,2025-04-12 18:58:11.876711,5.730000,99.590000,rainy,79.460000
394,61,2025-04-14 00:29:53.643328,5.810000,64.410000,rainy,62.150000
395,17,2025-05-08 20:26:55.495297,25.000000,57.100000,clear,96.830000
396,58,2025-04-19 08:10:43.204313,-3.500000,64.550000,rainy,17.340000
397,152,2025-04-17 00:32:37.188408,-7.080000,95.860000,stormy,41.640000
398,106,2025-05-05 00:14:23.272933,8.380000,72.490000,stormy,30.240000
399,162,2025-05-07 18:29:18.192662,7.760000,71.590000,rainy,98.340000
400,44,2025-04-12 00:37:49.512136,38.890000,45.990000,rainy,46.960000
401,73,2025-04-12 04:21:20.331438,33.860000,48.080000,clear,19.370000
402,67,2025-05-03 12:42:52.550739,13.360000,82.980000,stormy,88.610000
403,11,2025-04-16 04:40:13.980052,32.680000,85.940000,stormy,53.900000
404,164,2025-04-30 21:15:00.432772,10.980000,71.740000,clear,44.910000
405,187,2025-04-11 16:12:00.076854,38.770000,49.910000,rainy,45.150000
406,88,2025-04-13 23:38:37.880352,18.200000,32.880000,rainy,66.050000
407,190,2025-04-11 06:42:53.232239,-7.330000,76.280000,clear,19.000000
408,28,2025-04-17 11:19:45.212602,38.600000,45.440000,rainy,33.860000
409,121,2025-04-30 18:46:26.050701,-7.680000,50.420000,stormy,23.830000
410,187,2025-04-18 00:43:32.890041,22.050000,30.680000,clear,67.630000
411,20,2025-04-21 02:19:58.734619,28.450000,22.650000,rainy,65.510000
412,167,2025-04-16 18:58:36.936879,18.880000,28.000000,rainy,66.920000
413,80,2025-05-05 07:23:44.415451,31.370000,63.500000,rainy,27.340000
414,168,2025-05-06 07:28:28.368944,11.900000,23.170000,stormy,11.450000
415,200,2025-04-10 01:20:54.820202,-9.760000,80.030000,clear,25.130000
416,158,2025-04-29 15:17:18.461472,24.570000,84.920000,rainy,33.920000
417,7,2025-04-24 22:06:30.614022,14.230000,85.020000,rainy,12.420000
418,86,2025-04-19 17:21:28.873335,3.860000,22.430000,rainy,20.920000
419,55,2025-04-18 23:05:03.887300,-1.320000,45.650000,stormy,81.740000
420,150,2025-04-19 04:55:22.347296,39.460000,50.530000,rainy,22.890000
421,67,2025-05-03 22:24:09.624739,-1.440000,93.750000,clear,84.780000
422,188,2025-04-11 05:22:51.976928,-4.280000,36.030000,rainy,54.590000
423,30,2025-04-10 20:57:56.783554,21.610000,72.940000,stormy,34.860000
424,70,2025-04-24 20:59:24.780663,36.420000,86.780000,clear,82.950000
425,107,2025-04-11 23:20:20.594382,-1.480000,70.320000,rainy,50.610000
426,119,2025-05-09 06:58:44.567189,7.970000,92.070000,rainy,85.310000
427,170,2025-04-14 21:36:22.597700,32.230000,75.050000,rainy,78.050000
428,11,2025-05-02 18:04:13.695875,22.100000,44.600000,rainy,99.720000
429,172,2025-04-26 13:44:33.239683,23.060000,77.500000,stormy,14.450000
430,161,2025-05-02 19:46:56.381261,28.930000,26.050000,stormy,97.360000
431,41,2025-04-30 11:16:52.426360,39.180000,36.620000,rainy,68.350000
432,94,2025-04-30 03:45:10.531642,38.320000,94.730000,clear,12.530000
433,113,2025-05-08 00:04:01.052976,26.120000,78.500000,clear,48.820000
434,184,2025-04-26 08:15:03.057901,6.500000,46.570000,clear,37.350000
435,81,2025-05-07 04:48:51.843564,14.960000,32.870000,stormy,13.970000
436,179,2025-04-26 18:44:33.300400,11.470000,34.300000,stormy,33.220000
437,139,2025-04-18 03:35:53.920448,39.670000,62.860000,rainy,25.860000
438,164,2025-05-05 10:58:00.639134,-7.410000,61.800000,rainy,32.300000
439,190,2025-05-08 22:46:15.420719,30.220000,56.870000,clear,54.940000
440,136,2025-04-12 05:25:59.595290,35.650000,75.600000,rainy,71.170000
441,90,2025-04-23 15:04:00.688151,22.940000,92.290000,stormy,4.200000
442,10,2025-04-30 18:01:44.861134,13.890000,52.100000,rainy,31.820000
443,176,2025-04-14 22:44:39.281352,28.140000,45.340000,stormy,0.180000
444,127,2025-05-06 10:13:54.617333,-8.230000,62.150000,clear,4.700000
445,183,2025-04-21 11:49:13.656814,-5.590000,63.450000,clear,5.150000
446,2,2025-04-29 23:20:00.764207,30.200000,44.890000,clear,57.930000
447,174,2025-04-19 12:11:12.083007,30.770000,80.570000,stormy,75.880000
448,45,2025-04-22 12:42:37.273683,35.440000,96.680000,rainy,80.460000
449,59,2025-04-11 23:36:55.705988,12.050000,28.930000,rainy,62.620000
450,150,2025-04-28 02:58:13.948115,22.710000,37.750000,rainy,11.780000
451,139,2025-05-07 01:06:16.198110,34.380000,83.450000,rainy,67.180000
452,96,2025-04-30 10:30:00.860775,28.460000,29.260000,stormy,19.980000
453,14,2025-04-14 21:40:15.196258,28.950000,33.100000,stormy,51.310000
454,80,2025-04-24 01:01:01.582646,38.700000,20.130000,clear,92.460000
455,94,2025-05-07 00:59:08.089666,36.960000,25.530000,rainy,11.750000
456,182,2025-04-16 02:09:47.253310,-9.390000,31.940000,rainy,50.400000
457,61,2025-04-22 15:44:19.379071,6.420000,47.950000,clear,32.550000
458,39,2025-04-11 14:56:28.098606,14.810000,52.600000,clear,10.820000
459,164,2025-04-18 05:55:02.640720,5.390000,73.900000,stormy,9.200000
460,135,2025-04-26 12:48:44.826562,14.670000,80.990000,clear,11.940000
461,99,2025-04-28 14:04:40.004631,9.740000,86.570000,stormy,11.510000
462,61,2025-04-12 07:13:44.507149,23.560000,35.230000,rainy,38.580000
463,73,2025-05-04 13:11:32.173642,30.390000,40.000000,clear,61.490000
464,26,2025-04-19 14:06:30.319120,-0.020000,90.560000,stormy,75.320000
465,8,2025-04-14 07:37:14.626798,-4.430000,84.430000,clear,58.940000
466,114,2025-04-19 02:53:00.636857,27.120000,96.690000,stormy,39.330000
467,159,2025-04-23 04:18:54.221977,31.260000,90.700000,rainy,23.900000
468,74,2025-04-22 23:45:43.140578,32.420000,34.960000,rainy,46.160000
469,85,2025-05-01 00:22:04.821992,-3.280000,24.230000,stormy,0.430000
470,173,2025-04-11 14:04:39.735508,-0.810000,38.840000,clear,13.180000
471,121,2025-05-01 10:53:43.526727,10.590000,70.340000,stormy,49.110000
472,80,2025-04-18 02:25:28.542250,16.770000,44.810000,stormy,96.060000
473,177,2025-04-24 01:14:51.011419,-9.580000,68.840000,rainy,8.740000
474,24,2025-04-28 09:28:36.898595,19.170000,90.180000,rainy,92.680000
475,188,2025-04-17 20:09:34.251377,6.380000,72.210000,clear,86.500000
476,42,2025-04-30 08:32:14.114167,4.510000,45.710000,clear,14.990000
477,98,2025-05-08 14:47:28.138035,30.980000,37.450000,rainy,26.510000
478,140,2025-04-25 13:22:38.666114,-7.530000,55.260000,clear,88.970000
479,168,2025-05-01 19:09:09.595029,12.930000,42.850000,rainy,1.130000
480,52,2025-04-14 02:05:36.030284,-8.710000,88.130000,rainy,1.910000
481,34,2025-04-22 12:46:27.526204,28.850000,72.550000,stormy,92.750000
482,186,2025-05-04 20:16:04.531525,21.170000,61.250000,clear,82.240000
483,51,2025-04-29 22:58:47.362444,2.580000,37.250000,clear,23.740000
484,113,2025-04-11 05:17:30.189055,13.720000,29.110000,rainy,34.460000
485,63,2025-04-15 03:47:56.315569,31.020000,79.270000,stormy,8.750000
486,70,2025-04-28 22:35:52.637724,5.260000,42.310000,clear,69.270000
487,185,2025-04-15 00:34:11.590111,24.410000,63.030000,stormy,35.620000
488,45,2025-04-10 05:05:51.173309,-3.810000,87.860000,rainy,48.190000
489,50,2025-04-23 10:14:28.484378,37.870000,44.030000,stormy,23.700000
490,84,2025-05-08 23:31:22.255830,8.550000,90.770000,stormy,75.320000
491,125,2025-04-15 04:22:20.386237,15.850000,28.730000,clear,95.920000
492,177,2025-04-30 14:20:47.254845,30.410000,85.840000,rainy,21.980000
493,136,2025-05-08 07:22:31.340608,5.160000,71.840000,rainy,25.650000
494,145,2025-04-13 22:21:58.438336,25.150000,61.580000,stormy,55.730000
495,27,2025-04-15 04:52:53.459349,-1.760000,54.680000,stormy,49.680000
496,27,2025-05-05 07:06:39.346550,10.240000,57.930000,rainy,60.490000
497,47,2025-05-05 14:10:19.503210,2.830000,83.000000,rainy,64.250000
498,166,2025-04-20 20:28:01.976531,1.760000,47.500000,stormy,37.300000
499,17,2025-05-09 07:58:53.228143,-7.240000,21.970000,stormy,45.610000
500,22,2025-05-09 06:00:21.761369,11.370000,20.910000,clear,66.250000
501,7,2025-04-22 05:26:25.655449,16.750000,97.080000,clear,47.330000
502,43,2025-04-19 04:44:35.308058,-8.360000,59.860000,clear,75.850000
503,198,2025-05-09 21:17:57.413265,4.450000,48.800000,clear,74.570000
504,185,2025-05-04 15:21:48.922361,32.700000,79.020000,stormy,58.630000
505,144,2025-05-03 20:21:37.153461,38.640000,34.540000,clear,65.830000
506,142,2025-04-27 20:41:40.953618,20.320000,29.240000,stormy,11.170000
507,198,2025-05-06 07:35:36.267014,-7.030000,74.050000,stormy,70.480000
508,150,2025-04-29 08:21:03.824384,28.560000,26.700000,clear,70.860000
509,140,2025-05-03 03:21:56.152675,13.720000,24.790000,rainy,43.200000
510,161,2025-04-17 17:23:02.002305,-3.910000,84.690000,rainy,0.810000
511,55,2025-05-05 16:08:11.886167,39.820000,47.670000,clear,62.620000
512,72,2025-04-16 20:14:26.187462,33.620000,72.460000,clear,50.860000
513,128,2025-04-18 20:28:14.331984,-2.710000,98.060000,rainy,15.740000
514,190,2025-05-01 19:55:54.973554,39.770000,87.020000,clear,77.010000
515,64,2025-04-18 11:56:40.779685,39.630000,78.130000,rainy,54.870000
516,39,2025-04-28 13:07:43.843009,2.320000,48.980000,stormy,99.120000
517,38,2025-04-10 21:25:55.406320,7.130000,41.360000,rainy,13.130000
518,27,2025-04-18 12:25:07.309215,6.830000,38.380000,rainy,21.510000
519,95,2025-05-09 08:54:54.196716,5.560000,62.200000,rainy,65.940000
520,73,2025-05-02 12:16:05.185880,38.210000,37.430000,rainy,97.350000
521,173,2025-05-08 10:23:11.215040,37.930000,88.930000,stormy,86.590000
522,53,2025-04-23 12:33:55.873975,23.340000,89.670000,clear,36.040000
523,179,2025-04-22 12:06:23.592180,9.610000,21.790000,stormy,80.740000
524,55,2025-05-06 00:55:02.324885,-2.380000,98.800000,clear,71.260000
525,174,2025-04-19 21:16:29.008709,8.360000,76.880000,rainy,21.900000
526,74,2025-04-10 12:16:25.850895,28.240000,85.980000,clear,72.020000
527,35,2025-04-14 03:39:04.940309,-9.140000,67.240000,clear,72.160000
528,75,2025-04-26 00:20:11.494542,28.270000,79.160000,stormy,78.250000
529,167,2025-04-27 01:20:11.265545,25.120000,56.680000,rainy,47.230000
530,164,2025-05-09 22:54:41.174774,20.540000,28.860000,stormy,36.880000
531,185,2025-04-15 23:56:01.164106,26.840000,64.570000,clear,60.560000
532,87,2025-04-12 02:20:31.998650,32.190000,72.780000,clear,12.370000
533,54,2025-04-18 00:19:48.732440,27.550000,31.250000,rainy,3.620000
534,183,2025-04-30 03:48:45.197847,0.570000,20.650000,clear,76.970000
535,99,2025-05-03 05:23:29.488424,26.290000,57.570000,stormy,56.010000
536,102,2025-05-07 22:43:36.921716,37.000000,74.590000,rainy,66.430000
537,75,2025-04-14 00:05:16.031969,2.410000,95.120000,rainy,45.580000
538,163,2025-04-26 13:15:17.299331,21.430000,28.250000,stormy,46.710000
539,71,2025-05-08 16:45:58.472393,5.120000,85.370000,stormy,7.600000
540,93,2025-04-21 13:49:24.040463,20.290000,45.460000,rainy,10.120000
541,171,2025-05-02 02:11:56.968271,7.430000,56.930000,stormy,17.620000
542,102,2025-04-12 02:27:32.378816,5.700000,47.370000,clear,15.210000
543,122,2025-04-19 12:48:04.214414,19.970000,31.690000,stormy,17.040000
544,29,2025-04-16 23:12:55.530858,8.630000,34.080000,clear,67.810000
545,74,2025-04-16 09:17:23.179903,-4.010000,75.190000,clear,53.550000
546,197,2025-04-16 14:40:49.710937,1.960000,77.670000,clear,48.500000
547,139,2025-04-24 14:48:56.603752,20.080000,92.480000,rainy,43.340000
548,93,2025-05-03 03:08:02.563679,23.640000,73.660000,stormy,5.750000
549,47,2025-05-05 21:02:59.494963,-3.350000,34.890000,clear,45.270000
550,161,2025-04-28 23:08:48.036320,-5.940000,82.640000,clear,1.960000
551,5,2025-04-13 18:22:58.351488,12.380000,90.550000,rainy,81.850000
552,2,2025-04-19 14:18:50.909893,-6.770000,79.380000,rainy,75.790000
553,181,2025-04-13 07:34:42.459213,0.830000,28.600000,stormy,16.830000
554,120,2025-05-07 20:05:44.338749,17.850000,88.590000,clear,12.230000
555,55,2025-04-21 12:57:46.987846,4.560000,53.870000,clear,51.260000
556,111,2025-04-21 01:17:35.207591,-5.760000,41.370000,clear,86.050000
557,122,2025-04-15 20:28:40.768900,25.250000,77.230000,stormy,80.470000
558,16,2025-05-09 18:49:44.983111,8.570000,70.710000,stormy,49.610000
559,100,2025-04-30 14:15:31.919054,-1.820000,60.400000,clear,59.420000
560,140,2025-04-20 20:46:04.073543,11.220000,24.410000,rainy,86.060000
561,136,2025-04-11 16:25:34.575758,0.780000,52.110000,stormy,70.100000
562,105,2025-04-10 17:19:30.479081,1.340000,22.260000,stormy,4.770000
563,155,2025-05-06 01:31:41.200019,16.980000,62.650000,rainy,64.720000
564,101,2025-04-26 09:55:35.679383,24.090000,25.970000,clear,18.500000
565,164,2025-04-19 23:45:13.505226,25.440000,87.430000,clear,3.710000
566,163,2025-04-12 17:30:48.915001,26.210000,60.090000,clear,24.270000
567,105,2025-05-08 12:10:41.858696,23.810000,91.780000,rainy,58.490000
568,185,2025-04-24 15:14:32.551942,-9.660000,97.310000,rainy,36.060000
569,143,2025-05-03 06:24:56.674238,2.350000,37.010000,clear,42.280000
570,52,2025-04-18 04:06:20.870886,-6.360000,88.470000,stormy,70.630000
571,3,2025-05-01 23:00:19.778383,31.740000,28.000000,rainy,90.280000
572,74,2025-04-21 02:59:10.535165,1.450000,95.290000,stormy,82.230000
573,23,2025-04-17 03:21:38.783769,37.370000,21.370000,rainy,88.750000
574,125,2025-04-14 10:41:10.476316,7.830000,62.990000,clear,49.800000
575,77,2025-04-25 03:26:56.464304,36.890000,45.880000,rainy,74.210000
576,98,2025-05-09 13:57:55.574750,10.210000,30.520000,stormy,58.100000
577,142,2025-04-30 05:23:11.440984,25.250000,66.500000,clear,38.070000
578,97,2025-04-12 13:56:31.754315,32.150000,53.090000,stormy,7.560000
579,163,2025-05-04 01:29:33.127172,14.550000,38.910000,stormy,29.330000
580,52,2025-04-15 06:02:23.193988,-8.590000,29.140000,rainy,43.060000
581,3,2025-05-01 19:28:59.531200,22.240000,75.490000,clear,33.990000
582,21,2025-04-27 13:41:45.073735,34.020000,23.330000,stormy,55.170000
583,70,2025-04-26 19:35:51.180990,25.850000,73.600000,clear,17.870000
584,143,2025-04-11 07:07:02.159755,38.720000,28.620000,clear,34.380000
585,153,2025-04-19 09:52:46.090711,10.100000,69.830000,clear,15.900000
586,11,2025-04-19 03:54:22.017996,-9.380000,86.510000,rainy,9.700000
587,91,2025-05-06 11:29:03.282298,15.830000,72.310000,stormy,98.720000
588,145,2025-05-03 02:13:15.364094,4.780000,57.400000,stormy,59.550000
589,13,2025-04-30 07:55:56.882678,38.390000,31.060000,rainy,64.520000
590,128,2025-04-23 08:36:40.631349,10.070000,72.740000,rainy,20.380000
591,40,2025-05-06 11:36:44.061107,12.380000,82.350000,stormy,32.430000
592,98,2025-04-13 04:00:51.088950,5.150000,90.420000,stormy,29.280000
593,16,2025-04-23 14:10:22.076867,15.080000,80.190000,stormy,1.210000
594,71,2025-04-27 20:34:14.391381,7.300000,59.470000,stormy,12.780000
595,125,2025-05-02 15:05:39.576898,31.900000,72.300000,stormy,12.490000
596,26,2025-04-12 05:02:27.470415,-0.840000,40.070000,rainy,33.020000
597,52,2025-04-29 19:52:33.358440,30.970000,78.650000,clear,90.180000
598,83,2025-04-23 21:01:03.310327,-4.530000,57.620000,stormy,41.550000
599,179,2025-04-10 15:00:58.349631,24.150000,78.060000,clear,26.310000
600,148,2025-04-21 23:25:25.727027,0.930000,90.670000,rainy,42.110000
601,74,2025-04-18 12:02:33.017269,33.790000,72.700000,stormy,58.820000
602,13,2025-04-26 06:27:32.210223,5.370000,43.760000,clear,27.790000
603,72,2025-05-01 06:46:03.866625,2.860000,56.100000,stormy,20.350000
604,175,2025-04-21 07:46:38.314858,32.300000,38.950000,stormy,84.860000
605,98,2025-05-09 04:38:33.398833,20.170000,40.210000,clear,30.700000
606,151,2025-04-21 04:38:59.535701,-8.490000,99.010000,stormy,67.470000
607,174,2025-04-27 01:23:25.906301,31.470000,29.720000,clear,30.400000
608,93,2025-04-23 16:34:46.277388,26.160000,84.280000,clear,86.100000
609,41,2025-05-05 21:04:05.164418,24.730000,73.010000,rainy,82.100000
610,76,2025-04-13 04:46:20.970012,11.810000,79.500000,clear,52.390000
611,94,2025-04-28 19:40:26.207236,2.850000,56.480000,clear,29.060000
612,100,2025-05-07 17:02:41.050668,25.380000,74.080000,rainy,21.100000
613,29,2025-04-21 19:36:17.189947,35.290000,66.110000,stormy,90.620000
614,127,2025-04-15 12:30:16.658486,1.690000,28.600000,stormy,0.140000
615,164,2025-04-19 14:55:28.438704,37.950000,24.700000,rainy,55.190000
616,159,2025-04-29 13:35:11.520184,38.800000,39.630000,clear,8.050000
617,164,2025-04-24 13:48:24.832333,-8.040000,85.600000,stormy,57.140000
618,64,2025-04-24 11:30:49.846862,-6.760000,51.570000,rainy,99.940000
619,173,2025-05-06 06:54:31.234055,0.760000,69.180000,clear,44.220000
620,70,2025-04-15 18:31:31.450253,12.830000,97.900000,stormy,12.290000
621,133,2025-04-30 11:52:47.277928,-2.740000,58.890000,stormy,9.250000
622,24,2025-04-11 06:29:45.963199,24.840000,45.870000,stormy,19.920000
623,141,2025-04-19 01:44:45.634193,36.170000,91.810000,rainy,27.050000
624,58,2025-04-13 12:28:03.285688,12.590000,45.540000,clear,62.320000
625,9,2025-04-18 19:53:35.892159,25.050000,90.680000,stormy,62.510000
626,79,2025-04-14 23:57:05.467202,11.520000,68.930000,rainy,62.480000
627,156,2025-04-14 04:03:24.142175,39.320000,62.420000,clear,24.170000
628,140,2025-05-01 21:03:52.497020,9.800000,29.950000,stormy,82.370000
629,46,2025-05-05 12:16:59.119041,21.230000,49.280000,rainy,8.090000
630,155,2025-05-09 05:22:23.826160,26.530000,26.870000,clear,29.260000
631,198,2025-05-03 12:03:18.866744,37.330000,61.120000,rainy,41.570000
632,146,2025-04-10 14:59:04.012058,13.260000,57.330000,rainy,91.390000
633,95,2025-04-29 17:27:28.287281,18.330000,45.850000,rainy,7.730000
634,136,2025-04-22 01:29:49.054100,35.860000,36.070000,rainy,50.500000
635,24,2025-04-11 15:08:50.738503,30.340000,34.470000,rainy,75.770000
636,189,2025-04-25 15:56:41.699791,-1.170000,96.230000,rainy,34.180000
637,198,2025-04-22 15:02:47.434839,26.640000,33.710000,clear,84.970000
638,53,2025-05-02 20:47:20.690904,24.530000,38.180000,rainy,35.030000
639,105,2025-05-05 07:30:28.210273,3.120000,67.890000,rainy,33.230000
640,139,2025-04-24 00:32:48.738283,19.310000,48.060000,clear,71.280000
641,154,2025-05-07 11:13:49.786708,24.160000,32.670000,rainy,66.890000
642,195,2025-04-17 05:10:13.609854,-0.640000,31.470000,clear,58.830000
643,7,2025-04-12 13:29:42.526731,-9.490000,28.140000,stormy,48.640000
644,118,2025-04-14 05:19:55.545318,1.050000,52.670000,clear,46.520000
645,65,2025-04-18 06:26:14.173429,20.770000,34.540000,clear,38.720000
646,28,2025-04-27 07:36:01.182134,-8.460000,89.730000,rainy,38.660000
647,72,2025-05-08 10:48:58.855940,20.220000,21.380000,rainy,48.660000
648,105,2025-04-12 23:37:24.447401,29.330000,51.810000,stormy,29.990000
649,114,2025-04-20 22:57:07.367439,14.550000,21.500000,clear,23.410000
650,198,2025-05-05 10:40:34.456818,38.100000,59.470000,clear,80.690000
651,173,2025-05-08 10:22:47.545674,29.160000,48.410000,rainy,47.980000
652,90,2025-04-30 09:09:20.197966,-9.430000,44.740000,stormy,63.110000
653,91,2025-04-18 18:27:57.675190,-2.150000,34.780000,stormy,15.840000
654,156,2025-04-14 00:36:46.769073,34.160000,47.320000,clear,18.140000
655,81,2025-05-01 10:32:14.228274,-8.150000,56.400000,stormy,53.930000
656,59,2025-04-20 20:36:33.429695,13.490000,80.410000,stormy,97.120000
657,7,2025-04-18 11:27:56.696524,4.110000,57.550000,rainy,29.140000
658,119,2025-04-24 02:20:31.370853,4.190000,91.390000,rainy,63.030000
659,78,2025-05-08 01:59:07.031111,34.710000,53.600000,rainy,12.950000
660,43,2025-04-12 16:52:40.457259,-2.370000,92.740000,rainy,35.740000
661,161,2025-04-23 17:54:48.283199,23.880000,55.030000,rainy,73.980000
662,170,2025-05-06 11:27:24.089255,33.730000,88.810000,clear,89.000000
663,89,2025-04-14 16:31:22.408902,30.380000,84.280000,clear,7.230000
664,46,2025-05-04 01:18:27.964336,32.230000,85.310000,clear,57.780000
665,31,2025-04-14 19:25:59.639552,-7.490000,39.630000,clear,85.050000
666,191,2025-05-06 20:11:48.099374,28.230000,98.880000,rainy,46.030000
667,1,2025-04-19 13:08:30.557624,31.930000,88.700000,rainy,23.480000
668,136,2025-05-01 23:17:27.735480,31.370000,67.000000,stormy,19.030000
669,104,2025-04-16 19:32:38.495480,19.730000,24.220000,stormy,98.070000
670,88,2025-05-09 22:43:25.509293,13.410000,65.140000,rainy,1.650000
671,134,2025-04-25 09:53:08.836315,15.100000,68.030000,clear,88.840000
672,199,2025-04-22 19:49:09.215765,-9.450000,95.480000,clear,74.580000
673,24,2025-04-27 03:34:15.542289,24.980000,52.290000,clear,85.940000
674,167,2025-04-12 01:06:40.775296,9.520000,51.160000,stormy,51.080000
675,11,2025-05-09 05:36:52.743716,3.380000,67.050000,clear,21.940000
676,190,2025-05-03 00:19:19.322956,11.720000,35.820000,clear,19.080000
677,91,2025-05-04 02:49:38.212434,2.250000,49.100000,rainy,16.150000
678,3,2025-04-24 04:28:59.041353,35.650000,54.360000,clear,31.020000
679,146,2025-05-05 08:24:22.801988,2.320000,41.280000,stormy,28.170000
680,65,2025-04-11 08:24:56.346029,35.760000,47.440000,stormy,59.390000
681,38,2025-04-13 20:31:20.928241,-6.750000,66.040000,rainy,34.980000
682,160,2025-05-07 12:28:52.220758,22.630000,25.460000,rainy,88.390000
683,112,2025-04-11 20:34:03.411906,36.000000,56.180000,clear,10.070000
684,151,2025-05-08 13:51:20.867572,4.240000,83.100000,rainy,55.030000
685,180,2025-04-11 12:16:14.650981,13.730000,76.810000,rainy,23.140000
686,68,2025-04-17 16:16:02.982430,31.860000,26.250000,rainy,94.600000
687,67,2025-04-21 10:10:01.159235,11.920000,31.990000,stormy,56.310000
688,155,2025-05-05 18:18:02.015567,0.040000,86.580000,stormy,23.520000
689,2,2025-04-16 00:56:39.900712,8.840000,53.820000,stormy,10.090000
690,113,2025-04-19 23:41:36.486058,38.410000,90.760000,rainy,29.990000
691,180,2025-04-13 18:35:59.690537,-9.200000,91.070000,stormy,46.220000
692,18,2025-04-19 10:03:34.401367,31.330000,68.200000,rainy,96.670000
693,157,2025-04-16 21:12:20.012566,30.860000,93.040000,stormy,84.810000
694,122,2025-04-15 00:52:13.536609,1.830000,68.420000,stormy,0.490000
695,190,2025-04-22 14:54:55.146861,28.650000,37.610000,clear,95.390000
696,187,2025-04-28 07:01:17.810426,34.290000,24.850000,rainy,43.910000
697,56,2025-05-06 23:49:56.246717,21.880000,53.550000,rainy,12.020000
698,68,2025-04-27 10:27:35.279079,10.390000,38.860000,stormy,0.980000
699,7,2025-04-25 22:25:56.564602,34.800000,82.130000,clear,98.490000
700,19,2025-04-11 13:09:01.734824,38.800000,56.620000,stormy,24.300000
701,114,2025-04-11 07:07:13.283642,-4.910000,53.110000,rainy,58.200000
702,26,2025-04-27 11:10:36.985820,-3.770000,40.460000,stormy,50.860000
703,41,2025-04-29 13:57:22.792321,1.210000,31.000000,clear,79.600000
704,189,2025-05-06 22:02:47.029151,9.160000,63.350000,stormy,55.330000
705,36,2025-04-25 21:56:39.728009,13.690000,66.060000,rainy,90.830000
706,110,2025-05-04 12:09:56.325258,21.890000,97.710000,rainy,16.360000
707,12,2025-04-14 12:03:22.188222,17.290000,52.510000,stormy,53.370000
708,32,2025-04-29 09:14:48.878245,14.360000,85.730000,stormy,73.910000
709,97,2025-05-01 07:52:50.652312,0.720000,72.830000,stormy,29.440000
710,42,2025-04-16 21:53:48.979987,19.560000,97.220000,stormy,73.390000
711,82,2025-04-17 19:10:36.903764,33.720000,89.470000,stormy,66.670000
712,200,2025-04-30 07:08:46.903489,30.770000,73.080000,clear,26.070000
713,47,2025-04-20 23:37:10.629917,32.610000,99.870000,clear,69.800000
714,179,2025-04-11 23:59:22.006039,33.420000,96.880000,rainy,61.730000
715,79,2025-04-10 21:47:10.676571,22.240000,32.960000,stormy,93.480000
716,188,2025-04-21 02:34:55.316333,-5.880000,38.440000,stormy,46.930000
717,67,2025-04-28 20:50:52.155495,10.550000,53.710000,clear,94.520000
718,51,2025-05-03 21:08:38.309491,12.750000,78.550000,clear,73.730000
719,157,2025-04-22 22:07:06.369234,1.990000,63.440000,rainy,27.410000
720,39,2025-04-21 16:53:47.043880,6.980000,60.030000,clear,29.850000
721,153,2025-04-12 06:42:42.781124,33.740000,72.440000,stormy,69.740000
722,98,2025-04-16 12:11:38.576049,24.730000,69.340000,stormy,53.220000
723,35,2025-04-15 20:16:20.304746,10.230000,93.360000,clear,77.220000
724,72,2025-04-14 21:52:07.711093,3.520000,70.990000,clear,4.410000
725,88,2025-05-08 09:24:05.457606,23.290000,46.200000,clear,63.610000
726,87,2025-04-24 18:12:41.656341,-6.030000,24.460000,clear,27.850000
727,173,2025-04-18 10:07:17.818616,19.240000,64.570000,rainy,59.320000
728,47,2025-04-30 04:16:39.732979,1.040000,49.050000,clear,60.350000
729,39,2025-04-30 13:15:45.081834,18.450000,94.720000,rainy,44.090000
730,18,2025-04-26 18:38:50.892572,-0.290000,21.020000,clear,49.470000
731,95,2025-04-22 07:02:52.676921,25.250000,44.820000,clear,93.310000
732,77,2025-05-08 17:10:21.779493,21.580000,36.120000,stormy,7.920000
733,66,2025-04-10 10:03:00.584860,24.870000,68.750000,clear,15.200000
734,148,2025-05-07 04:08:44.532765,14.380000,99.430000,stormy,53.170000
735,45,2025-05-06 19:19:10.321475,8.180000,57.600000,clear,24.550000
736,45,2025-04-30 20:21:47.580106,20.620000,39.300000,clear,7.100000
737,189,2025-05-02 21:42:47.371926,33.790000,20.300000,stormy,87.200000
738,194,2025-04-13 00:49:10.985730,36.420000,47.440000,stormy,70.300000
739,17,2025-04-12 19:29:00.864538,19.160000,95.550000,rainy,39.890000
740,147,2025-04-15 01:00:11.245091,6.840000,47.010000,clear,53.370000
741,99,2025-05-07 15:35:38.331060,14.430000,57.440000,clear,56.430000
742,81,2025-05-09 08:47:37.204772,20.690000,21.180000,stormy,52.670000
743,22,2025-04-10 19:38:21.100230,-2.230000,96.880000,rainy,54.320000
744,162,2025-04-28 10:39:11.878945,31.460000,63.390000,stormy,32.240000
745,30,2025-04-12 15:54:23.345907,12.350000,66.590000,stormy,32.430000
746,58,2025-05-03 15:54:54.179381,7.260000,99.640000,rainy,33.260000
747,136,2025-04-19 13:13:33.134406,38.790000,61.100000,clear,75.360000
748,94,2025-04-10 04:39:50.592218,18.400000,98.120000,clear,89.840000
749,175,2025-04-16 22:53:01.276568,13.860000,54.500000,clear,7.740000
750,128,2025-05-08 08:46:38.365293,-6.330000,34.460000,clear,2.760000
751,97,2025-05-06 02:23:08.519645,27.560000,62.420000,rainy,28.620000
752,134,2025-05-07 20:35:00.413741,39.530000,57.420000,clear,97.930000
753,35,2025-04-25 03:18:08.533285,24.390000,48.410000,clear,43.910000
754,124,2025-05-03 00:45:40.101976,39.020000,32.800000,clear,72.100000
755,46,2025-05-09 18:33:52.268052,31.880000,47.480000,clear,27.550000
756,117,2025-05-01 05:51:09.522136,30.450000,21.660000,stormy,19.950000
757,21,2025-05-05 23:21:35.801670,25.760000,26.870000,stormy,62.810000
758,171,2025-04-17 08:30:31.798535,10.470000,78.050000,rainy,89.830000
759,27,2025-05-09 16:46:45.884850,28.610000,56.650000,clear,39.560000
760,56,2025-04-18 22:17:26.780188,18.920000,84.830000,clear,61.190000
761,62,2025-04-25 05:58:41.084656,33.090000,25.800000,rainy,56.410000
762,168,2025-04-18 06:35:14.992259,37.430000,86.100000,stormy,56.480000
763,9,2025-04-14 21:23:14.170117,-5.360000,30.180000,clear,43.880000
764,129,2025-04-28 04:25:36.055963,34.840000,29.210000,clear,17.890000
765,119,2025-05-06 14:05:04.966550,-1.430000,37.630000,clear,70.390000
766,150,2025-05-08 06:03:50.639942,20.710000,74.380000,clear,67.040000
767,57,2025-05-05 00:20:19.536051,38.320000,54.370000,clear,34.950000
768,42,2025-04-24 17:04:53.318814,0.440000,90.710000,clear,36.650000
769,54,2025-04-14 22:02:53.029166,12.380000,52.830000,stormy,74.040000
770,59,2025-05-04 15:46:43.820667,15.180000,28.040000,stormy,89.900000
771,19,2025-05-04 09:26:05.846857,25.800000,26.260000,clear,77.640000
772,128,2025-04-21 04:27:51.732167,26.070000,93.650000,rainy,10.310000
773,49,2025-04-19 20:35:52.458674,-2.910000,47.920000,stormy,96.090000
774,86,2025-04-19 15:57:57.368879,31.070000,41.480000,rainy,73.350000
775,113,2025-05-01 00:59:15.412867,12.380000,57.950000,stormy,20.820000
776,107,2025-04-20 00:26:51.504878,26.840000,26.230000,stormy,61.200000
777,120,2025-04-15 18:52:21.989746,25.370000,71.070000,rainy,71.750000
778,151,2025-04-23 13:28:03.156067,27.220000,43.020000,clear,96.390000
779,104,2025-04-23 22:06:13.208329,6.620000,44.440000,stormy,94.580000
780,194,2025-04-18 14:55:36.936721,31.230000,66.360000,clear,36.830000
781,119,2025-04-25 01:49:21.633867,26.000000,30.960000,stormy,3.830000
782,140,2025-04-16 12:52:00.641937,24.360000,49.770000,clear,38.240000
783,142,2025-05-06 01:26:42.383411,1.370000,61.910000,clear,42.860000
784,167,2025-04-12 05:59:50.180954,18.540000,23.400000,clear,39.910000
785,115,2025-05-07 20:13:25.747451,-1.650000,80.560000,clear,10.530000
786,60,2025-04-14 13:43:04.566310,26.630000,39.150000,stormy,46.710000
787,45,2025-04-23 03:57:45.038213,34.050000,77.790000,clear,14.600000
788,141,2025-05-04 18:29:57.366124,4.390000,97.480000,clear,57.420000
789,10,2025-04-09 23:17:46.351448,18.560000,43.390000,stormy,89.150000
790,7,2025-04-23 01:57:46.278422,-5.940000,88.270000,stormy,8.010000
791,156,2025-04-20 02:31:31.339981,0.570000,55.710000,clear,58.980000
792,105,2025-04-27 17:03:53.810613,38.600000,81.470000,rainy,95.120000
793,157,2025-05-04 01:51:04.927286,39.590000,50.530000,clear,85.720000
794,151,2025-05-08 12:28:12.108946,34.360000,95.790000,clear,47.430000
795,180,2025-05-05 07:10:44.712872,-6.230000,80.420000,clear,10.070000
796,155,2025-04-23 20:40:51.186976,4.700000,91.420000,clear,73.330000
797,45,2025-05-09 04:56:59.098068,35.770000,61.180000,rainy,86.930000
798,39,2025-04-28 12:54:18.367864,9.670000,40.110000,rainy,78.000000
799,135,2025-04-10 12:05:06.332212,3.000000,61.090000,stormy,88.760000
800,156,2025-04-27 14:32:15.140391,25.830000,30.950000,clear,55.590000
801,9,2025-04-11 16:27:57.146313,39.910000,30.680000,clear,47.530000
802,63,2025-05-05 00:00:29.540865,35.390000,20.240000,clear,99.630000
803,174,2025-05-01 15:20:13.319095,-7.530000,68.950000,rainy,19.240000
804,150,2025-04-10 16:23:41.613960,25.910000,88.050000,clear,34.010000
805,13,2025-05-05 22:21:19.141364,9.090000,56.800000,rainy,95.850000
806,180,2025-05-06 01:49:08.740765,19.850000,72.630000,clear,28.180000
807,51,2025-04-11 09:30:06.089208,36.010000,25.570000,rainy,80.200000
808,189,2025-05-09 04:21:48.772190,28.990000,27.330000,clear,24.990000
809,87,2025-05-06 17:47:09.250783,-5.870000,49.980000,rainy,12.140000
810,162,2025-04-28 07:10:26.261207,-6.900000,78.590000,rainy,29.540000
811,140,2025-04-27 08:42:20.284666,-5.580000,26.320000,rainy,61.980000
812,17,2025-05-03 21:08:54.091766,39.450000,22.540000,clear,2.450000
813,174,2025-05-02 13:49:35.021535,20.750000,69.990000,clear,44.050000
814,153,2025-04-17 11:07:48.090314,39.210000,32.900000,clear,59.680000
815,15,2025-04-10 07:26:17.976018,12.640000,82.970000,rainy,3.250000
816,68,2025-04-22 11:09:59.760763,14.620000,72.170000,clear,23.740000
817,182,2025-05-06 03:05:28.633604,5.400000,56.030000,rainy,11.360000
818,182,2025-05-09 10:22:10.930205,-0.720000,43.560000,rainy,40.780000
819,148,2025-04-27 02:06:58.328574,10.180000,72.360000,stormy,81.930000
820,55,2025-04-14 06:28:40.022576,35.540000,45.250000,clear,31.480000
821,182,2025-05-07 16:48:12.317027,36.860000,53.000000,clear,63.240000
822,41,2025-04-17 12:05:07.546599,36.000000,97.930000,rainy,73.660000
823,88,2025-04-11 16:21:07.257573,30.270000,79.540000,clear,4.690000
824,136,2025-05-06 16:55:01.119870,2.120000,36.520000,stormy,23.980000
825,95,2025-04-27 13:46:32.450457,37.980000,69.570000,clear,37.490000
826,118,2025-05-04 06:25:35.578308,-8.600000,57.960000,clear,53.760000
827,61,2025-04-22 10:19:44.466914,9.680000,29.490000,stormy,44.320000
828,187,2025-04-27 16:21:57.348454,-8.790000,88.550000,clear,87.400000
829,171,2025-04-20 14:26:22.819167,-8.020000,99.940000,rainy,36.620000
830,159,2025-04-13 02:07:15.926843,-1.540000,60.220000,stormy,10.080000
831,50,2025-04-25 21:41:58.469981,39.660000,43.700000,stormy,79.250000
832,58,2025-05-01 04:23:53.046286,39.630000,72.240000,clear,81.470000
833,29,2025-04-14 11:05:59.015927,11.820000,57.980000,clear,8.550000
834,131,2025-05-09 10:28:14.969771,-8.230000,26.960000,rainy,20.110000
835,44,2025-05-03 10:36:54.537814,-1.270000,36.070000,rainy,61.820000
836,109,2025-04-24 07:45:44.234724,9.040000,60.850000,rainy,93.820000
837,148,2025-05-05 02:52:53.315357,18.700000,56.080000,rainy,54.130000
838,173,2025-05-04 08:14:51.451653,3.810000,40.930000,rainy,81.270000
839,122,2025-05-06 23:50:56.612607,1.520000,23.800000,stormy,57.100000
840,26,2025-05-07 07:49:30.893659,27.020000,98.220000,rainy,36.200000
841,7,2025-05-05 00:39:52.271115,-1.200000,53.790000,clear,65.230000
842,36,2025-04-27 03:03:12.360349,5.660000,37.610000,clear,22.570000
843,93,2025-04-19 05:08:30.806706,30.080000,95.610000,clear,43.840000
844,32,2025-04-29 13:31:15.430874,11.140000,81.570000,stormy,93.920000
845,21,2025-04-16 03:30:30.297298,-5.310000,86.530000,stormy,77.940000
846,109,2025-05-02 09:36:16.291732,33.800000,41.890000,stormy,99.630000
847,150,2025-04-26 19:01:36.881498,31.120000,42.150000,rainy,50.590000
848,157,2025-04-23 09:02:54.901147,10.750000,70.990000,rainy,80.610000
849,99,2025-05-07 15:55:16.987512,-7.260000,53.410000,rainy,5.890000
850,68,2025-05-09 15:09:52.972676,9.720000,23.230000,rainy,91.640000
851,27,2025-04-25 18:56:31.282684,13.990000,86.160000,clear,5.090000
852,159,2025-05-06 14:38:11.791623,-1.730000,23.760000,stormy,25.810000
853,149,2025-05-04 10:52:24.668293,3.500000,50.700000,clear,65.390000
854,28,2025-04-24 00:44:25.865680,18.430000,44.140000,rainy,76.040000
855,95,2025-05-01 02:45:34.086733,1.770000,24.070000,rainy,71.380000
856,155,2025-04-21 16:38:05.173064,39.950000,37.530000,rainy,62.330000
857,133,2025-04-25 01:12:00.973566,12.330000,89.760000,rainy,67.870000
858,178,2025-04-26 06:47:39.552182,-2.960000,45.390000,rainy,38.850000
859,25,2025-04-14 16:00:35.458009,2.010000,51.340000,clear,37.570000
860,64,2025-05-09 05:33:08.446146,8.230000,87.210000,rainy,74.200000
861,94,2025-04-22 18:37:40.475764,7.870000,91.570000,rainy,12.820000
862,49,2025-04-29 04:47:51.480078,25.970000,48.410000,stormy,97.580000
863,14,2025-04-23 15:09:53.971771,39.770000,29.550000,stormy,71.720000
864,170,2025-04-13 22:53:27.355658,36.170000,86.740000,stormy,40.260000
865,72,2025-04-10 01:25:51.072027,2.330000,48.030000,clear,0.700000
866,4,2025-04-14 09:59:28.483521,31.530000,72.200000,clear,27.430000
867,62,2025-05-01 00:33:40.458707,29.770000,45.330000,clear,87.880000
868,5,2025-04-20 01:13:34.159594,38.050000,77.660000,clear,41.440000
869,10,2025-05-09 22:02:44.206467,9.760000,68.090000,clear,32.250000
870,133,2025-04-21 05:43:20.192610,36.880000,80.220000,stormy,96.180000
871,46,2025-04-25 05:35:45.124545,27.760000,68.600000,rainy,4.570000
872,80,2025-04-23 01:51:08.385204,32.320000,62.370000,rainy,47.980000
873,146,2025-05-05 21:27:19.747872,4.710000,53.410000,stormy,38.200000
874,3,2025-04-12 02:35:47.139465,30.180000,86.760000,stormy,70.780000
875,169,2025-04-28 14:43:18.328973,14.290000,69.180000,stormy,58.130000
876,130,2025-05-06 05:18:03.988477,31.330000,67.250000,clear,16.660000
877,26,2025-05-02 19:32:05.611910,11.420000,71.550000,rainy,82.660000
878,199,2025-04-20 13:37:23.081481,20.220000,33.970000,clear,71.990000
879,58,2025-04-30 04:20:22.105250,26.910000,74.570000,stormy,62.900000
880,125,2025-05-08 18:36:45.726015,15.310000,48.020000,rainy,45.650000
881,87,2025-04-21 18:18:34.958537,33.180000,70.340000,stormy,56.220000
882,24,2025-05-03 01:55:33.793333,35.560000,73.990000,stormy,96.980000
883,141,2025-05-07 17:18:02.991049,26.360000,99.100000,clear,53.450000
884,73,2025-04-24 18:27:56.346454,7.030000,84.110000,stormy,7.900000
885,99,2025-04-23 23:30:51.125466,28.740000,59.630000,clear,85.310000
886,154,2025-04-29 06:17:48.895715,38.860000,81.870000,clear,79.910000
887,92,2025-04-16 14:26:03.282306,7.020000,79.860000,clear,3.860000
888,149,2025-04-15 08:38:51.093467,19.410000,98.630000,stormy,46.440000
889,135,2025-04-27 05:13:45.036976,-7.530000,45.140000,stormy,66.570000
890,88,2025-04-26 09:25:25.735804,24.070000,66.890000,stormy,70.790000
891,115,2025-04-18 08:09:19.902696,8.690000,95.260000,rainy,30.270000
892,138,2025-05-02 00:36:03.194658,-7.210000,74.050000,stormy,21.850000
893,70,2025-05-04 15:35:02.842328,14.960000,66.130000,stormy,95.250000
894,165,2025-05-06 23:36:29.830158,-5.130000,66.630000,rainy,68.880000
895,37,2025-04-19 21:16:26.516575,39.980000,39.140000,stormy,60.170000
896,85,2025-05-02 01:08:52.558214,31.750000,66.980000,stormy,86.660000
897,61,2025-05-04 18:46:54.069878,-2.700000,75.510000,rainy,24.940000
898,42,2025-05-01 13:10:41.921640,31.210000,22.460000,clear,50.180000
899,22,2025-04-27 16:34:01.183736,23.830000,51.960000,clear,18.160000
900,67,2025-04-18 20:57:46.823074,22.060000,21.150000,clear,78.930000
901,173,2025-04-19 05:33:10.344849,27.580000,38.520000,rainy,68.840000
902,81,2025-04-11 07:29:16.647062,37.620000,49.030000,rainy,27.100000
903,101,2025-04-30 18:39:55.912550,2.250000,83.600000,rainy,40.900000
904,179,2025-05-01 09:42:32.937983,-5.630000,38.560000,stormy,31.690000
905,137,2025-04-18 16:14:13.206952,9.100000,91.690000,rainy,32.270000
906,198,2025-05-02 20:33:20.586899,-8.000000,20.050000,clear,10.260000
907,187,2025-04-26 13:44:30.004847,8.310000,83.920000,stormy,57.470000
908,197,2025-04-10 12:40:21.706027,25.430000,44.920000,clear,91.440000
909,140,2025-04-16 11:32:56.057462,-3.200000,94.630000,stormy,43.580000
910,173,2025-04-16 20:37:55.775976,-9.710000,38.310000,stormy,17.360000
911,110,2025-04-18 14:13:03.020945,-3.870000,45.660000,clear,41.310000
912,180,2025-04-15 01:14:34.448580,32.100000,67.090000,stormy,89.890000
913,61,2025-04-25 04:24:00.765711,-4.290000,61.040000,rainy,63.020000
914,119,2025-05-03 00:44:43.496520,30.370000,99.160000,rainy,15.990000
915,25,2025-05-01 02:45:45.267612,-8.580000,40.760000,stormy,40.430000
916,85,2025-05-03 07:37:20.844124,-6.430000,45.890000,clear,38.910000
917,60,2025-04-24 02:21:59.691376,38.590000,73.160000,clear,66.610000
918,179,2025-04-25 21:15:11.942170,35.110000,48.020000,stormy,73.530000
919,170,2025-04-25 05:07:47.114182,-1.820000,97.400000,clear,99.210000
920,167,2025-05-01 15:11:03.272429,19.070000,40.060000,clear,80.130000
921,95,2025-04-21 11:52:02.827011,1.520000,83.210000,clear,43.620000
922,36,2025-05-02 23:50:04.615084,0.820000,60.410000,stormy,64.830000
923,129,2025-05-06 16:47:23.571552,5.290000,34.190000,clear,36.130000
924,170,2025-04-16 03:42:36.537988,17.020000,47.890000,clear,34.860000
925,128,2025-05-03 11:57:02.175751,0.450000,30.230000,clear,58.040000
926,79,2025-05-07 17:15:20.198069,37.510000,57.400000,stormy,5.690000
927,88,2025-04-22 06:58:38.740571,19.990000,70.670000,clear,98.960000
928,1,2025-04-23 23:45:30.346014,20.120000,86.140000,rainy,62.330000
929,115,2025-05-03 00:32:47.934631,2.480000,80.360000,stormy,98.790000
930,171,2025-04-11 09:36:55.147165,36.320000,67.070000,rainy,20.670000
931,135,2025-05-04 05:15:58.530741,16.880000,62.530000,rainy,95.330000
932,18,2025-04-16 22:34:11.676117,13.900000,44.330000,stormy,18.620000
933,53,2025-04-27 22:40:42.190270,28.840000,28.660000,stormy,59.340000
934,150,2025-04-15 09:32:55.512271,14.840000,90.950000,clear,82.820000
935,158,2025-04-21 22:04:22.817539,31.740000,87.310000,rainy,11.870000
936,4,2025-05-04 06:35:46.577863,2.340000,44.540000,stormy,51.460000
937,107,2025-05-08 14:53:33.350410,14.390000,44.490000,clear,63.730000
938,183,2025-04-25 14:41:11.009383,39.260000,91.370000,rainy,91.700000
939,34,2025-04-23 07:58:51.922987,30.770000,24.170000,stormy,25.790000
940,113,2025-04-17 16:46:58.527659,17.120000,98.180000,clear,85.330000
941,59,2025-05-06 02:16:24.952236,-7.380000,61.080000,rainy,47.890000
942,4,2025-04-24 19:08:18.273056,35.090000,54.320000,stormy,44.820000
943,152,2025-05-02 13:24:19.394299,16.440000,49.920000,stormy,31.050000
944,62,2025-04-10 20:35:42.831836,11.490000,59.520000,stormy,37.530000
945,200,2025-05-09 09:12:58.286084,-6.100000,55.500000,stormy,15.690000
946,30,2025-05-02 09:49:49.180724,29.280000,98.100000,clear,48.720000
947,102,2025-04-17 09:42:54.738732,6.690000,32.750000,stormy,11.920000
948,87,2025-04-28 03:44:07.430004,18.910000,37.570000,clear,0.460000
949,155,2025-04-12 16:13:14.176483,-9.810000,43.410000,stormy,68.900000
950,197,2025-04-14 08:26:08.562041,-0.210000,89.810000,rainy,71.780000
951,78,2025-04-11 23:58:44.117102,29.300000,69.770000,clear,23.590000
952,90,2025-05-05 21:12:44.659470,24.750000,81.020000,stormy,38.560000
953,194,2025-04-10 17:42:30.210608,35.470000,80.090000,clear,71.750000
954,19,2025-04-22 23:16:26.655756,37.560000,43.560000,stormy,42.300000
955,117,2025-04-24 02:41:55.035440,39.370000,94.090000,stormy,55.220000
956,71,2025-04-18 01:07:49.406942,14.020000,36.580000,rainy,20.080000
957,148,2025-04-17 00:53:41.515348,11.080000,34.110000,rainy,64.730000
958,187,2025-04-11 13:41:23.514886,4.500000,22.410000,rainy,94.900000
959,77,2025-05-01 11:18:47.531894,14.370000,38.450000,clear,59.020000
960,15,2025-04-14 04:56:59.055782,-3.010000,94.050000,rainy,14.910000
961,147,2025-04-24 15:31:51.831231,16.440000,26.600000,stormy,19.970000
962,180,2025-04-27 21:17:41.246066,33.160000,89.960000,stormy,99.830000
963,11,2025-04-30 11:26:09.432296,10.780000,75.090000,stormy,86.970000
964,107,2025-04-12 22:05:05.319498,30.540000,83.230000,clear,69.810000
965,152,2025-04-16 18:01:53.647184,-3.850000,33.090000,rainy,16.920000
966,15,2025-04-29 17:41:57.615355,36.150000,51.490000,clear,15.890000
967,196,2025-04-14 07:05:20.453768,-1.750000,24.460000,clear,14.310000
968,100,2025-04-22 03:11:34.639174,28.090000,82.790000,clear,78.280000
969,170,2025-05-06 15:29:03.277179,34.640000,86.850000,stormy,55.430000
970,9,2025-05-08 00:19:42.268454,20.470000,43.770000,stormy,38.480000
971,39,2025-04-28 10:01:54.309685,29.320000,32.440000,clear,72.840000
972,40,2025-04-15 02:44:19.508341,35.610000,22.880000,stormy,35.900000
973,61,2025-05-07 08:11:14.478596,21.970000,67.690000,clear,72.440000
974,3,2025-04-20 18:28:55.787872,37.170000,79.500000,rainy,82.740000
975,11,2025-04-17 05:03:36.486315,6.920000,40.050000,stormy,72.650000
976,119,2025-04-19 00:35:53.262275,31.010000,87.550000,rainy,83.270000
977,151,2025-04-15 12:31:27.718611,-3.420000,38.590000,stormy,30.170000
978,173,2025-05-03 02:19:52.238957,25.130000,26.080000,rainy,49.410000
979,106,2025-04-29 16:51:19.845657,26.900000,51.820000,stormy,66.110000
980,82,2025-05-01 02:17:48.290072,29.480000,54.320000,rainy,19.210000
981,119,2025-05-05 01:46:32.521105,-5.160000,75.400000,stormy,45.460000
982,83,2025-04-13 19:55:44.587052,21.620000,36.780000,stormy,96.320000
983,104,2025-05-06 21:33:14.502819,-0.450000,20.710000,clear,62.770000
984,11,2025-05-06 06:09:41.411662,0.050000,75.800000,rainy,73.290000
985,168,2025-04-23 01:34:50.875560,25.260000,99.670000,rainy,91.620000
986,18,2025-04-22 03:23:18.409269,29.360000,65.930000,rainy,81.920000
987,48,2025-05-02 16:38:25.967450,2.620000,97.130000,rainy,59.760000
988,128,2025-04-12 22:54:43.955693,29.480000,42.350000,clear,51.950000
989,159,2025-04-17 20:17:35.092523,12.970000,44.880000,clear,29.070000
990,88,2025-04-23 21:34:44.885163,27.080000,77.990000,rainy,45.710000
991,149,2025-04-12 13:36:33.715116,24.970000,59.160000,clear,31.520000
992,21,2025-04-26 19:07:00.433702,20.000000,52.900000,rainy,66.420000
993,47,2025-04-22 16:28:19.739532,1.610000,27.090000,stormy,88.580000
994,124,2025-04-24 09:03:17.050007,25.150000,55.040000,rainy,47.760000
995,127,2025-04-22 07:06:17.030307,9.400000,47.230000,stormy,39.130000
996,22,2025-04-17 16:36:41.501813,3.770000,25.410000,clear,31.860000
997,163,2025-05-09 13:01:35.308155,7.560000,56.000000,stormy,48.990000
998,52,2025-04-22 08:26:24.954703,17.830000,37.880000,clear,44.490000
999,53,2025-05-05 00:12:21.983607,23.430000,44.230000,rainy,15.110000
1000,140,2025-04-12 15:09:41.864280,32.830000,84.690000,stormy,54.610000
