customer_id,signup_date,last_purchase_date,churned
2139,2024-05-25,2024-05-07,1
1697,2022-08-13,2025-01-30,0
1243,2024-05-16,2023-01-05,0
1498,2020-09-11,2021-01-12,0
1187,2025-02-14,2024-05-22,0
716,2020-09-25,2023-06-16,0
2889,2024-12-09,2023-06-27,0
2885,2022-06-14,2020-05-25,0
2213,2024-04-14,2022-04-02,0
2710,2024-04-04,2021-08-30,0
1140,2020-10-24,2022-07-25,0
452,2025-01-28,2022-01-04,1
111,2021-11-26,2024-05-02,0
1020,2023-09-17,2024-09-29,0
1574,2021-07-27,2025-04-08,0
1719,2021-01-16,2025-04-11,0
1034,2023-08-10,2020-10-10,0
2055,2021-12-12,2024-09-30,0
1301,2024-05-09,2025-02-21,0
2624,2023-02-06,2022-06-08,0
2804,2022-07-03,2022-12-23,0
2967,2021-01-07,2022-07-15,1
1645,2022-09-21,2024-05-31,0
564,2020-10-02,2023-03-17,0
2258,2020-12-28,2025-02-27,1
255,2020-06-24,2024-02-20,0
573,2022-03-02,2023-05-23,1
806,2022-12-31,2024-12-12,0
619,2025-02-24,2021-05-12,0
2891,2023-09-03,2021-08-31,1
2183,2024-09-13,2022-09-08,1
2290,2023-06-26,2025-03-28,0
2810,2021-03-25,2021-04-07,0
861,2022-10-26,2022-06-23,0
1356,2023-04-06,2023-09-06,0
2212,2020-09-24,2020-09-21,1
506,2022-08-28,2025-03-07,1
2932,2020-06-26,2021-12-13,0
2617,2024-03-25,2020-05-21,0
284,2023-05-11,2024-04-29,1
1267,2023-02-26,2020-06-20,0
1679,2021-10-30,2021-07-21,0
336,2022-07-30,2023-11-22,1
2078,2024-04-06,2023-02-13,0
1942,2024-09-22,2021-08-26,1
2623,2024-07-11,2022-10-23,1
2458,2022-06-21,2021-01-22,0
581,2020-10-27,2023-06-08,0
2796,2024-12-14,2023-01-08,0
1674,2021-04-17,2020-05-23,0
2073,2022-10-14,2025-04-26,1
1378,2024-12-02,2020-10-28,0
74,2022-07-19,2022-11-03,1
1773,2024-11-24,2023-01-24,0
1525,2024-12-31,2024-10-22,0
2342,2024-02-08,2021-11-24,0
212,2022-09-03,2024-04-09,0
1453,2025-03-31,2023-04-23,0
207,2024-02-18,2021-08-20,0
1955,2021-12-06,2021-08-30,1
1536,2022-11-27,2024-07-02,0
2376,2023-02-13,2024-07-28,0
22,2022-02-02,2025-02-12,1
1661,2024-06-14,2022-07-03,1
979,2023-08-25,2022-01-10,0
480,2023-09-01,2021-03-05,0
2281,2020-09-17,2023-07-14,0
876,2024-08-13,2024-11-07,0
1019,2022-06-16,2022-07-16,0
2159,2024-02-10,2022-11-30,0
1474,2024-07-22,2025-02-07,1
239,2025-02-16,2023-10-26,0
1095,2021-03-18,2021-06-17,0
264,2024-01-14,2024-11-20,1
1129,2023-07-28,2021-06-10,1
790,2021-04-11,2020-10-23,0
2474,2022-08-04,2021-10-27,1
2276,2022-02-11,2021-07-25,1
2184,2025-02-21,2021-04-01,0
2268,2021-11-28,2023-06-15,0
531,2021-12-26,2021-06-28,0
1025,2024-01-06,2024-06-23,0
2698,2024-05-31,2022-03-01,1
1260,2020-06-08,2024-11-05,0
1425,2023-10-16,2020-09-29,0
1307,2022-02-08,2021-01-06,1
700,2025-03-31,2021-10-01,1
1361,2022-07-23,2021-06-17,0
386,2024-11-26,2023-03-12,0
2355,2024-09-05,2022-01-23,1
2369,2022-11-21,2022-02-09,1
1117,2022-06-27,2022-08-12,0
1373,2021-12-03,2022-12-07,0
40,2023-02-20,2023-10-01,0
208,2021-07-05,2022-10-29,1
1426,2024-05-22,2020-10-12,0
79,2021-05-16,2021-08-27,1
1914,2024-01-19,2022-08-14,0
2909,2024-04-05,2021-10-29,0
1941,2021-01-19,2022-01-14,0
2594,2024-08-04,2020-08-14,1
222,2025-01-22,2020-05-23,1
813,2024-05-13,2020-11-07,0
1269,2020-07-16,2024-06-30,1
1058,2022-01-04,2023-08-30,0
308,2024-11-13,2023-05-04,0
1987,2022-02-12,2024-06-01,1
85,2020-06-12,2023-01-01,0
2544,2021-03-15,2022-09-10,0
2311,2022-12-09,2021-01-18,0
2152,2023-02-13,2024-02-08,0
2968,2021-06-18,2023-08-30,1
567,2022-07-21,2021-04-12,0
1651,2024-11-28,2022-02-07,0
2894,2024-11-02,2023-06-07,0
2418,2023-06-01,2024-06-08,1
1604,2022-04-08,2024-01-02,0
751,2022-04-07,2023-05-23,1
802,2021-04-09,2020-07-17,0
1030,2024-12-31,2021-05-13,1
618,2024-01-16,2021-11-10,1
2771,2023-09-18,2021-03-08,0
453,2023-08-18,2022-01-07,0
870,2024-05-02,2021-10-14,0
206,2022-11-22,2022-05-21,0
2200,2020-05-15,2024-12-01,0
1250,2022-10-05,2023-11-25,0
1293,2024-03-21,2024-12-02,0
1295,2021-01-04,2022-12-25,0
203,2021-10-16,2022-06-01,1
662,2024-02-07,2020-09-12,0
1717,2023-09-30,2020-07-16,0
381,2021-12-08,2022-06-03,1
2832,2023-06-28,2024-08-18,1
1278,2020-07-31,2022-08-29,0
1027,2020-10-02,2022-11-25,0
2693,2024-09-23,2020-10-15,0
1654,2021-07-30,2022-11-18,0
1968,2024-08-12,2022-09-14,1
2895,2024-06-15,2020-04-26,0
2221,2021-03-07,2024-05-19,0
349,2020-12-30,2022-12-27,0
2225,2024-01-06,2020-07-22,0
2608,2023-08-19,2020-08-01,0
991,2024-03-29,2022-11-05,0
922,2020-11-14,2023-01-09,1
2181,2024-08-29,2021-10-30,0
1087,2022-09-02,2023-09-11,0
2360,2022-11-28,2024-01-09,0
670,2020-06-13,2023-05-05,0
1210,2022-03-04,2022-09-12,0
202,2023-03-07,2021-04-27,0
1994,2024-12-27,2022-12-05,0
2402,2023-03-20,2024-01-29,0
1609,2025-04-05,2021-04-07,0
1993,2024-03-08,2025-04-15,0
912,2023-01-02,2021-02-27,0
2270,2025-02-02,2021-08-14,0
1671,2022-09-05,2021-10-02,1
2113,2023-02-22,2023-04-02,0
2568,2022-01-22,2022-08-29,0
1823,2023-01-19,2024-01-16,0
318,2022-02-26,2021-04-25,1
1882,2025-04-18,2021-06-01,0
896,2024-04-03,2021-02-26,1
939,2024-09-10,2025-01-28,1
1979,2023-08-09,2023-03-11,0
1304,2021-09-08,2023-03-05,1
774,2021-07-31,2021-05-31,0
1492,2023-06-20,2024-06-19,0
2451,2023-08-22,2022-07-18,0
117,2024-01-26,2024-04-25,0
2368,2023-04-16,2021-08-27,0
2327,2024-04-06,2022-06-09,0
2128,2023-11-01,2022-12-28,0
1732,2024-05-23,2021-08-10,0
220,2024-06-19,2022-04-01,0
1347,2022-01-27,2021-05-25,0
2370,2023-12-30,2023-09-13,0
693,2023-09-11,2023-03-17,0
2277,2021-01-05,2021-06-23,1
947,2020-11-09,2020-05-10,1
2511,2022-02-16,2021-09-26,0
1284,2024-08-29,2024-10-22,0
1508,2021-05-30,2021-11-28,1
706,2021-05-10,2020-07-17,0
865,2022-12-13,2024-05-24,0
2998,2024-06-01,2023-09-03,1
1777,2021-06-24,2020-08-11,0
1457,2021-02-12,2023-12-17,0
1840,2022-01-15,2023-07-14,0
2423,2020-08-10,2022-04-07,1
383,2021-12-05,2023-11-02,0
2125,2025-02-23,2023-07-01,0
433,2022-06-07,2021-03-20,1
2144,2024-11-03,2021-12-03,1
44,2021-07-29,2021-01-26,0
787,2020-12-27,2021-12-16,0
2359,2023-08-17,2023-02-13,0
2921,2022-12-31,2021-12-24,0
733,2021-04-17,2022-09-28,0
1841,2020-08-17,2025-03-23,0
1900,2024-11-20,2023-02-11,1
1826,2023-07-12,2024-09-27,1
2066,2022-05-06,2024-05-06,0
562,2025-01-20,2024-04-18,0
2197,2022-09-02,2022-09-24,0
2251,2025-02-28,2023-12-06,0
1946,2024-02-25,2020-05-09,0
1855,2021-05-29,2023-01-31,0
50,2024-03-04,2024-07-06,0
1206,2025-01-20,2020-04-29,1
1079,2022-10-19,2023-12-09,0
754,2022-01-28,2022-09-02,1
34,2020-05-13,2024-02-01,0
1915,2024-02-21,2024-12-11,0
1382,2022-02-01,2023-08-29,0
2823,2021-01-17,2022-03-17,0
866,2024-01-06,2024-01-09,0
213,2021-05-16,2020-10-23,0
2928,2020-09-17,2022-12-17,0
404,2025-02-01,2021-03-10,0
2121,2024-03-02,2020-12-15,0
2733,2023-10-11,2024-06-16,1
63,2024-01-16,2023-02-27,0
113,2022-05-09,2023-05-27,0
463,2022-09-13,2024-12-03,0
1933,2025-03-31,2024-10-13,0
1235,2024-05-25,2022-07-14,1
2508,2024-01-09,2024-04-18,0
836,2021-09-13,2025-04-08,0
405,2021-01-13,2024-03-05,0
108,2022-12-08,2024-02-13,0
1866,2020-08-07,2023-11-01,0
2198,2022-11-25,2022-07-02,0
910,2025-01-05,2023-09-17,0
2660,2024-12-07,2021-07-26,0
123,2021-03-03,2024-12-21,0
1639,2025-01-10,2020-08-25,0
503,2020-09-18,2024-04-25,1
1754,2020-10-26,2021-12-24,0
2929,2021-08-12,2024-01-08,1
2209,2021-07-17,2020-12-19,1
246,2020-05-10,2024-05-04,0
771,2021-11-05,2022-01-13,0
2207,2020-07-01,2024-08-25,0
1075,2022-05-08,2024-03-19,0
1104,2023-03-17,2023-04-28,0
1462,2022-02-25,2024-05-09,0
1423,2021-03-01,2024-09-12,0
2228,2025-04-19,2023-06-07,0
2381,2021-10-31,2022-02-08,0
1707,2024-10-31,2021-03-06,1
1662,2023-01-15,2020-09-14,0
31,2024-11-25,2021-11-29,0
2154,2023-12-21,2025-03-07,0
1390,2022-05-24,2021-10-25,0
332,2021-05-01,2024-04-16,0
138,2020-06-29,2023-03-01,0
2566,2024-02-10,2023-01-31,0
1167,2023-02-07,2022-05-16,1
1333,2022-08-18,2025-03-26,0
1318,2021-02-17,2023-07-19,0
482,2025-02-05,2021-01-21,1
1370,2023-02-19,2024-03-19,0
522,2022-04-27,2021-09-27,1
2206,2024-08-17,2023-08-25,1
997,2022-02-14,2023-09-30,0
2026,2025-03-20,2021-05-31,0
1161,2021-10-15,2024-05-16,0
1813,2020-10-01,2022-08-22,0
511,2025-01-20,2025-01-23,0
1045,2021-03-21,2021-06-15,1
1024,2021-05-13,2024-09-13,0
302,2021-10-29,2021-06-15,1
1723,2023-09-29,2022-03-24,0
1272,2022-07-14,2021-05-26,0
821,2020-08-16,2022-08-22,0
1978,2024-11-22,2022-07-31,1
2997,2023-11-15,2023-10-16,0
526,2024-05-14,2025-02-17,0
2933,2022-02-26,2021-03-31,0
2068,2024-10-08,2023-12-25,0
2344,2020-12-11,2023-08-14,0
622,2024-09-27,2024-05-04,0
1204,2021-07-05,2022-03-12,0
341,2024-12-14,2020-06-19,0
1786,2023-09-06,2023-12-22,0
1793,2025-04-21,2020-07-07,0
2163,2023-03-05,2022-02-27,0
1592,2021-09-07,2022-07-02,0
2805,2020-11-27,2022-12-05,1
2476,2020-06-19,2022-05-18,0
632,2021-09-23,2023-08-26,0
2291,2021-08-12,2024-09-25,0
585,2020-09-11,2021-10-17,0
674,2023-10-13,2023-11-16,1
2403,2024-02-07,2022-04-09,0
2191,2023-12-01,2023-02-24,1
1299,2022-09-06,2024-07-17,0
2021,2023-07-31,2020-12-14,0
1154,2024-08-02,2021-02-06,0
1668,2025-04-25,2020-10-25,0
270,2023-02-25,2022-06-15,0
2527,2025-04-10,2024-05-28,0
968,2021-11-21,2020-11-25,0
691,2023-11-26,2021-07-15,0
2972,2021-02-13,2021-07-16,0
966,2024-02-15,2021-06-08,1
1750,2023-12-08,2023-02-17,0
2242,2024-01-17,2024-02-05,1
2738,2022-04-15,2020-06-13,0
2214,2024-04-22,2021-04-26,0
1816,2024-07-04,2020-08-07,0
2056,2020-05-05,2025-04-21,1
527,2021-09-04,2023-08-30,0
1183,2024-07-20,2022-09-30,1
994,2021-01-22,2025-04-18,0
2031,2022-01-14,2022-06-11,0
2865,2023-06-04,2021-06-18,0
2058,2023-12-19,2021-10-26,1
783,2022-06-12,2021-09-24,0
1526,2023-07-31,2022-09-07,0
29,2023-02-04,2023-02-01,0
2603,2023-07-23,2022-11-12,0
502,2021-02-12,2024-12-19,0
2908,2022-11-01,2021-04-20,0
2019,2024-11-02,2023-12-23,0
315,2020-12-24,2022-07-20,1
1764,2021-04-09,2023-09-30,0
355,2021-12-23,2021-04-30,0
2111,2023-04-16,2020-12-22,0
1550,2021-06-29,2023-07-17,0
999,2022-11-29,2025-01-28,0
698,2020-11-21,2022-07-29,0
290,2022-12-24,2022-01-12,0
1216,2023-11-20,2023-11-26,0
299,2021-09-27,2023-05-22,0
1182,2021-01-03,2020-12-09,0
1392,2022-09-11,2021-11-25,0
1895,2022-03-17,2023-11-26,1
1317,2024-07-26,2022-09-02,0
609,2022-03-15,2024-05-15,1
613,2022-01-14,2020-05-31,0
1090,2025-02-01,2021-11-12,0
1263,2020-07-06,2022-06-07,0
1571,2024-01-18,2021-05-14,0
1334,2021-02-15,2021-06-16,0
2911,2024-04-27,2022-01-08,0
2106,2023-06-17,2025-04-20,0
2590,2022-07-23,2021-03-27,0
588,2023-02-20,2020-05-24,0
1787,2024-07-06,2020-12-30,0
427,2022-10-12,2023-01-17,0
2563,2020-08-17,2023-07-30,0
1055,2022-08-30,2020-06-22,0
972,2025-02-15,2024-12-20,0
888,2023-05-13,2022-02-20,0
874,2024-10-05,2024-08-11,0
2231,2025-03-05,2024-09-10,0
1513,2023-03-18,2025-03-19,0
2648,2020-09-18,2023-05-25,0
1538,2021-06-20,2020-12-18,0
1107,2021-01-03,2021-07-05,0
323,2024-09-25,2025-03-16,1
1261,2023-09-11,2022-03-19,0
1657,2024-09-23,2020-07-28,0
834,2024-06-04,2023-06-29,0
1294,2021-12-26,2023-11-18,0
49,2024-12-12,2020-10-12,1
145,2024-09-12,2025-01-12,0
2331,2022-12-31,2025-01-11,0
2385,2021-07-07,2020-08-24,0
247,2021-08-28,2021-02-15,1
1442,2022-06-14,2020-10-24,0
2016,2024-12-19,2023-05-28,0
1655,2023-11-24,2020-08-30,0
1734,2023-12-27,2024-02-01,1
2499,2023-04-22,2022-06-18,0
1063,2022-04-15,2022-12-18,0
1240,2023-11-01,2024-05-16,0
2799,2024-06-24,2021-03-24,0
665,2024-01-04,2022-12-25,0
1700,2024-11-15,2024-04-24,0
873,2024-11-15,2023-09-06,0
776,2021-09-28,2022-02-22,0
853,2021-03-24,2022-04-27,1
1486,2020-05-21,2021-11-06,0
803,2023-07-18,2023-10-27,0
943,2020-11-30,2024-03-17,0
2595,2023-05-25,2022-08-31,0
1556,2023-02-16,2023-11-01,1
293,2025-02-23,2024-07-06,0
2767,2020-12-17,2024-04-04,0
810,2023-05-11,2022-02-12,1
1455,2024-09-01,2023-11-16,0
2051,2024-01-20,2020-10-01,1
513,2025-01-22,2022-11-03,0
2393,2025-04-09,2024-04-01,0
1984,2024-04-18,2022-03-09,0
1810,2022-10-18,2022-02-25,0
360,2022-04-29,2023-01-12,1
538,2025-03-09,2020-05-31,0
2692,2021-03-02,2024-04-13,1
2713,2022-12-13,2025-01-27,0
1613,2021-12-06,2021-05-24,0
933,2021-05-26,2022-07-30,1
1646,2020-06-17,2023-05-14,0
1551,2022-07-12,2023-02-09,0
1991,2020-10-02,2021-07-01,0
1371,2022-03-23,2021-03-09,0
980,2020-08-28,2024-06-02,0
1339,2022-06-20,2022-07-10,0
1581,2022-08-25,2023-06-01,0
878,2025-01-21,2022-04-27,0
711,2021-02-18,2023-02-15,0
2673,2022-07-25,2024-06-29,0
48,2024-05-16,2020-07-25,0
1939,2023-12-11,2023-09-03,0
402,2023-01-07,2020-06-21,1
1666,2024-02-28,2023-02-27,1
1973,2025-01-04,2023-04-27,0
408,2021-06-17,2021-12-11,0
2787,2021-02-06,2024-07-25,0
2035,2024-04-16,2022-10-13,0
125,2024-02-20,2021-12-04,0
1084,2020-09-10,2022-09-26,0
1934,2023-06-27,2021-12-14,0
529,2024-10-11,2020-08-29,0
815,2021-03-17,2021-01-11,0
643,2024-12-29,2022-02-18,0
1051,2022-07-16,2025-01-14,0
601,2021-05-03,2024-03-27,0
148,2021-04-22,2023-12-05,1
510,2025-02-21,2021-08-23,1
1193,2024-04-03,2023-05-30,1
1807,2021-09-04,2023-11-30,0
2899,2020-06-19,2022-11-16,0
359,2021-10-20,2021-04-14,0
1214,2025-02-19,2020-10-06,0
2509,2021-08-27,2023-07-23,1
1065,2021-10-17,2024-06-18,0
2177,2025-01-07,2024-01-08,0
1276,2021-06-06,2022-05-17,1
2592,2021-09-23,2021-03-08,0
2120,2020-07-30,2023-02-20,0
2788,2021-01-19,2021-03-31,1
2308,2020-06-14,2020-05-22,0
139,2020-08-13,2023-09-11,0
128,2024-12-05,2022-11-21,0
2766,2021-07-20,2022-06-09,0
1168,2023-05-11,2023-01-21,0
2702,2022-12-07,2023-08-18,0
2506,2021-08-07,2024-07-14,0
294,2021-08-20,2022-07-31,0
228,2023-04-25,2024-06-12,1
1126,2023-10-01,2025-01-14,0
1207,2021-10-13,2022-03-01,0
2524,2022-06-28,2021-10-12,1
1440,2021-11-30,2025-04-07,0
1974,2021-04-23,2023-08-29,0
2877,2023-06-13,2022-04-29,1
2054,2024-06-06,2022-06-05,0
441,2020-10-12,2022-12-11,1
179,2022-11-29,2021-01-22,0
1524,2021-06-20,2021-11-25,0
2946,2024-03-28,2021-12-02,0
1961,2021-11-02,2024-01-06,0
1829,2024-02-18,2023-11-25,0
1349,2024-03-01,2023-11-17,0
2020,2024-11-06,2022-02-11,0
1503,2022-08-22,2020-07-19,1
900,2022-10-22,2021-07-20,0
33,2023-03-18,2021-09-05,1
2462,2023-04-27,2023-07-04,0
466,2023-03-03,2020-08-01,0
1427,2024-12-31,2023-05-26,0
2807,2021-12-23,2022-03-22,0
610,2021-07-15,2024-03-09,0
1566,2021-10-16,2021-09-15,1
472,2024-06-14,2022-06-02,0
2504,2022-04-30,2023-05-12,0
2286,2021-03-08,2022-03-14,0
325,2023-06-30,2023-01-29,1
168,2023-02-19,2024-03-15,0
1605,2021-03-04,2024-05-25,0
449,2021-06-05,2022-03-20,0
1889,2024-05-11,2022-03-31,1
589,2023-02-19,2022-08-21,0
807,2020-09-04,2020-08-12,0
2244,2023-09-29,2021-02-27,1
2730,2021-03-27,2022-02-28,0
193,2023-01-01,2021-12-07,1
1099,2024-08-26,2021-10-26,0
75,2022-12-31,2022-09-10,0
2430,2024-08-26,2023-07-26,1
436,2020-07-30,2021-10-03,0
394,2020-12-25,2020-09-17,0
576,2024-10-05,2020-10-13,0
1950,2024-09-02,2023-02-27,0
903,2025-04-14,2022-06-03,0
1266,2021-03-23,2023-06-18,0
1231,2021-06-18,2024-05-27,0
1241,2024-04-19,2023-10-23,0
2482,2020-07-14,2020-06-17,1
1355,2021-01-25,2022-03-13,1
2264,2023-10-24,2024-03-21,1
69,2021-11-01,2022-02-04,1
1792,2022-02-10,2021-08-04,0
363,2022-02-08,2024-09-26,0
1573,2021-01-24,2021-01-15,0
13,2025-02-04,2021-05-14,0
1890,2023-01-05,2021-08-26,0
426,2025-03-07,2021-08-15,1
1337,2023-04-12,2023-08-04,0
2199,2021-11-04,2021-04-30,0
1325,2022-09-15,2020-11-02,0
1881,2022-06-08,2024-03-11,0
235,2022-04-24,2021-09-19,0
1996,2021-08-03,2021-07-09,0
382,2022-01-26,2021-07-05,0
2189,2025-03-19,2023-01-27,0
1918,2024-06-19,2020-05-02,0
1217,2021-09-08,2024-02-08,0
504,2022-05-17,2022-08-22,1
2993,2024-11-14,2021-02-21,0
631,2020-05-15,2025-04-22,0
291,2021-01-08,2021-12-03,0
1320,2024-06-21,2023-06-07,0
160,2025-02-12,2021-03-28,0
2707,2021-06-23,2021-09-07,0
2717,2025-03-25,2021-11-26,0
2723,2021-02-26,2023-05-27,1
1209,2022-01-16,2022-06-26,0
1718,2021-01-12,2021-03-27,0
350,2024-12-16,2021-01-15,0
443,2022-02-17,2024-08-17,0
1561,2024-01-06,2020-12-01,0
231,2021-01-02,2022-11-09,0
2005,2024-04-29,2022-07-24,0
2108,2024-01-16,2023-02-12,0
1680,2023-05-29,2024-03-17,0
1695,2024-12-13,2023-03-30,1
2554,2024-01-04,2021-05-09,0
2364,2021-06-23,2023-11-04,0
977,2022-07-11,2022-08-27,1
2306,2020-10-10,2020-07-06,0
2983,2020-08-10,2022-03-25,0
1659,2023-04-13,2022-04-08,1
530,2020-09-21,2021-05-14,0
2765,2020-06-30,2023-03-17,1
1358,2024-09-21,2024-04-23,0
949,2023-09-27,2023-08-21,0
2982,2021-01-18,2023-01-13,0
1929,2021-02-28,2023-05-06,1
1290,2022-06-18,2021-12-01,0
2814,2022-10-31,2024-03-30,0
406,2024-02-02,2022-11-19,0
840,2022-04-13,2022-06-13,0
2174,2025-03-27,2022-02-04,0
1917,2023-06-11,2021-10-30,0
2614,2023-07-20,2020-05-13,0
1802,2022-05-17,2021-10-03,0
1785,2024-10-17,2023-12-04,0
1497,2022-03-23,2025-03-22,0
1790,2024-08-01,2024-05-22,0
215,2021-05-11,2022-07-01,0
2571,2023-11-30,2022-06-05,1
500,2021-10-06,2022-09-10,0
1022,2022-01-14,2020-11-04,0
24,2024-08-28,2021-07-06,0
1062,2024-12-03,2025-04-16,1
210,2023-12-30,2024-08-25,0
1072,2023-09-27,2025-03-06,0
1482,2023-06-11,2021-06-26,0
1755,2024-01-12,2024-10-18,1
1583,2024-09-21,2021-07-15,0
188,2022-09-12,2021-11-11,0
2479,2022-07-20,2023-02-06,0
2293,2024-05-22,2021-02-23,0
2136,2020-06-13,2022-01-15,0
2776,2021-08-29,2023-06-24,0
98,2021-12-04,2021-12-27,0
2218,2023-07-05,2025-01-01,0
1327,2021-05-24,2025-04-18,0
2659,2021-10-29,2021-12-16,0
708,2024-12-11,2021-04-24,0
1468,2023-08-16,2025-02-27,0
2400,2023-05-08,2025-03-17,0
2701,2022-01-04,2022-03-21,0
978,2021-12-01,2024-01-14,1
1089,2024-04-22,2021-04-10,0
2341,2021-04-18,2024-02-01,0
2560,2024-02-28,2024-11-16,0
2532,2023-11-05,2023-01-21,0
454,2021-10-13,2023-04-24,0
2720,2020-07-26,2021-08-21,0
2475,2021-02-19,2023-09-18,0
2977,2024-07-10,2024-01-26,0
1860,2021-03-25,2021-04-09,0
2079,2025-03-25,2021-04-23,0
627,2024-08-19,2024-07-22,1
2839,2020-06-28,2022-05-25,1
30,2020-12-18,2023-08-12,0
32,2021-12-23,2024-11-11,0
710,2023-12-26,2022-06-28,1
1567,2020-10-18,2022-08-18,0
1539,2020-04-27,2023-12-13,0
1634,2025-02-13,2023-10-24,0
2578,2022-08-13,2021-01-12,0
1147,2023-02-12,2023-06-11,0
785,2020-07-25,2025-01-23,0
830,2023-01-25,2021-11-02,0
577,2023-12-09,2023-11-11,0
2547,2023-11-16,2023-03-16,0
2440,2024-01-11,2020-07-26,0
1340,2022-04-22,2022-05-26,0
615,2021-03-03,2022-02-01,0
2501,2024-09-22,2025-02-15,0
906,2023-04-10,2023-04-13,0
1730,2024-10-02,2022-01-30,0
2426,2023-08-21,2020-11-13,0
1071,2020-11-05,2024-01-07,0
1832,2020-11-21,2024-09-13,0
1923,2021-12-25,2023-10-09,0
368,2023-03-01,2022-01-14,1
705,2020-05-22,2020-08-06,0
431,2024-07-08,2024-10-06,0
1016,2022-06-09,2024-01-13,0
2041,2023-07-01,2021-03-06,0
2431,2023-06-17,2023-08-19,0
2557,2021-06-22,2022-03-28,0
419,2020-08-09,2023-10-19,0
1064,2021-08-13,2024-02-29,0
2555,2023-11-27,2025-01-29,0
1056,2023-02-06,2023-07-10,0
1324,2024-03-21,2023-03-24,0
1848,2021-10-27,2020-09-07,0
1069,2021-07-07,2020-12-13,1
2083,2025-01-03,2022-05-13,1
1601,2025-01-31,2020-12-24,0
2696,2022-12-14,2023-08-30,0
1856,2022-12-14,2023-02-02,0
1097,2021-03-13,2020-04-28,0
663,2023-03-08,2024-12-03,0
2460,2023-03-13,2021-02-17,0
2539,2022-12-07,2024-06-08,0
2642,2022-08-17,2021-03-13,0
428,2022-12-03,2023-11-20,0
133,2021-05-20,2024-08-28,0
1465,2020-12-29,2020-12-26,0
2525,2023-05-13,2022-11-21,0
165,2021-10-19,2023-05-20,0
2756,2022-01-29,2023-02-11,0
1452,2023-04-20,2021-12-22,0
1338,2023-12-02,2022-05-27,0
932,2024-07-08,2024-05-12,0
860,2024-12-09,2024-11-29,0
2074,2025-04-23,2024-09-08,0
717,2022-06-01,2024-11-29,1
668,2021-01-19,2021-11-24,1
2907,2023-05-17,2023-01-27,1
2001,2022-10-23,2021-06-11,0
2351,2023-06-17,2023-01-11,0
1884,2020-07-14,2022-11-17,0
1684,2021-02-15,2023-06-27,0
2962,2021-10-04,2023-03-30,0
2674,2021-04-21,2024-02-25,0
2129,2020-11-19,2024-03-14,0
2217,2023-08-01,2023-09-25,1
1908,2023-08-19,2022-07-22,0
233,2020-05-09,2020-05-10,0
109,2021-02-01,2023-02-11,0
366,2023-06-16,2021-02-14,0
261,2023-03-21,2022-03-26,0
688,2023-10-26,2021-03-28,0
1164,2022-11-30,2021-08-12,0
1568,2024-11-08,2020-11-27,0
140,2022-10-11,2022-06-08,0
638,2022-07-09,2022-10-31,0
1173,2023-07-22,2023-12-04,0
766,2025-01-12,2022-06-15,0
1367,2024-05-03,2024-07-15,0
671,2023-11-09,2023-01-13,0
1395,2022-05-11,2022-09-30,0
1309,2024-01-05,2022-11-05,0
2003,2022-11-21,2021-04-04,0
957,2023-02-22,2022-08-06,1
2309,2025-03-27,2024-04-03,1
1879,2022-03-19,2022-02-01,0
1201,2023-07-01,2024-03-28,1
1699,2023-03-22,2024-03-15,0
885,2023-01-05,2021-04-04,0
692,2024-07-19,2022-12-14,1
1751,2022-05-23,2025-02-13,0
2897,2023-07-07,2020-06-02,1
1903,2024-08-16,2023-09-22,0
2230,2022-04-12,2024-01-09,0
1271,2024-05-12,2021-10-08,1
256,2023-08-03,2022-05-16,0
2165,2024-11-11,2022-08-25,1
1353,2025-02-27,2020-11-04,1
546,2022-05-22,2022-06-09,0
2384,2021-03-30,2021-04-21,0
154,2022-09-30,2024-07-30,0
20,2020-05-28,2022-03-06,0
1245,2023-01-06,2023-05-06,0
412,2023-11-14,2021-07-21,0
348,2021-05-23,2021-08-10,0
1485,2020-10-28,2024-01-23,0
468,2021-09-04,2025-01-09,0
2049,2022-03-31,2020-09-25,0
2782,2020-07-22,2024-11-23,0
358,2022-04-03,2025-01-04,0
1516,2023-08-13,2022-08-02,0
2570,2025-02-04,2024-02-08,0
2024,2023-07-17,2023-11-11,0
1947,2023-05-17,2021-03-19,0
1302,2023-05-28,2023-03-29,0
553,2022-06-04,2024-06-30,1
1808,2021-05-31,2024-07-11,0
1945,2023-01-14,2021-04-21,0
892,2022-05-31,2025-01-11,0
928,2023-04-02,2021-12-15,0
1715,2025-02-01,2021-11-15,0
122,2024-10-07,2022-03-18,0
2455,2024-10-13,2023-08-18,1
2265,2024-01-10,2023-03-19,0
792,2020-05-08,2023-03-04,0
2150,2024-04-02,2022-05-18,0
303,2021-07-21,2022-10-20,0
1692,2023-01-19,2021-04-08,0
1017,2024-02-18,2022-02-05,1
1937,2024-12-08,2020-10-04,0
1122,2021-12-23,2021-01-18,0
1198,2023-05-20,2024-07-27,0
2180,2020-06-24,2025-01-27,0
714,2025-04-24,2021-02-18,1
1405,2022-02-08,2024-03-19,0
1842,2021-11-16,2023-05-02,1
2387,2020-09-04,2021-08-04,0
1316,2024-01-26,2022-07-16,0
1086,2023-05-03,2023-04-21,0
1132,2022-10-06,2021-07-24,0
2927,2021-02-21,2022-10-05,1
1944,2023-04-25,2023-12-18,0
1081,2025-04-18,2022-07-27,0
1854,2022-04-22,2022-08-15,0
1588,2021-05-15,2024-03-25,0
38,2020-09-10,2025-04-02,0
2138,2023-06-05,2022-04-20,0
2356,2023-03-10,2021-07-16,0
2580,2022-09-04,2020-06-27,0
1377,2023-10-20,2021-11-23,0
37,2023-12-18,2021-11-12,0
867,2022-10-10,2021-09-19,0
2496,2022-11-25,2021-10-01,0
1982,2022-07-16,2024-12-30,0
2324,2024-04-11,2022-07-03,0
2432,2020-12-21,2021-05-08,0
2379,2023-09-22,2023-03-07,0
1057,2024-10-10,2024-05-11,0
2093,2025-02-06,2023-02-26,0
1495,2023-10-15,2024-11-22,1
1237,2024-12-13,2021-12-18,0
2900,2021-09-22,2025-04-10,0
2337,2020-09-17,2024-04-29,0
1014,2022-01-13,2024-06-22,0
103,2021-04-26,2022-02-22,0
2576,2022-09-28,2024-01-06,0
289,2022-09-06,2023-04-10,0
1756,2024-03-22,2020-08-09,0
2234,2021-04-26,2020-10-06,1
1614,2021-04-05,2023-09-29,1
1422,2025-02-06,2020-07-20,0
2500,2023-09-05,2020-05-19,0
2254,2020-12-12,2021-06-28,0
1119,2022-05-11,2022-05-08,1
2075,2024-01-10,2023-04-05,1
1171,2023-01-26,2024-03-29,0
2922,2022-05-02,2024-04-08,1
2757,2020-06-25,2024-06-10,0
21,2020-07-29,2024-01-29,0
1054,2024-01-31,2023-09-10,0
1504,2023-12-04,2022-09-15,0
2790,2022-11-17,2023-08-30,1
914,2020-06-07,2023-10-29,0
544,2021-06-01,2024-08-26,0
2406,2021-11-01,2020-05-24,1
151,2023-07-20,2020-12-21,0
2445,2022-06-06,2021-05-06,0
2375,2024-08-04,2021-01-06,0
1505,2023-10-25,2020-11-17,1
2322,2021-11-01,2023-03-10,0
817,2024-08-06,2024-04-14,0
1226,2024-08-05,2020-05-07,0
2102,2025-03-08,2023-10-09,0
2629,2020-08-13,2023-12-25,0
2245,2021-08-15,2024-09-24,1
2099,2024-05-08,2022-12-12,0
36,2021-09-05,2023-06-26,0
1517,2024-04-01,2021-10-18,0
1729,2024-03-16,2021-03-10,1
392,2021-03-10,2024-12-24,0
2457,2021-07-09,2021-08-06,0
1148,2020-09-19,2020-08-16,0
2952,2022-04-09,2024-05-11,0
2854,2021-12-12,2024-09-23,0
2323,2021-02-02,2020-09-21,1
891,2024-07-23,2021-10-29,0
636,2024-10-11,2021-09-02,0
1228,2021-10-18,2022-01-25,0
226,2021-03-07,2024-04-01,0
684,2022-06-09,2022-01-31,0
1872,2023-06-06,2022-03-01,0
1256,2021-02-26,2024-06-04,0
460,2023-01-31,2021-09-11,0
676,2023-10-22,2020-09-11,0
378,2022-01-15,2025-02-02,0
214,2021-05-05,2022-12-21,0
831,2022-01-26,2023-04-14,0
829,2020-10-25,2022-12-27,0
955,2025-03-03,2022-03-09,0
1518,2021-09-18,2020-07-24,0
2420,2023-05-22,2022-03-17,1
1169,2021-11-14,2024-05-30,0
2017,2025-01-27,2020-09-17,1
1,2022-12-05,2024-05-08,0
276,2023-12-23,2021-11-01,0
1767,2023-12-26,2025-03-07,1
1852,2024-07-31,2023-06-14,0
679,2020-07-02,2020-11-03,0
416,2023-07-01,2021-03-04,0
1357,2023-02-26,2022-11-11,0
2015,2021-10-23,2022-02-13,1
2846,2021-02-06,2023-06-15,1
2295,2021-03-28,2020-07-13,1
2778,2021-05-19,2024-01-29,0
1675,2020-12-24,2024-05-02,0
1869,2024-11-12,2023-09-07,1
808,2023-10-25,2023-03-26,0
2275,2023-10-28,2021-07-21,0
476,2022-01-24,2021-03-08,0
104,2021-05-21,2025-03-29,0
1103,2022-03-18,2021-05-19,0
1332,2024-02-23,2021-04-05,0
791,2020-10-18,2023-10-06,0
743,2024-05-21,2023-10-08,0
2433,2021-06-16,2021-04-01,0
1584,2023-06-30,2022-04-28,0
489,2021-06-14,2025-01-09,0
2357,2022-10-06,2021-06-23,0
881,2022-05-27,2022-02-04,0
2179,2020-09-04,2024-01-31,0
2239,2020-08-22,2024-08-25,0
559,2020-08-15,2025-02-07,1
1484,2022-10-04,2024-02-17,0
593,2024-08-12,2023-04-27,0
2104,2022-08-20,2020-10-15,0
1254,2024-11-09,2021-12-09,0
2859,2023-12-23,2022-06-22,0
2287,2024-06-29,2020-05-06,0
1983,2024-11-10,2023-08-06,0
1229,2020-08-09,2021-03-23,0
2248,2021-06-22,2021-04-13,0
1722,2021-07-08,2020-06-26,0
2913,2020-10-29,2021-04-14,0
828,2022-12-01,2021-08-25,0
2103,2024-09-05,2025-01-20,0
1018,2021-08-08,2023-04-27,1
990,2024-09-19,2020-12-28,1
1223,2023-04-01,2022-04-04,1
1116,2024-05-18,2023-12-06,1
1586,2021-06-21,2021-08-07,0
2477,2021-11-14,2024-04-09,0
682,2022-06-26,2022-09-28,0
793,2023-06-06,2025-03-02,0
2978,2021-02-18,2020-05-30,0
2744,2024-02-18,2023-11-05,0
913,2020-11-17,2020-09-24,0
1094,2022-02-02,2021-07-30,0
72,2023-03-13,2023-11-03,0
800,2025-01-14,2022-12-19,0
1397,2022-10-08,2021-06-23,0
2350,2025-04-20,2022-12-24,0
2543,2024-04-19,2022-11-23,0
1905,2022-09-08,2021-01-30,0
1521,2020-06-25,2022-06-11,0
1637,2024-05-16,2020-10-21,1
1658,2021-07-02,2021-04-29,1
1124,2021-02-05,2021-07-21,1
661,2023-07-11,2022-05-14,0
895,2025-02-09,2024-05-23,1
2471,2024-03-06,2021-12-16,0
2853,2022-06-22,2024-10-13,1
1667,2021-12-25,2024-10-28,0
1410,2025-04-15,2023-12-06,1
969,2024-04-05,2024-04-27,0
2340,2021-02-26,2023-07-16,0
2486,2023-06-12,2022-09-20,0
1975,2022-04-24,2025-01-28,0
2876,2021-05-22,2020-05-13,0
1010,2022-04-11,2022-03-21,1
2395,2023-10-10,2021-09-15,1
2745,2021-01-30,2022-05-03,0
882,2023-01-05,2022-07-11,0
2503,2020-08-07,2023-05-25,0
2708,2024-12-15,2021-06-26,0
2380,2024-12-23,2022-10-07,0
1287,2025-04-01,2021-03-18,0
252,2021-03-11,2024-07-17,1
1005,2022-08-29,2021-12-26,0
524,2022-05-19,2024-11-26,1
591,2024-06-26,2021-01-24,0
1418,2022-02-28,2024-02-26,1
2681,2025-02-07,2022-09-16,0
92,2023-01-14,2024-06-01,0
2652,2022-06-18,2025-01-05,0
1412,2021-01-11,2023-11-24,1
1702,2021-07-08,2022-08-02,1
379,2023-03-18,2023-06-21,0
1048,2022-01-21,2023-05-29,0
2416,2023-12-27,2020-10-12,1
2636,2021-09-17,2022-12-21,0
2725,2025-01-24,2024-05-13,0
1436,2022-11-09,2023-11-20,0
1522,2022-04-18,2022-01-03,0
2410,2020-11-02,2023-07-27,0
2353,2021-03-18,2023-05-10,0
2472,2024-01-01,2021-05-10,1
600,2021-04-08,2023-02-10,0
2382,2023-11-23,2024-05-29,1
1768,2022-08-03,2022-07-11,0
142,2024-10-13,2025-01-08,0
2545,2022-01-06,2021-03-19,0
2307,2023-10-08,2021-06-09,0
1727,2021-06-02,2023-06-03,0
219,2021-08-16,2023-11-17,0
241,2022-07-22,2020-10-06,0
272,2023-01-15,2023-06-25,0
1399,2022-09-06,2020-09-16,0
1694,2023-06-29,2022-03-02,0
694,2021-03-04,2021-07-26,0
1512,2024-08-12,2020-07-20,1
1454,2021-10-22,2022-08-14,0
1142,2023-07-19,2023-06-04,0
137,2021-05-02,2021-11-24,1
106,2021-10-14,2022-07-01,0
1781,2020-07-15,2020-09-13,1
2013,2022-11-13,2023-06-14,0
2263,2021-08-23,2020-09-13,0
99,2023-01-04,2021-07-14,0
1330,2024-07-29,2020-07-23,0
462,2021-01-18,2022-03-18,0
274,2024-01-21,2020-12-25,0
1255,2024-08-29,2023-05-15,0
162,2021-04-24,2021-08-07,0
352,2020-10-02,2022-09-27,0
2873,2024-03-29,2021-06-14,1
1032,2024-03-16,2023-10-27,0
1558,2022-12-05,2020-09-15,0
127,2021-11-10,2024-08-20,0
880,2023-11-09,2021-08-16,0
967,2021-08-07,2025-04-20,0
1607,2024-03-28,2021-07-29,0
1242,2020-11-16,2022-10-13,0
508,2021-08-13,2025-01-13,0
2768,2021-09-13,2021-12-14,0
673,2024-01-13,2021-10-07,0
2211,2022-11-15,2022-10-28,0
465,2023-07-17,2023-07-28,1
52,2020-09-10,2020-09-28,0
45,2020-11-13,2021-05-19,0
1281,2022-03-09,2024-09-07,0
15,2023-07-07,2021-11-11,0
1861,2021-08-06,2023-07-04,0
1818,2020-11-29,2022-07-14,0
2310,2022-03-01,2022-10-03,1
2857,2021-07-24,2025-01-27,0
2662,2021-02-15,2024-05-29,1
185,2020-07-21,2024-09-29,0
704,2022-10-07,2022-12-14,0
1328,2021-04-28,2022-07-16,0
421,2022-05-15,2024-04-13,0
672,2022-05-29,2020-06-04,0
2334,2022-05-15,2024-06-29,0
1106,2021-06-01,2024-04-03,0
2057,2021-02-02,2021-07-01,0
2419,2022-06-28,2021-02-17,0
2834,2022-08-18,2022-02-12,0
121,2022-10-13,2022-06-21,0
2279,2022-01-22,2022-11-19,0
983,2024-01-07,2022-02-26,0
2498,2020-12-04,2020-06-18,0
1954,2024-09-17,2021-08-17,0
2256,2022-01-05,2024-06-12,0
3000,2021-07-16,2023-04-15,1
1744,2024-11-10,2023-09-09,1
295,2024-04-23,2020-05-12,0
1749,2021-05-24,2024-07-25,0
1580,2020-08-14,2024-04-06,0
2202,2023-03-04,2021-08-03,0
1544,2021-03-09,2023-08-22,0
2538,2022-10-29,2022-09-22,0
1052,2020-11-01,2023-03-10,0
114,2021-02-28,2023-11-17,1
2831,2022-01-21,2020-05-20,0
2262,2022-06-27,2022-01-26,0
689,2020-10-11,2022-01-05,0
1652,2023-10-24,2024-04-05,0
2969,2024-11-02,2024-12-23,0
2269,2024-04-03,2020-08-25,0
667,2021-09-16,2021-02-04,1
410,2024-01-29,2024-05-12,0
572,2024-06-24,2023-01-29,0
2492,2023-12-29,2020-12-01,1
1172,2025-02-20,2023-08-22,0
1002,2025-02-25,2021-05-15,0
1540,2022-03-16,2024-07-22,0
2411,2022-12-31,2023-02-27,0
2634,2023-01-15,2024-06-21,0
2390,2024-07-08,2021-09-13,0
2167,2024-03-20,2023-09-26,0
2101,2020-08-05,2023-07-07,1
391,2022-06-29,2022-11-13,0
1125,2020-08-19,2024-03-26,0
2605,2022-02-24,2023-11-10,0
2519,2021-07-13,2024-03-29,0
2964,2020-05-28,2024-12-09,0
924,2022-07-20,2021-10-08,0
278,2020-11-20,2021-05-16,0
275,2025-02-22,2020-07-03,0
872,2021-12-16,2022-09-27,0
935,2022-04-05,2021-06-13,1
1015,2024-04-17,2024-06-04,0
2494,2020-05-05,2020-06-18,0
2201,2024-01-06,2023-03-03,1
1391,2022-08-27,2023-02-23,1
2226,2021-06-06,2021-02-24,1
1596,2020-10-06,2020-09-02,0
205,2022-03-23,2020-08-06,1
1303,2023-06-01,2021-08-24,1
816,2024-02-24,2020-07-09,0
351,2022-11-20,2024-10-14,1
2413,2025-01-01,2025-04-13,1
2588,2022-10-03,2023-11-04,1
1259,2022-07-27,2021-02-05,0
1393,2024-07-29,2020-09-15,1
1577,2025-04-20,2022-11-16,0
556,2023-06-06,2020-05-24,0
598,2025-03-03,2024-02-28,0
248,2022-11-22,2021-05-20,0
1386,2022-07-19,2021-10-17,0
119,2021-07-27,2021-04-09,0
2391,2023-01-14,2022-06-18,0
2905,2024-03-04,2021-02-06,0
324,2024-11-19,2021-09-19,0
1878,2022-08-07,2024-11-15,0
2896,2024-01-10,2020-05-22,0
2793,2021-06-25,2020-08-07,0
1759,2023-03-18,2024-06-11,0
2442,2024-09-05,2021-04-16,0
326,2022-12-24,2023-01-09,0
1624,2023-09-28,2023-06-07,0
375,2025-01-19,2021-07-17,0
2691,2024-11-12,2025-03-25,1
2961,2023-08-26,2021-02-12,0
2986,2024-05-06,2021-09-16,0
1640,2021-08-22,2020-12-20,0
2517,2024-10-03,2024-08-20,0
763,2022-04-29,2024-12-02,1
721,2021-08-17,2023-11-08,0
1591,2023-05-01,2021-08-11,1
115,2024-03-17,2022-06-15,0
629,2022-11-23,2022-04-21,0
2124,2022-01-28,2023-12-14,0
1283,2022-02-08,2023-12-01,0
2534,2021-11-23,2024-03-05,0
1876,2022-08-27,2023-11-27,0
536,2025-02-10,2024-01-18,0
65,2021-12-17,2023-03-19,1
1305,2020-07-03,2022-10-21,1
535,2025-03-09,2023-12-08,0
1178,2024-08-29,2021-10-13,1
1009,2024-05-07,2023-04-16,1
617,2025-04-21,2025-03-06,0
2902,2023-05-30,2024-05-31,0
371,2021-07-20,2021-04-13,0
1067,2021-05-10,2023-05-02,1
1451,2021-01-15,2024-06-22,0
1461,2023-03-20,2022-04-10,0
505,2023-03-23,2022-04-20,1
1042,2021-04-14,2023-06-11,1
164,2022-07-10,2020-10-02,1
2863,2021-06-18,2023-12-14,1
76,2020-05-18,2021-08-20,1
1190,2023-07-09,2023-03-31,0
2684,2020-07-14,2023-10-26,1
1066,2024-07-16,2022-01-08,0
1720,2024-01-09,2021-07-27,1
575,2023-11-14,2025-01-29,0
1821,2022-01-30,2023-10-04,0
735,2021-03-05,2023-09-22,0
2345,2024-09-16,2024-09-01,0
2987,2022-12-21,2022-12-25,0
2288,2024-05-20,2021-12-18,0
847,2020-10-25,2021-12-25,1
369,2021-02-17,2023-01-27,0
2283,2022-03-30,2024-02-21,0
2675,2020-12-26,2022-09-26,1
2593,2024-04-06,2023-09-06,0
2801,2024-04-09,2020-12-11,0
1791,2020-05-07,2020-06-23,0
2609,2021-02-27,2020-11-23,1
89,2020-08-10,2023-01-06,0
982,2023-05-15,2023-07-16,0
541,2022-03-02,2024-11-14,0
2033,2023-06-04,2024-03-07,0
170,2022-12-28,2024-11-28,0
2512,2023-01-16,2025-01-17,0
1137,2024-07-05,2023-09-06,0
2903,2020-11-23,2024-02-02,0
769,2020-06-26,2021-08-28,0
2491,2024-08-24,2020-11-01,0
1820,2021-03-08,2021-01-19,0
2653,2024-09-16,2025-01-23,0
628,2021-10-31,2022-05-29,0
2763,2022-11-19,2024-08-05,1
232,2023-11-29,2024-11-27,0
1859,2022-03-22,2022-02-01,1
1093,2023-07-09,2022-05-08,1
2611,2022-12-07,2021-04-05,0
1763,2025-02-28,2025-02-11,0
2647,2024-03-06,2025-02-13,0
1487,2022-11-01,2021-05-08,1
190,2021-12-21,2020-05-26,1
2754,2020-05-23,2025-03-15,0
1076,2024-11-06,2024-01-13,0
894,2021-02-04,2023-10-03,0
532,2021-08-17,2022-12-22,0
646,2024-05-25,2025-02-13,0
2396,2021-06-26,2021-04-06,0
2153,2021-08-27,2021-12-18,0
722,2023-03-14,2020-04-28,0
1765,2020-11-03,2023-05-21,1
1006,2022-09-21,2022-12-31,1
2456,2021-02-16,2023-04-17,0
1111,2020-06-24,2023-10-15,0
2252,2022-05-11,2023-10-15,0
2541,2022-07-07,2022-11-08,0
5,2020-06-14,2022-03-28,0
1656,2023-10-28,2021-07-31,0
1762,2020-10-09,2021-07-21,0
2470,2021-04-11,2020-10-10,0
877,2024-12-09,2023-09-24,0
788,2020-08-15,2024-10-17,1
1252,2023-12-10,2025-01-16,0
2452,2023-06-29,2022-06-20,0
612,2022-03-20,2021-04-02,0
2975,2023-07-22,2021-06-15,1
1931,2023-06-10,2023-10-16,1
516,2020-05-10,2021-02-10,0
1528,2022-04-09,2025-03-06,1
1037,2020-05-07,2025-03-29,0
455,2024-12-22,2023-06-28,0
2349,2022-11-15,2021-03-27,0
778,2024-09-08,2023-08-19,1
1036,2023-09-30,2023-04-22,0
651,2021-04-12,2025-02-12,0
260,2023-06-10,2021-09-27,0
2843,2024-10-26,2022-07-29,0
652,2025-01-12,2022-01-26,1
1795,2023-04-14,2023-05-25,0
172,2023-05-26,2024-10-27,0
173,2025-01-28,2024-02-27,0
2680,2020-06-25,2021-02-22,0
339,2023-10-16,2020-05-04,0
2722,2021-04-27,2021-05-12,1
310,2022-11-07,2023-03-01,1
697,2024-11-11,2024-02-28,0
1074,2021-08-04,2021-05-03,0
2070,2023-04-13,2023-10-19,1
2444,2020-05-13,2020-05-17,0
1227,2024-08-08,2020-11-20,0
1398,2023-04-04,2023-12-11,0
2421,2024-09-20,2022-05-30,0
1300,2022-06-21,2021-03-07,0
1867,2024-02-17,2021-06-04,1
784,2021-08-25,2024-12-06,1
1264,2022-04-10,2024-08-08,0
1569,2022-07-23,2025-02-15,0
1389,2023-12-01,2022-07-03,0
201,2021-02-01,2024-12-15,1
1725,2021-07-23,2024-01-05,0
2882,2022-05-27,2024-01-02,0
2,2025-02-13,2021-10-07,1
1007,2021-09-20,2021-09-14,0
945,2024-02-14,2021-06-10,1
1757,2021-11-16,2023-01-09,1
1133,2020-06-19,2021-05-29,0
565,2024-05-20,2020-08-30,0
1467,2024-05-14,2022-07-07,0
823,2022-03-08,2023-07-12,0
2131,2022-04-04,2025-04-08,0
300,2023-06-28,2022-02-15,0
2424,2020-05-13,2024-11-16,1
775,2021-05-28,2024-06-23,0
2261,2022-09-16,2024-02-14,0
976,2023-02-22,2024-01-05,0
654,2022-11-30,2020-06-30,0
1883,2024-10-05,2020-06-26,0
2880,2021-10-25,2024-05-12,0
509,2023-08-23,2021-11-06,0
435,2024-02-12,2022-09-18,0
1321,2022-02-12,2023-07-25,0
1952,2024-07-30,2022-09-08,0
2739,2023-01-30,2021-01-01,0
1100,2024-08-31,2021-08-21,0
2549,2022-04-25,2020-07-19,0
1617,2022-04-02,2023-07-24,0
2328,2024-09-16,2022-02-18,0
182,2022-04-11,2020-11-12,0
2343,2024-09-21,2021-12-21,0
2548,2021-10-08,2023-09-30,0
833,2020-09-02,2022-03-24,0
557,2021-06-21,2020-11-17,0
1092,2024-01-07,2021-07-22,1
2443,2021-08-09,2023-03-24,0
1572,2021-07-06,2023-08-13,0
561,2024-08-22,2024-05-03,0
814,2024-06-18,2024-04-08,1
2314,2024-08-07,2021-04-21,1
473,2023-07-08,2021-12-13,0
886,2024-04-06,2021-10-03,0
422,2024-08-03,2024-02-28,0
1105,2021-01-14,2023-11-02,0
450,2021-11-27,2021-01-20,0
2635,2020-12-19,2021-01-18,0
1050,2023-07-24,2023-04-18,0
2059,2021-02-01,2023-03-30,0
2700,2024-04-24,2020-09-26,0
2979,2021-08-27,2020-07-18,0
311,2022-12-25,2020-08-13,0
1310,2020-10-05,2025-04-18,1
669,2025-03-04,2022-10-03,0
2769,2022-09-19,2022-07-03,0
331,2024-10-16,2020-10-11,0
2060,2024-08-04,2021-06-10,0
942,2025-01-20,2022-10-17,0
2168,2023-01-11,2023-10-18,0
120,2020-05-08,2020-12-05,0
973,2020-07-18,2020-10-05,1
1407,2021-10-08,2024-05-06,0
2995,2021-04-25,2020-06-26,0
2333,2021-06-21,2022-10-05,1
2670,2023-07-05,2021-05-02,0
1769,2024-03-15,2021-07-08,1
1874,2022-01-21,2021-11-04,0
2071,2024-07-28,2024-06-12,0
579,2022-09-20,2024-04-01,1
1162,2024-10-11,2023-12-16,1
2032,2022-09-07,2023-08-29,1
448,2021-07-30,2024-12-02,0
941,2021-04-12,2024-04-27,0
1372,2023-01-02,2020-09-29,0
2386,2020-07-19,2024-01-02,0
2043,2024-03-05,2020-12-21,0
2628,2021-07-19,2023-07-16,0
799,2023-12-04,2020-08-09,0
921,2022-05-18,2022-03-25,1
2490,2021-02-03,2024-08-05,0
583,2020-06-28,2024-11-03,0
1830,2020-08-04,2021-03-04,0
2405,2022-03-15,2020-09-03,0
1833,2025-03-20,2024-10-18,0
648,2021-03-12,2023-10-01,0
2372,2023-04-30,2024-01-31,0
2278,2023-07-15,2021-06-22,1
2425,2023-08-08,2023-09-01,0
1871,2022-03-06,2023-02-27,0
1951,2024-10-03,2024-02-15,0
2959,2023-02-20,2022-11-04,0
1404,2020-11-29,2024-04-14,0
1706,2020-10-01,2023-04-19,1
1943,2022-12-10,2022-09-21,0
1998,2022-12-25,2020-07-09,0
623,2024-02-13,2024-10-12,0
1587,2023-09-02,2025-03-14,0
2980,2020-08-09,2021-11-10,0
850,2020-11-30,2023-01-01,0
2999,2022-08-30,2021-09-10,0
259,2020-08-07,2020-10-05,0
586,2023-09-28,2022-05-04,0
2030,2024-11-18,2022-04-08,0
1322,2022-11-09,2023-12-17,1
730,2024-03-17,2021-07-16,1
1602,2022-04-19,2020-09-11,0
398,2021-06-14,2020-06-04,0
174,2020-11-08,2022-03-06,1
1849,2024-07-16,2023-10-23,0
1932,2024-06-11,2023-07-08,0
2205,2022-05-15,2023-12-08,0
2145,2020-05-18,2021-12-21,0
1177,2021-07-09,2025-04-10,1
1359,2022-03-29,2022-02-04,1
958,2024-11-13,2023-04-26,0
594,2023-06-15,2023-06-03,0
1500,2020-07-30,2024-06-24,1
1593,2023-03-28,2024-11-01,0
2222,2021-09-12,2020-09-30,0
1354,2024-12-21,2022-10-31,1
1350,2023-09-06,2020-12-28,1
414,2025-04-16,2022-05-06,0
2728,2023-01-30,2020-06-05,0
856,2023-02-22,2021-08-05,1
2361,2021-04-24,2021-11-22,0
2631,2022-02-23,2023-07-27,1
2042,2024-04-22,2021-07-08,0
596,2021-06-28,2024-08-05,0
1964,2023-09-13,2024-02-19,0
2564,2022-07-28,2023-03-21,0
2942,2024-04-04,2024-02-01,0
2802,2024-10-10,2020-12-24,0
2664,2021-02-26,2023-01-01,1
2009,2020-09-29,2024-04-27,0
1970,2020-08-12,2022-11-27,0
2819,2024-03-12,2024-02-17,0
153,2021-06-16,2022-04-30,0
507,2023-04-22,2023-01-28,0
2820,2022-10-25,2024-06-22,0
2883,2020-10-20,2021-04-26,1
2143,2023-07-09,2023-10-14,0
1203,2024-04-14,2023-06-01,1
2338,2023-09-22,2022-10-19,0
2727,2022-02-05,2022-11-05,0
2856,2022-11-16,2021-10-25,0
237,2023-05-09,2025-01-30,1
1352,2023-10-11,2024-07-16,0
2552,2024-04-03,2023-09-28,0
329,2021-02-24,2024-08-22,0
2232,2023-06-02,2023-09-29,0
1907,2025-03-13,2021-01-05,0
187,2020-11-06,2020-10-18,0
2112,2025-04-05,2021-01-28,0
756,2022-04-29,2020-10-29,0
843,2021-05-03,2025-02-14,0
2170,2022-10-21,2023-11-10,0
951,2023-07-10,2024-09-12,0
2530,2024-04-13,2021-11-27,0
1191,2023-06-09,2023-11-30,1
812,2020-08-08,2021-12-19,1
543,2025-04-03,2021-02-11,0
2954,2025-03-01,2022-07-19,0
1789,2020-10-25,2023-03-07,0
1249,2023-03-13,2024-02-14,0
1224,2022-12-01,2021-12-10,0
1130,2022-11-28,2023-02-11,0
570,2022-05-22,2023-05-16,0
2025,2021-04-03,2023-08-24,0
2130,2021-10-11,2021-01-27,0
2280,2021-06-12,2021-08-30,0
2134,2020-10-04,2023-04-05,0
2446,2020-10-07,2022-11-26,0
1743,2023-08-16,2023-09-04,0
884,2024-05-15,2021-08-27,1
863,2023-07-31,2021-07-08,0
2992,2025-03-22,2024-01-12,0
2459,2021-05-28,2023-10-16,1
211,2024-06-22,2023-08-10,0
2948,2021-04-17,2021-10-21,0
1288,2021-07-13,2024-10-31,0
2649,2020-05-25,2021-10-02,0
2427,2021-03-10,2022-05-28,0
1033,2023-12-18,2022-07-06,0
2938,2020-06-13,2021-02-21,0
279,2025-02-25,2024-05-18,0
2178,2023-01-20,2020-12-14,0
2711,2021-05-25,2024-08-27,0
1783,2023-05-31,2021-07-03,0
2746,2022-06-04,2022-05-20,0
846,2020-05-11,2020-07-20,0
901,2023-04-06,2020-12-27,1
16,2020-09-22,2025-01-06,1
1368,2022-06-11,2020-08-27,0
1938,2022-01-18,2021-09-11,0
2429,2020-05-28,2021-06-18,1
459,2022-08-16,2025-04-10,0
470,2021-06-21,2021-05-07,0
2523,2024-11-28,2023-07-03,0
2011,2023-02-09,2024-01-17,1
533,2023-04-09,2021-11-08,0
1663,2023-05-07,2022-06-14,0
1213,2023-04-01,2023-02-20,0
724,2024-11-04,2023-09-04,0
2467,2021-02-05,2024-07-29,0
2127,2022-05-15,2024-10-01,0
1053,2021-12-08,2025-03-15,0
467,2022-06-01,2024-11-11,0
2105,2021-11-03,2023-06-12,1
887,2024-04-11,2021-07-13,0
2401,2024-02-04,2025-04-07,0
2317,2020-06-25,2020-10-14,0
2468,2023-08-02,2020-12-20,0
337,2023-09-25,2020-10-28,0
2550,2022-08-06,2021-06-09,0
2901,2023-05-31,2020-04-27,0
2142,2021-02-22,2023-01-20,0
1108,2024-09-22,2025-02-17,1
2289,2024-03-19,2021-01-23,0
845,2024-09-05,2021-04-06,1
1001,2022-05-22,2024-02-12,0
2126,2023-03-04,2024-05-23,0
1443,2020-07-29,2024-06-10,0
1698,2022-05-05,2021-02-19,1
1775,2021-11-07,2023-03-11,0
918,2020-09-04,2023-01-07,1
1369,2025-04-26,2020-06-26,1
2514,2023-09-16,2022-07-29,0
1650,2023-01-22,2021-11-26,0
2735,2021-05-18,2021-08-22,0
649,2024-03-17,2024-01-07,0
141,2021-08-12,2021-10-30,0
2862,2023-03-23,2020-05-31,0
167,2022-03-18,2021-08-20,0
2373,2024-04-09,2025-01-14,0
2187,2021-07-28,2022-05-09,0
2366,2025-03-27,2024-06-28,0
481,2022-04-08,2024-02-27,1
1815,2024-04-29,2022-07-11,0
537,2024-12-23,2022-10-09,0
1230,2024-06-07,2021-09-10,0
1088,2023-12-28,2022-11-26,1
2643,2022-12-05,2022-01-12,1
2850,2022-06-03,2021-02-28,0
1253,2023-10-11,2024-10-06,0
630,2021-03-15,2023-03-09,0
198,2023-04-09,2023-08-25,1
1481,2021-08-21,2024-03-22,0
1061,2024-10-17,2020-11-28,0
2671,2020-09-19,2021-06-13,0
1527,2020-10-09,2023-08-29,1
2606,2024-07-26,2021-05-06,0
2988,2023-09-25,2024-11-20,1
2791,2020-09-29,2020-08-11,1
2339,2020-11-26,2023-05-13,0
1059,2020-08-14,2023-09-13,0
1463,2024-06-07,2022-08-14,1
1406,2021-07-10,2023-07-09,1
245,2022-07-28,2022-11-10,0
820,2024-09-07,2024-03-16,1
8,2024-07-20,2025-01-16,1
758,2022-08-27,2020-12-03,0
1306,2023-03-06,2024-05-22,0
2858,2023-02-24,2023-02-07,1
2918,2024-10-09,2023-12-11,1
327,2021-05-28,2021-02-03,1
54,2022-12-24,2021-08-23,1
2463,2024-11-26,2021-03-17,0
1313,2022-05-02,2022-10-24,0
620,2022-03-17,2020-06-18,1
1887,2023-08-22,2024-11-12,0
849,2021-02-15,2021-03-25,0
1557,2021-06-08,2022-09-14,0
869,2024-05-28,2024-01-19,1
1196,2021-02-09,2023-09-27,0
1479,2021-10-03,2020-11-02,0
1286,2024-03-07,2021-12-29,0
77,2025-04-04,2024-06-13,0
975,2022-05-24,2024-03-01,0
2699,2024-03-02,2021-06-15,0
875,2022-11-22,2022-03-10,1
1753,2020-08-04,2021-11-04,1
2950,2021-08-06,2020-09-30,0
1488,2023-07-30,2022-10-18,0
132,2024-04-15,2021-07-03,0
2712,2024-11-22,2021-03-28,1
501,2022-09-26,2023-08-14,0
1696,2024-09-11,2021-02-20,0
487,2024-02-02,2024-03-11,0
1850,2024-03-28,2023-03-03,0
889,2023-07-11,2025-03-10,0
285,2022-05-30,2024-03-31,0
1387,2024-04-20,2024-10-10,0
1078,2024-11-17,2023-01-22,1
744,2024-03-23,2022-10-05,1
752,2020-12-31,2023-05-17,0
1466,2024-12-28,2022-08-13,0
1635,2024-04-05,2022-06-12,0
2887,2023-05-19,2022-06-15,1
2622,2024-11-09,2024-08-20,0
851,2024-05-27,2024-06-25,0
1682,2023-06-12,2024-03-25,1
1927,2021-07-29,2021-09-30,0
116,2021-12-04,2024-02-09,0
1380,2023-11-01,2023-07-22,0
1275,2022-06-01,2023-02-01,1
2688,2022-11-18,2022-04-12,0
1678,2022-09-16,2021-07-26,0
587,2021-03-07,2020-11-13,0
2718,2020-08-11,2022-08-01,0
451,2024-11-02,2020-09-26,0
2526,2025-03-08,2022-12-17,0
156,2025-01-27,2024-12-19,0
478,2024-09-15,2024-08-28,1
60,2024-01-29,2021-06-18,0
223,2023-06-18,2025-04-23,1
126,2025-02-20,2024-01-14,0
1151,2025-04-17,2022-04-14,0
2274,2021-02-10,2024-10-07,0
1776,2022-10-31,2020-12-23,0
1721,2025-01-13,2021-09-21,0
2272,2024-05-21,2020-12-08,0
519,2024-04-13,2023-04-09,1
1537,2022-06-15,2021-09-16,1
2958,2024-11-27,2022-08-05,0
2483,2022-10-10,2022-04-08,1
2069,2023-05-20,2020-10-28,0
81,2020-06-15,2022-09-04,0
2536,2021-04-24,2021-10-13,1
2971,2022-11-01,2021-12-28,0
2304,2020-06-09,2022-08-01,0
424,2020-08-06,2022-04-03,0
143,2024-01-29,2021-05-20,0
2063,2023-04-20,2023-08-25,0
344,2023-09-24,2024-04-04,0
2348,2022-11-25,2021-06-17,0
916,2023-07-07,2022-11-06,0
2599,2024-06-24,2020-05-15,0
2094,2024-08-13,2023-08-27,0
844,2020-06-08,2022-09-04,0
2679,2020-06-03,2021-07-10,1
2347,2020-10-26,2023-05-24,0
1899,2021-02-07,2021-03-22,0
2529,2022-08-29,2023-04-29,0
68,2025-04-23,2024-02-03,0
90,2021-04-04,2023-01-05,0
2602,2024-04-30,2023-05-18,1
1251,2024-09-03,2024-08-03,0
1748,2023-03-09,2020-06-02,1
1362,2023-05-20,2022-05-20,1
2141,2024-01-13,2022-03-10,0
1344,2021-04-25,2024-01-26,0
2240,2024-03-02,2024-05-28,1
1644,2023-07-04,2022-01-26,1
1546,2021-12-04,2024-11-11,1
1549,2025-02-20,2024-08-03,0
2006,2024-06-10,2025-03-10,0
625,2023-10-19,2022-10-07,1
2989,2024-12-03,2021-10-24,0
1297,2022-08-03,2024-11-14,1
2743,2024-07-16,2021-07-19,0
444,2023-07-21,2024-03-12,1
1985,2021-04-11,2023-11-01,0
2388,2021-10-25,2021-06-10,0
192,2022-08-16,2024-09-12,0
998,2021-10-04,2023-08-31,0
2196,2022-07-16,2022-07-21,0
2149,2022-05-31,2021-02-16,0
1576,2024-01-16,2024-07-01,0
2898,2023-08-19,2021-05-14,0
163,2020-06-30,2020-12-09,0
984,2022-03-17,2024-06-24,0
280,2022-03-03,2022-10-15,0
1519,2020-08-03,2021-11-04,0
740,2022-09-01,2022-07-15,0
2064,2022-08-30,2021-04-17,1
2985,2023-04-05,2024-04-01,0
1314,2024-09-14,2023-01-08,0
1277,2023-04-23,2021-09-06,0
1649,2020-05-11,2024-12-20,1
595,2022-01-08,2021-07-17,1
1351,2020-05-12,2023-07-12,0
2156,2022-01-29,2021-09-23,0
2119,2021-11-23,2021-06-29,0
1746,2022-04-21,2023-03-02,0
1533,2021-06-09,2021-06-25,0
1021,2021-06-22,2022-03-13,0
1083,2023-06-22,2024-05-19,0
1940,2022-07-11,2020-05-23,1
2721,2023-07-29,2022-11-26,1
2255,2023-07-19,2023-08-05,1
605,2021-09-05,2021-06-09,0
1633,2022-08-23,2024-05-16,0
1402,2022-12-08,2024-01-27,0
956,2021-04-07,2024-01-03,0
2147,2022-06-07,2021-09-06,1
1745,2022-08-10,2023-09-19,0
2188,2020-10-20,2023-02-02,0
1155,2022-04-19,2024-05-09,0
1490,2021-04-09,2022-03-25,0
2082,2021-11-09,2023-06-13,0
1312,2021-09-12,2022-12-28,1
1653,2022-09-13,2024-02-24,0
497,2020-10-26,2020-10-27,0
1180,2022-03-11,2021-02-07,0
221,2020-07-18,2023-02-12,0
2994,2024-07-12,2023-08-03,1
307,2024-05-22,2024-01-31,0
946,2024-02-25,2021-12-15,0
498,2023-04-15,2020-12-29,0
2847,2020-12-24,2022-08-12,0
1570,2024-08-13,2020-09-18,0
2936,2020-04-29,2023-01-13,0
1285,2021-03-18,2025-03-29,1
317,2020-10-07,2024-02-29,0
2302,2023-01-06,2023-11-03,0
2516,2022-04-05,2023-02-27,0
699,2024-08-21,2025-02-26,0
1891,2023-10-08,2023-06-15,0
2448,2023-11-13,2021-03-21,0
2092,2022-03-25,2024-10-20,0
2321,2025-03-16,2020-10-24,0
2813,2024-05-29,2021-10-03,0
2409,2025-02-01,2024-06-07,0
2924,2022-11-15,2021-08-18,0
962,2024-02-14,2021-12-10,0
2981,2023-08-29,2021-09-03,1
2318,2024-07-27,2024-09-29,0
1374,2021-03-12,2021-11-12,0
2148,2020-06-13,2024-10-06,0
1676,2020-09-23,2022-09-21,0
2826,2024-08-09,2022-10-31,0
390,2021-09-17,2020-06-25,0
1144,2022-07-19,2020-10-03,0
418,2021-09-03,2020-12-02,0
727,2021-07-10,2024-01-10,1
1163,2023-08-08,2024-05-08,0
57,2022-04-13,2022-10-01,0
488,2022-05-23,2020-12-12,0
795,2021-03-07,2023-06-13,0
1409,2022-04-14,2023-05-28,0
2963,2025-01-12,2022-11-17,0
558,2021-06-25,2020-06-18,0
39,2024-11-13,2020-06-02,0
2220,2023-08-14,2021-10-28,0
1677,2022-03-04,2021-03-26,0
2224,2022-09-16,2024-02-11,0
388,2023-10-27,2023-03-19,0
218,2020-05-06,2020-07-28,0
746,2024-08-07,2023-04-03,0
1138,2021-12-21,2024-02-09,1
1128,2023-09-17,2023-10-21,0
1687,2025-02-02,2022-04-14,1
1963,2022-04-07,2023-03-17,0
2940,2025-01-11,2024-12-20,1
772,2021-02-10,2023-08-30,0
403,2020-08-11,2022-09-19,0
2241,2024-10-09,2020-08-14,0
346,2024-01-16,2020-11-29,0
1408,2020-10-10,2021-01-03,0
1953,2023-06-11,2024-09-29,0
2553,2021-02-16,2023-05-01,1
1834,2021-05-26,2020-08-23,0
384,2022-06-23,2020-08-05,1
1685,2023-10-11,2023-10-15,0
2374,2024-05-20,2021-01-01,1
639,2023-12-19,2022-04-05,0
2243,2022-06-18,2024-03-31,0
1562,2024-11-30,2022-09-18,1
1958,2022-12-05,2024-10-30,0
158,2022-09-07,2022-05-08,0
2966,2024-11-20,2024-09-19,0
2140,2021-04-15,2022-02-09,0
2088,2025-01-28,2022-09-22,0
726,2021-07-20,2023-06-05,0
1444,2023-10-23,2021-03-18,1
2729,2021-01-14,2024-02-07,0
2110,2023-06-10,2024-02-20,0
1437,2021-08-14,2024-11-23,1
1012,2022-05-07,2021-03-06,0
554,2025-02-14,2024-01-30,0
1962,2020-06-17,2021-02-13,0
1847,2021-08-13,2023-11-26,0
2352,2023-06-08,2022-10-03,0
1794,2021-12-23,2022-03-17,0
1496,2021-09-20,2020-07-25,1
1726,2025-03-18,2022-07-03,0
2672,2024-08-10,2021-09-30,0
1728,2024-08-29,2022-10-28,0
1346,2022-04-12,2021-01-30,0
1936,2021-05-06,2024-07-01,1
265,2024-08-07,2024-12-19,0
2316,2025-03-28,2023-08-16,0
2162,2023-03-17,2024-02-16,1
2253,2021-01-19,2024-05-24,0
1494,2020-09-25,2021-03-23,0
1003,2020-07-01,2023-09-21,0
2246,2021-10-10,2021-09-19,1
723,2023-12-08,2020-12-12,0
2319,2022-11-08,2024-08-09,0
621,2025-04-08,2021-01-31,1
1686,2022-05-20,2020-12-13,0
2943,2023-11-13,2020-05-04,0
2365,2021-12-15,2022-06-14,0
1218,2022-11-14,2020-06-04,0
1441,2023-11-18,2024-05-24,0
1877,2020-11-13,2022-07-08,1
1292,2021-03-06,2025-04-04,0
1175,2025-04-20,2023-03-16,0
313,2022-02-25,2023-10-30,0
1626,2023-05-01,2022-02-23,0
578,2024-01-12,2022-04-20,0
931,2021-04-20,2024-10-26,1
356,2022-11-19,2025-01-13,1
996,2022-07-15,2025-01-08,0
852,2020-06-06,2020-11-15,0
1336,2021-04-21,2022-01-27,0
1348,2020-08-22,2025-04-06,0
2837,2022-12-12,2020-12-23,1
93,2025-03-12,2022-05-06,0
2665,2021-03-05,2021-12-12,0
1202,2024-11-24,2021-03-03,0
2759,2025-04-10,2023-06-30,1
555,2021-10-09,2020-08-06,0
2651,2023-12-30,2024-10-22,0
184,2021-04-20,2024-05-12,0
377,2021-07-27,2025-01-04,0
1547,2022-03-25,2024-04-22,0
2881,2021-07-09,2021-03-24,0
186,2021-08-29,2025-04-19,0
796,2023-02-11,2022-09-23,1
759,2023-08-21,2021-07-29,0
2367,2021-12-24,2024-12-21,1
1911,2024-08-30,2022-01-04,0
1898,2022-10-20,2021-05-03,0
2161,2024-09-21,2022-01-14,0
607,2023-02-04,2022-11-13,0
2575,2020-06-16,2024-07-27,0
737,2021-11-11,2022-10-25,0
539,2023-11-21,2023-10-02,0
2107,2024-07-19,2023-09-02,0
745,2025-01-30,2022-12-11,0
91,2021-08-31,2022-01-20,0
268,2023-07-26,2023-06-11,1
760,2023-09-04,2020-10-07,1
1013,2024-09-30,2024-11-03,0
1375,2020-12-13,2022-03-08,0
1738,2024-03-20,2023-10-18,0
442,2025-01-02,2021-11-22,0
1473,2022-09-17,2022-03-09,0
655,2024-07-05,2022-02-19,0
2668,2020-09-23,2020-06-26,0
1420,2020-10-18,2023-08-13,0
659,2023-10-24,2021-10-24,0
1472,2023-10-09,2021-03-20,1
2122,2025-04-19,2023-11-08,1
2203,2022-09-06,2023-04-05,0
718,2024-05-28,2020-05-17,0
135,2021-09-01,2020-09-16,0
2666,2022-03-31,2021-01-13,0
2655,2022-11-23,2024-05-08,0
2621,2022-12-10,2024-07-12,1
738,2020-06-02,2024-10-03,0
1631,2025-04-21,2023-11-12,1
2305,2024-05-27,2022-06-29,0
1828,2021-11-09,2025-04-15,0
2229,2021-02-24,2024-09-23,0
1724,2020-07-29,2022-11-17,0
779,2021-10-24,2023-10-29,0
2050,2024-06-11,2020-10-28,0
1615,2023-04-07,2022-05-17,0
2657,2022-08-24,2023-05-09,1
1008,2025-04-02,2022-02-12,1
1909,2021-04-21,2022-10-08,1
1910,2022-03-26,2022-09-24,0
11,2024-09-11,2021-01-26,0
2741,2024-11-24,2021-11-12,0
839,2024-09-19,2020-05-03,0
547,2023-12-05,2020-07-03,0
2237,2020-10-28,2021-07-27,0
157,2024-08-10,2022-10-13,0
686,2020-09-19,2022-11-17,0
1174,2021-06-08,2024-02-01,0
1564,2022-02-06,2020-06-14,0
2022,2020-10-05,2024-02-23,0
1520,2022-06-26,2023-08-20,0
420,2024-11-25,2020-05-29,0
568,2022-03-24,2022-01-07,0
2816,2021-05-14,2022-08-20,1
1774,2022-04-14,2022-08-11,0
2639,2024-10-13,2021-10-29,1
2097,2023-01-09,2024-01-21,0
1232,2021-11-15,2020-10-01,1
46,2024-07-12,2023-01-02,0
571,2023-08-23,2025-01-20,0
320,2023-02-16,2021-05-17,0
2726,2022-07-06,2022-03-21,0
18,2021-01-09,2024-05-18,0
2086,2021-04-08,2022-10-11,0
2535,2022-08-04,2022-02-12,1
486,2024-06-25,2022-03-12,0
2667,2024-04-02,2024-11-11,0
2363,2022-04-07,2023-01-08,0
55,2021-02-18,2021-10-17,0
2173,2023-09-01,2021-08-16,0
2414,2025-04-23,2025-03-16,0
960,2020-10-28,2024-07-19,0
1113,2023-09-16,2024-08-29,1
857,2020-08-08,2023-12-15,0
1559,2020-07-26,2024-06-12,0
2028,2024-06-08,2021-11-30,0
1579,2022-07-13,2021-01-21,1
2892,2024-10-15,2024-07-11,0
1761,2022-12-07,2025-02-18,1
1990,2023-04-13,2024-07-03,1
2779,2022-05-18,2024-08-11,0
1194,2021-04-25,2023-07-17,0
1421,2021-10-26,2022-11-02,0
934,2023-08-31,2023-12-13,0
970,2020-05-16,2022-06-25,1
2185,2020-10-14,2024-07-05,0
2114,2022-08-21,2023-10-15,0
2434,2024-01-07,2021-12-11,0
2753,2021-09-17,2021-07-08,0
2397,2025-03-19,2021-06-09,0
2845,2025-03-30,2022-09-02,0
637,2023-07-03,2021-03-27,0
2192,2024-08-17,2025-02-23,1
1560,2022-01-01,2024-09-23,0
993,2022-06-10,2022-09-04,0
1060,2024-02-11,2021-03-25,0
2607,2021-11-12,2020-07-21,0
1403,2021-01-08,2022-04-28,0
2036,2022-08-27,2024-01-07,0
2296,2024-06-04,2024-11-28,0
1989,2023-05-05,2020-12-27,1
1475,2021-05-08,2024-10-05,0
2811,2024-12-14,2021-01-13,0
1208,2021-07-07,2021-07-04,0
1582,2024-11-22,2024-02-24,0
1238,2023-11-06,2024-07-09,0
1195,2020-08-06,2022-09-14,1
1134,2023-10-31,2022-12-22,0
1411,2020-08-28,2024-07-02,0
2182,2021-04-21,2020-07-24,0
2683,2024-04-02,2023-02-26,0
189,2023-07-16,2021-10-31,0
695,2021-03-13,2023-06-19,0
2800,2024-11-04,2020-05-18,1
1530,2022-03-26,2020-07-11,0
23,2022-03-11,2024-03-10,0
2299,2021-01-23,2024-07-24,0
1153,2022-06-18,2024-12-30,0
1335,2020-11-05,2024-07-03,0
1199,2023-08-31,2020-07-18,0
1957,2020-12-23,2021-01-06,0
2676,2024-08-29,2024-10-24,0
83,2025-04-14,2020-10-23,1
361,2021-06-06,2024-03-10,0
169,2020-06-21,2023-01-01,0
171,2023-11-03,2021-09-09,0
2613,2024-10-21,2020-12-05,1
2216,2024-09-19,2024-08-16,0
236,2021-05-01,2023-11-19,0
262,2020-06-27,2024-06-08,0
925,2021-11-23,2021-08-17,1
2748,2023-11-02,2021-11-12,0
1629,2022-10-12,2022-11-30,0
196,2023-07-21,2021-10-20,0
747,2023-03-16,2023-07-14,0
1638,2024-02-26,2024-03-27,0
584,2022-10-23,2022-06-02,0
822,2024-11-12,2020-12-17,0
1433,2021-11-15,2022-04-01,0
1146,2024-06-06,2021-04-23,0
1157,2020-08-18,2024-12-21,0
948,2022-10-17,2023-06-29,0
1186,2024-03-29,2020-08-31,0
1239,2020-05-18,2023-02-13,0
1507,2021-03-23,2020-07-19,0
1385,2025-03-17,2024-08-11,0
2487,2023-04-25,2021-05-25,0
1291,2022-08-25,2020-11-17,1
2081,2023-05-10,2021-12-08,0
2038,2023-07-30,2022-12-03,0
2803,2022-07-12,2023-11-20,1
2616,2024-08-02,2023-09-06,0
2792,2024-03-13,2021-03-01,1
2780,2023-01-02,2024-11-09,0
1986,2023-09-29,2025-03-29,0
1158,2023-05-18,2021-08-22,0
890,2023-04-12,2025-01-25,0
1149,2023-05-03,2024-08-21,1
2186,2023-04-06,2024-08-08,1
490,2022-02-05,2024-03-24,0
2937,2023-05-28,2024-04-21,0
2223,2022-12-14,2024-05-09,0
312,2021-08-09,2023-06-24,0
335,2024-12-20,2025-04-05,0
1280,2024-09-01,2021-07-17,0
2874,2022-05-30,2020-08-13,0
1150,2022-11-29,2022-04-17,1
859,2024-01-25,2021-09-17,0
2957,2025-03-11,2020-08-02,0
879,2024-11-03,2023-03-08,1
25,2023-02-07,2025-02-08,0
959,2023-03-18,2025-04-21,0
2939,2021-09-18,2023-01-26,0
1136,2020-04-28,2024-08-19,1
1799,2023-01-07,2025-04-26,0
2654,2021-05-26,2021-07-12,0
1145,2021-10-22,2024-09-30,1
1616,2024-09-22,2025-03-30,0
4,2023-08-17,2020-11-13,0
1709,2024-04-21,2023-06-18,0
253,2023-03-13,2023-05-09,0
1268,2020-12-08,2023-03-13,0
2394,2023-07-08,2023-12-03,0
64,2022-06-07,2024-10-14,0
2236,2023-02-11,2023-06-16,0
494,2023-10-28,2025-03-30,0
2678,2023-07-29,2025-02-22,1
2084,2024-06-05,2024-04-28,0
100,2022-10-16,2021-09-25,0
645,2023-07-31,2024-06-27,0
112,2024-09-21,2025-02-06,1
2326,2024-10-11,2021-11-05,0
254,2020-05-13,2024-12-07,0
2215,2024-11-26,2020-06-04,1
741,2023-01-19,2022-03-19,0
2661,2021-11-11,2025-04-04,1
1543,2024-02-19,2023-03-03,0
940,2023-08-07,2021-12-21,1
1102,2023-02-23,2022-06-02,0
1594,2025-03-12,2022-09-02,0
400,2021-01-11,2020-10-07,0
1181,2023-11-11,2022-02-12,0
66,2024-12-19,2023-02-05,0
599,2023-09-03,2023-09-02,0
2520,2021-05-27,2021-03-13,0
2955,2024-08-26,2020-06-08,0
2267,2022-01-12,2020-06-26,0
2037,2024-01-11,2022-09-18,1
1641,2023-09-17,2021-11-05,0
243,2021-11-15,2021-08-13,1
634,2024-07-13,2020-09-23,1
1023,2024-09-03,2024-08-03,0
1835,2023-08-18,2024-04-11,0
43,2022-04-11,2021-04-18,0
2488,2025-01-04,2023-05-23,0
915,2021-09-04,2023-02-08,0
2567,2023-03-14,2023-05-28,0
963,2024-09-07,2022-09-18,0
1621,2020-11-05,2023-06-01,0
909,2021-12-01,2020-12-09,0
777,2020-10-11,2024-07-11,0
2840,2021-03-17,2023-04-18,0
2686,2024-12-29,2023-02-12,0
2953,2023-05-22,2021-03-11,0
2303,2022-07-17,2024-01-18,0
1590,2024-06-10,2023-01-28,0
666,2021-05-18,2021-08-26,0
2852,2022-10-24,2024-06-18,1
1665,2022-11-13,2023-01-12,0
2513,2024-01-10,2023-04-19,0
2627,2023-03-06,2023-07-13,0
1599,2024-02-22,2022-11-30,0
1630,2021-01-25,2024-12-27,1
2398,2021-09-26,2022-06-17,0
1225,2020-10-12,2023-03-15,0
2542,2023-06-19,2022-06-13,0
1965,2020-12-15,2024-09-12,0
2783,2021-05-01,2024-12-07,1
134,2024-07-07,2022-07-01,0
681,2023-08-06,2024-08-24,0
88,2024-04-15,2022-06-17,0
798,2020-08-22,2024-12-06,1
1733,2024-10-02,2022-10-16,0
1438,2022-03-15,2023-11-23,0
102,2023-09-22,2021-11-14,0
374,2021-11-20,2025-02-19,0
2990,2023-05-13,2023-12-03,0
2615,2021-12-29,2025-02-27,0
2956,2021-06-11,2021-07-23,0
842,2023-09-24,2021-10-22,1
1360,2023-11-24,2020-07-10,1
209,2022-05-05,2020-12-18,1
2404,2021-09-14,2023-11-29,1
804,2021-04-01,2021-07-16,0
2951,2021-10-30,2020-05-29,0
1031,2024-04-09,2020-04-27,0
1779,2023-12-14,2021-05-24,0
479,2021-05-30,2022-08-12,0
2335,2024-03-07,2023-05-23,1
1273,2021-01-27,2022-02-14,0
2598,2023-09-22,2020-05-28,0
680,2020-05-22,2024-10-09,0
1670,2021-11-20,2024-10-12,1
258,2023-03-24,2024-07-13,1
1690,2023-04-08,2022-07-16,0
2325,2022-09-04,2021-12-23,0
417,2023-08-02,2023-09-20,0
1523,2023-09-16,2024-07-11,0
2640,2021-08-24,2023-06-10,1
950,2022-11-23,2025-04-26,0
685,2020-09-09,2023-01-08,0
309,2024-09-21,2021-09-06,0
183,2024-01-13,2021-01-13,1
1219,2021-03-01,2021-04-02,0
2740,2023-07-06,2021-11-08,0
2320,2022-07-17,2020-08-23,0
1279,2023-03-12,2023-01-15,0
1772,2020-06-04,2022-03-10,0
1959,2023-08-25,2021-06-19,0
2208,2024-05-03,2023-04-01,0
2574,2022-04-29,2023-07-19,0
2842,2024-09-12,2025-01-13,0
159,2025-03-17,2022-09-22,0
2298,2024-05-18,2025-03-22,0
1838,2022-01-03,2023-03-29,0
2704,2022-04-30,2022-01-24,0
569,2020-05-24,2024-06-14,0
1489,2023-02-18,2021-11-05,1
1366,2022-06-26,2025-03-31,0
2597,2020-07-29,2024-01-08,1
989,2021-09-13,2021-07-20,0
438,2024-10-05,2021-11-07,1
1458,2022-01-01,2022-05-12,0
1446,2024-02-01,2021-10-26,0
1585,2024-10-26,2022-12-18,0
338,2024-02-05,2022-10-11,0
2151,2022-09-23,2023-06-30,1
566,2021-02-26,2024-12-27,0
825,2021-05-10,2021-10-21,0
2439,2022-02-16,2022-08-24,0
2849,2022-03-20,2023-02-14,0
35,2022-01-21,2022-08-27,1
2646,2020-09-07,2021-10-17,0
1969,2022-05-26,2023-07-16,0
2945,2022-02-18,2020-12-28,0
923,2023-08-01,2024-05-03,0
757,2024-03-28,2020-10-23,1
1846,2022-01-19,2023-07-04,0
2447,2022-12-19,2023-03-26,0
1606,2025-01-26,2024-11-03,0
1070,2021-08-13,2020-12-16,0
1851,2020-06-16,2022-05-01,0
2089,2022-11-24,2024-08-18,0
56,2023-12-11,2022-10-02,0
1782,2024-04-22,2021-07-19,0
2090,2024-04-04,2023-01-20,0
282,2020-12-28,2022-07-11,0
1096,2021-04-04,2023-10-16,0
1311,2020-05-26,2024-09-07,0
225,2024-05-16,2023-08-25,0
1780,2020-09-17,2023-10-23,0
2007,2022-07-19,2021-05-15,1
1701,2022-02-28,2021-10-11,1
2872,2023-10-14,2021-05-23,0
389,2023-05-01,2022-03-01,0
292,2024-03-21,2021-09-12,1
1080,2021-10-30,2022-02-12,0
1742,2024-10-11,2020-12-30,0
2663,2022-01-15,2024-04-10,0
95,2022-01-05,2024-02-09,0
2864,2020-05-02,2024-06-04,1
862,2023-06-13,2023-04-27,1
1029,2021-04-09,2020-06-04,0
2596,2022-10-18,2022-01-21,0
316,2024-12-06,2021-11-22,1
2169,2020-12-10,2023-07-19,1
1112,2024-05-23,2025-01-25,0
1627,2023-10-07,2021-04-22,1
1703,2021-12-23,2020-12-26,0
719,2022-08-29,2023-12-31,0
2312,2022-06-23,2024-06-03,0
734,2020-06-23,2024-04-19,0
2132,2020-11-02,2020-06-19,0
854,2020-10-02,2020-09-25,0
701,2023-03-26,2024-10-12,0
238,2021-12-14,2022-09-12,0
1865,2024-09-20,2024-09-27,1
653,2022-01-07,2023-06-18,0
736,2022-09-05,2023-12-13,0
1184,2023-05-30,2022-07-10,0
2906,2022-04-13,2020-05-28,0
2480,2021-08-31,2021-06-03,1
2893,2021-08-31,2024-05-15,0
2579,2023-07-15,2024-09-19,1
2910,2021-09-11,2021-01-21,0
2210,2025-02-13,2023-07-21,1
2417,2021-04-07,2022-07-17,0
273,2023-11-06,2024-04-03,1
2469,2023-04-16,2020-12-12,1
51,2023-08-10,2022-05-03,1
1480,2020-07-02,2023-05-24,0
2650,2021-05-26,2021-03-21,0
181,2025-02-10,2020-07-09,0
748,2024-07-06,2022-08-20,0
819,2024-05-14,2021-06-24,0
1205,2024-07-02,2022-09-09,0
2742,2021-09-02,2021-07-25,0
1647,2020-11-29,2020-12-17,0
1597,2021-02-20,2022-11-17,0
1502,2022-03-22,2024-05-30,0
2012,2020-09-13,2024-07-25,0
1906,2023-08-21,2024-12-11,1
485,2020-05-23,2024-06-01,0
1200,2020-08-06,2022-06-11,1
563,2021-10-03,2023-12-20,1
