customer_id,adoption_status,percentage_decrease_in_non_renewable_energy_consumption_in_the_last_year,green_energy_adopted
2139,0,68.114002,0
1697,0,29.915096,0
1243,1,77.782385,0
1498,1,81.605137,1
1187,1,65.242970,0
716,0,26.977237,1
2889,0,-18.992997,0
2885,1,80.133493,1
2213,1,94.900911,0
2710,0,52.320336,0
1140,0,87.934315,0
452,1,71.124267,1
111,1,78.769806,0
1020,1,67.188909,0
1574,0,46.068176,0
1719,0,-129.657536,0
1034,1,59.093244,0
2055,0,57.138480,0
1301,0,65.447645,1
2624,0,15.974628,0
2804,1,41.874992,0
2967,1,71.919083,0
1645,0,75.324722,0
564,0,95.819388,0
2258,0,90.226580,0
255,1,76.845146,0
573,1,90.521453,0
806,0,81.067955,0
619,0,-154.184946,0
2891,1,52.443356,1
2183,0,78.828088,0
2290,1,69.452076,0
2810,1,74.891803,0
861,0,-4.025154,0
1356,1,39.529240,0
2212,0,66.865298,0
506,0,26.566213,0
2932,1,58.445556,0
2617,1,75.366839,1
284,1,93.259635,0
1267,0,79.058098,0
1679,1,-45.195304,0
336,1,64.939630,0
2078,1,85.564694,0
1942,0,45.988692,0
2623,0,63.612664,0
2458,1,86.664119,0
581,1,28.807312,0
2796,0,25.470933,0
1674,0,-124.266578,0
2073,0,75.516424,0
1378,1,37.929891,1
74,0,78.026840,0
1773,1,-198.277489,1
1525,0,69.138893,1
2342,1,-28.401629,0
212,0,47.712516,0
1453,1,44.895819,0
207,0,-296.798320,0
1955,1,52.735111,0
1536,0,54.846772,0
2376,1,47.373319,1
22,0,-162.701848,0
1661,1,35.523967,0
979,0,-198.667419,0
480,0,-23.913411,0
2281,1,88.883919,0
876,1,-62.965162,0
1019,0,-163.241603,0
2159,0,74.576527,1
1474,0,22.730835,0
239,0,47.935443,0
1095,0,12.547721,0
264,0,36.167490,0
1129,0,73.136115,0
790,1,89.505815,0
2474,1,96.227552,0
2276,0,-66.961984,1
2184,0,-56.003062,0
2268,0,89.821458,0
531,1,-201.211748,0
1025,0,27.003607,1
2698,0,86.912432,0
1260,1,33.321506,0
1425,1,80.122181,0
1307,0,71.429450,0
700,0,38.900704,1
1361,1,38.816941,0
386,0,63.178370,0
2355,0,-4.914601,0
2369,0,59.331395,0
1117,0,97.554476,1
1373,0,7.608069,1
40,1,71.576881,0
208,1,-72.509940,0
1426,1,64.491505,0
79,0,58.905452,0
1914,0,81.915403,0
2909,1,37.363201,0
1941,0,80.264740,0
2594,1,95.581304,1
222,0,-50.700603,0
813,0,82.646727,1
1269,0,76.061144,0
1058,1,-162.894002,1
308,0,84.849150,0
1987,0,36.267253,0
85,1,52.745160,0
2544,1,95.017728,1
2311,0,46.556775,0
2152,1,60.651990,0
2968,1,83.717318,1
567,0,-1.880140,0
1651,1,35.406223,0
2894,0,-45.002449,0
2418,0,63.466991,1
1604,0,91.046228,0
751,1,77.987226,0
802,1,64.945626,1
1030,0,69.856606,0
618,1,90.299616,0
2771,1,16.292326,1
453,0,27.005969,0
870,1,30.244857,0
206,1,30.552712,0
2200,0,71.491016,0
1250,0,-87.153236,0
1293,1,-10.953300,0
1295,1,95.593588,0
203,0,57.686459,0
662,1,80.673217,1
1717,0,82.593537,1
381,0,43.961947,0
2832,0,69.463890,0
1278,1,90.618315,0
1027,1,83.540791,0
2693,0,11.610933,0
1654,1,65.861972,0
1968,1,53.710683,0
2895,0,89.946497,1
2221,0,61.555046,0
349,0,-0.197800,0
2225,0,78.490720,0
2608,0,-203.497658,0
991,0,95.631531,1
922,0,75.195804,1
2181,0,40.249304,0
1087,0,-132.970320,0
2360,0,-3.859598,0
670,0,74.338108,0
1210,1,47.344860,0
202,1,88.777946,1
1994,1,77.810013,0
2402,0,-14.930854,0
1609,1,-50.780989,0
1993,1,70.421934,1
912,0,82.062077,0
2270,0,33.598183,0
1671,1,63.434699,0
2113,0,77.228434,1
2568,0,62.707401,0
1823,1,87.450941,0
318,0,72.838940,0
1882,0,36.742969,0
896,0,43.559534,1
939,0,30.905050,1
1979,1,93.874676,1
1304,1,-206.755197,0
774,1,82.933193,0
1492,0,-94.925634,0
2451,0,33.947577,1
117,0,32.312959,0
2368,0,-89.734159,0
2327,0,39.832310,0
2128,0,94.125010,0
1732,0,-42.357262,1
220,1,94.579133,0
1347,0,69.660504,0
2370,1,10.667847,0
693,0,68.985093,0
2277,0,47.970687,0
947,1,81.644309,0
2511,1,85.668908,0
1284,0,92.565791,0
1508,0,46.142563,0
706,1,83.158104,1
865,1,44.556074,0
2998,0,45.031662,0
1777,0,92.318557,1
1457,1,90.505903,1
1840,0,-92.046250,0
2423,0,84.007542,0
383,0,86.500788,0
2125,0,62.236685,1
433,0,59.873802,1
2144,0,96.574402,0
44,1,-54.664004,0
787,1,32.425694,0
2359,0,87.730093,0
2921,0,68.692936,0
733,0,96.685969,1
1841,0,91.863155,1
1900,0,80.589527,0
1826,0,44.324250,1
2066,1,74.062343,0
562,1,89.162210,0
2197,0,65.073306,0
2251,0,60.707850,1
1946,1,66.116709,0
1855,0,82.840136,0
50,1,82.437419,1
1206,1,11.316362,0
1079,0,-106.324902,0
754,0,-47.327528,0
34,1,-42.281584,0
1915,0,-164.312632,0
1382,1,94.142482,0
2823,0,94.051833,1
866,1,-2.604439,0
213,1,80.318086,1
2928,1,87.240908,0
404,0,78.652434,0
2121,1,62.014982,1
2733,1,48.447333,0
63,0,78.060406,0
113,0,-182.018232,0
463,1,90.815980,0
1933,1,42.782451,0
1235,1,94.115430,1
2508,0,52.577518,0
836,1,76.934194,0
405,1,53.879959,0
108,1,52.891186,0
1866,1,-4402.041855,0
2198,0,57.665888,0
910,1,40.529438,1
2660,0,2.216627,0
123,1,65.968766,0
1639,0,75.993119,0
503,1,69.041700,1
1754,0,64.876587,1
2929,1,80.988240,0
2209,0,37.192767,0
246,1,71.845461,0
771,0,92.317748,0
2207,1,-24.033234,0
1075,0,85.479313,0
1104,0,-114.958980,0
1462,0,94.066650,0
1423,1,79.203176,0
2228,0,21.073946,0
2381,1,33.486289,0
1707,0,88.307119,0
1662,1,88.441919,1
31,1,-39.947314,1
2154,0,88.651884,0
1390,1,75.348846,0
332,0,38.236993,1
138,1,65.867343,0
2566,1,43.301326,0
1167,1,54.681304,0
1333,1,91.726791,1
1318,0,60.399999,0
482,0,68.049470,1
1370,0,67.825575,0
522,0,83.792319,0
2206,0,20.162718,0
997,0,88.425718,0
2026,1,71.368483,0
1161,0,65.770798,0
1813,0,57.153406,0
511,0,31.444047,0
1045,1,83.691190,0
1024,0,-82.255278,0
302,0,83.951625,1
1723,0,45.239091,1
1272,0,75.749523,0
821,0,4.546625,0
1978,0,87.761113,1
2997,0,26.150171,0
526,0,90.355372,1
2933,0,-180.297931,0
2068,1,-350.737293,0
2344,1,-258.280595,0
622,0,16.334367,0
1204,0,84.122038,0
341,0,45.167268,0
1786,1,81.048616,0
1793,1,-169.834778,0
2163,0,36.601589,0
1592,1,82.389830,0
2805,0,42.626973,0
2476,1,-668.329436,0
632,0,91.087586,1
2291,0,-30.063249,0
585,0,34.784873,0
674,1,6.625250,0
2403,1,21.547955,0
2191,0,6.246663,0
1299,0,79.938732,0
2021,1,94.715166,0
1154,0,75.340290,0
1668,0,61.515053,0
270,1,-52.836738,0
2527,0,-13.531637,1
968,0,7.921347,1
691,0,75.046211,0
2972,0,43.149646,1
966,1,73.643571,0
1750,1,49.464188,0
2242,0,8.821238,0
2738,0,51.189229,0
2214,1,70.577803,0
1816,0,89.423296,1
2056,1,81.092015,0
527,0,72.851101,0
1183,0,-115.173655,0
994,1,21.146354,0
2031,0,83.561664,0
2865,1,45.802357,0
2058,1,11.943590,0
783,1,77.837336,1
1526,0,65.492222,0
29,1,78.495604,0
2603,0,41.119841,1
502,0,-76.201796,0
2908,0,97.240858,0
2019,1,45.125560,0
315,1,43.673723,0
1764,1,-15.076799,0
355,1,53.223229,0
2111,0,97.044345,0
1550,0,-219.320186,0
999,1,77.832033,0
698,0,23.040040,0
290,1,47.645298,1
1216,1,74.766570,1
299,0,91.822224,0
1182,0,41.465945,0
1392,1,74.134316,0
1895,0,64.214570,0
1317,1,59.490086,0
609,0,68.163904,0
613,1,81.053256,0
1090,0,14.815404,0
1263,0,42.969093,1
1571,0,47.666102,0
1334,1,53.859776,0
2911,0,-350.807851,0
2106,1,-27.086455,0
2590,0,-305.643208,0
588,1,25.318602,0
1787,1,71.728089,0
427,1,86.492854,0
2563,1,89.255640,1
1055,0,68.143900,0
972,1,53.865993,0
888,1,33.919228,0
874,0,-187.688940,0
2231,1,50.045997,0
1513,1,-83.876124,0
2648,1,75.699802,0
1538,0,76.531916,1
1107,0,85.452210,0
323,1,97.148671,1
1261,1,52.171949,0
1657,0,6.206542,1
834,1,49.970593,0
1294,0,67.029716,0
49,1,-732.967442,0
145,0,-33.632531,0
2331,1,89.710534,0
2385,1,29.733044,0
247,1,-296.450031,0
1442,1,93.556464,0
2016,0,0.572562,0
1655,1,-10.758223,0
1734,1,20.639053,0
2499,0,-80.323851,0
1063,1,29.459019,0
1240,1,63.936338,0
2799,0,76.408757,1
665,0,-106.050257,0
1700,1,94.879042,1
873,0,-4.800631,0
776,1,79.974444,0
853,1,73.758490,0
1486,1,71.376995,0
803,0,19.192214,0
943,1,81.199312,0
2595,1,-63.632523,0
1556,1,19.839616,0
293,0,99.621759,0
2767,1,67.460940,0
810,1,70.116145,0
1455,0,44.012472,0
2051,0,76.699902,0
513,1,31.631430,0
2393,1,-535.809116,0
1984,1,27.323286,0
1810,0,48.055442,0
360,1,81.564924,0
538,0,79.876201,0
2692,0,-166.380344,0
2713,1,99.550957,0
1613,1,-25.003654,0
933,1,98.062463,0
1646,0,-122.903992,0
1551,0,49.961548,0
1991,0,-404.998489,0
1371,0,51.874261,0
980,1,28.214541,0
1339,1,66.338660,0
1581,0,43.502259,0
878,1,11.334127,0
711,1,85.626276,1
2673,0,75.462518,0
48,1,91.599898,1
1939,1,55.238919,0
402,1,59.568371,0
1666,0,78.990271,1
1973,1,79.006816,0
408,0,21.661458,0
2787,0,89.574244,0
2035,0,65.008128,0
125,0,-376.457542,0
1084,0,91.083748,0
1934,1,-89.180429,0
529,0,69.295998,0
815,1,70.789823,0
643,1,-39.801739,0
1051,0,-18.602448,0
601,1,67.852884,0
148,1,43.875282,1
510,0,-449.409853,0
1193,0,-93.982488,0
1807,1,92.912047,1
2899,1,58.051351,1
359,1,78.112133,0
1214,0,64.745431,0
2509,1,80.852623,0
1065,1,49.853419,1
2177,1,53.615449,0
1276,1,75.809152,1
2592,1,40.926139,0
2120,1,87.373209,0
2788,1,77.215771,1
2308,1,86.339167,0
139,0,50.081904,0
128,0,66.168969,0
2766,1,28.235029,0
1168,1,60.342609,0
2702,0,-55.225134,0
2506,1,71.992422,0
294,1,28.033529,0
228,1,99.990180,1
1126,0,89.638912,0
1207,1,82.344809,0
2524,1,18.211978,0
1440,1,87.529055,0
1974,0,-269.202257,0
2877,0,86.170204,0
2054,0,38.179670,0
441,1,78.921250,1
179,1,77.744369,0
1524,0,66.987469,1
2946,1,75.874179,1
1961,1,77.968629,1
1829,1,-797.554979,0
1349,1,72.888141,0
2020,0,-414.523907,0
1503,0,16.363397,0
900,0,99.386818,1
33,0,97.954704,0
2462,0,51.569470,0
466,0,99.005318,1
1427,0,56.252595,0
2807,0,90.465572,0
610,1,69.118192,0
1566,1,18.405826,0
472,0,94.716895,1
2504,1,-88.806780,0
2286,1,49.342634,0
325,0,20.092221,0
168,1,35.129709,0
1605,1,50.079804,0
449,0,60.619973,0
1889,1,85.265308,0
589,1,31.130379,0
807,0,-33.316257,0
2244,0,69.956539,0
2730,1,83.936576,0
193,0,-110.982832,0
1099,1,31.032976,0
75,1,31.283235,1
2430,1,83.369111,1
436,0,42.228556,0
394,1,93.267094,0
576,1,53.865916,0
1950,1,64.882346,0
903,1,69.138946,1
1266,0,-47.196020,0
1231,0,83.345204,0
1241,0,12.892220,1
2482,0,-124.351951,0
1355,1,69.485125,1
2264,0,81.318342,1
69,0,73.592932,0
1792,0,-169.070222,0
363,0,-23.718505,0
1573,1,43.758480,1
13,0,23.789489,0
1890,0,81.298804,0
426,0,77.214181,0
1337,1,59.355153,0
2199,1,79.223331,1
1325,0,69.633039,0
1881,1,84.084354,1
235,0,57.283397,0
1996,1,65.309831,0
382,1,40.922825,0
2189,0,85.815480,0
1918,1,62.540768,0
1217,1,89.881173,0
504,1,74.995613,0
2993,0,95.209186,1
631,0,36.150891,0
291,1,36.202017,0
1320,1,94.406124,0
160,1,80.132455,0
2707,1,56.183486,1
2717,0,44.916826,0
2723,1,88.909256,1
1209,0,-161.541776,0
1718,1,59.094030,0
350,0,-68.429363,1
443,1,77.305285,0
1561,1,54.399992,0
231,0,3.643381,0
2005,1,-108.841524,0
2108,0,70.480680,0
1680,0,86.761121,0
1695,1,-73.642307,1
2554,1,86.471209,0
2364,0,31.354205,0
977,1,48.345876,0
2306,0,70.062232,0
2983,0,59.473503,0
1659,1,87.425294,1
530,1,77.020161,0
2765,0,-287.708175,0
1358,1,88.920262,0
949,1,83.720143,1
2982,1,50.746494,0
1929,0,84.998609,1
1290,0,74.389961,1
2814,0,17.770147,0
406,1,87.216488,1
840,0,84.413828,0
2174,0,68.075781,0
1917,0,73.230788,1
2614,1,85.083054,1
1802,0,68.264977,0
1785,0,-28.548792,0
1497,0,3.567123,0
1790,0,76.396038,1
215,1,85.466243,0
2571,0,-94.829874,0
500,1,70.064557,0
1022,1,-18.105833,0
24,0,8.687547,0
1062,0,23.342624,0
210,0,45.896651,0
1072,0,69.379256,0
1482,1,89.520937,1
1755,1,73.506450,0
1583,1,37.218597,1
188,1,4.060281,0
2479,1,92.221991,0
2293,0,-205.090859,0
2136,0,87.085004,0
2776,0,80.102991,0
98,0,37.641312,0
2218,0,67.307589,0
1327,1,-10.719332,0
2659,1,53.477343,0
708,1,15.610649,1
1468,0,63.372380,0
2400,0,-6.031707,0
2701,1,-12.382851,0
978,0,63.329019,0
1089,0,54.760719,1
2341,0,69.409389,0
2560,0,91.212468,1
2532,1,47.721010,0
454,0,84.356012,0
2720,0,82.624746,1
2475,0,82.232372,0
2977,0,44.590704,0
1860,0,71.689606,1
2079,1,79.027334,0
627,1,59.507339,0
2839,0,65.817898,1
30,1,81.776461,0
32,0,85.198221,0
710,0,-433.014934,0
1567,1,86.003460,0
1539,0,80.657919,0
1634,0,90.983181,0
2578,1,85.918850,1
1147,0,90.408909,0
785,1,89.492812,0
830,0,17.208605,0
577,0,-56.785899,0
2547,1,79.144425,0
2440,1,40.664973,0
1340,0,74.986597,0
615,0,97.904707,0
2501,0,-23.034645,0
906,1,76.914486,0
1730,0,95.493031,0
2426,0,92.075331,0
1071,1,95.794196,1
1832,1,78.943223,0
1923,0,53.633927,0
368,1,70.721409,0
705,0,49.072132,0
431,0,92.533404,0
1016,1,69.739978,0
2041,1,72.346077,1
2431,1,81.974137,0
2557,0,95.979625,1
419,1,41.328679,0
1064,0,39.808211,0
2555,1,41.587722,0
1056,0,68.114812,0
1324,0,53.341456,0
1848,1,69.610980,0
1069,0,-4.089207,0
2083,0,-11.002634,1
1601,1,93.504201,0
2696,0,98.364575,0
1856,0,-120.613758,0
1097,0,23.432064,0
663,0,-1477.119242,0
2460,1,50.183225,0
2539,0,-23.169640,0
2642,0,68.130261,0
428,1,59.646302,0
133,1,-60.134371,0
1465,0,96.357120,0
2525,0,48.456732,1
165,1,60.044316,0
2756,1,98.137175,0
1452,0,-22.206291,0
1338,0,99.833318,1
932,0,-35.205191,0
860,0,62.722136,0
2074,0,94.214869,0
717,0,59.078922,0
668,1,-7.629607,1
2907,1,47.939140,0
2001,0,81.320279,0
2351,0,94.534561,0
1884,1,81.250746,1
1684,0,38.180693,1
2962,0,75.985884,0
2674,0,96.568749,1
2129,0,58.857608,1
2217,0,45.933208,0
1908,0,72.690999,0
233,1,58.235196,0
109,1,84.995011,1
366,0,24.406771,1
261,1,94.335108,0
688,1,69.514188,0
1164,0,35.808385,0
1568,1,62.106616,0
140,1,80.001974,0
638,1,42.483630,0
1173,0,87.698058,0
766,1,-6.029460,0
1367,1,78.535928,0
671,1,52.153992,0
1395,0,50.489412,0
1309,1,-6.777467,0
2003,0,92.126170,0
957,1,86.972342,0
2309,0,51.460725,0
1879,1,72.161861,0
1201,1,-26.986871,0
1699,1,98.402999,1
885,0,6.347751,1
692,1,84.184402,0
1751,0,44.490929,0
2897,1,84.856363,0
1903,1,72.304647,0
2230,1,87.439012,1
1271,0,-244.081397,0
256,1,54.006539,0
2165,1,0.000000,0
1353,1,65.523444,0
546,0,68.811919,0
2384,1,52.522749,0
154,0,75.713784,0
20,1,14.954825,0
1245,1,90.077175,1
412,0,-229.157729,0
348,1,80.054238,0
1485,1,48.807977,0
468,0,84.065731,0
2049,1,47.941759,0
2782,1,-53.728414,1
358,0,77.201987,0
1516,1,93.601547,1
2570,0,84.678789,0
2024,1,36.807403,0
1947,0,82.118975,1
1302,1,-154.309077,0
553,0,96.345742,0
1808,0,12.599704,0
1945,1,-116.829144,0
892,0,81.381525,1
928,0,84.922261,0
1715,1,98.391781,1
122,0,68.368427,1
2455,0,79.078005,0
2265,0,93.575866,0
792,0,85.681242,0
2150,0,73.285222,0
303,1,14.144223,0
1692,1,-9.260916,0
1017,0,80.545416,1
1937,1,-59.900953,0
1122,1,58.501385,0
1198,1,75.137123,0
2180,1,4.167444,0
714,0,63.739633,0
1405,0,74.519498,0
1842,1,61.044190,0
2387,0,72.359597,0
1316,1,17.306046,0
1086,0,-18.890100,0
1132,0,56.531662,0
2927,0,80.394956,1
1944,0,80.065717,0
1081,1,-2.429971,0
1854,0,33.837955,0
1588,1,77.771285,0
38,0,63.337923,1
2138,0,74.398809,0
2356,1,63.604471,0
2580,1,59.856472,1
1377,1,43.409127,0
37,1,75.647167,0
867,1,-25.373490,0
2496,0,70.481301,0
1982,0,75.369660,0
2324,1,77.345946,0
2432,1,87.661765,1
2379,1,82.776722,0
1057,1,82.997567,0
2093,1,58.960930,0
1495,0,92.650718,0
1237,1,-87.558382,0
2900,1,-5.933366,0
2337,0,70.392928,0
1014,1,32.673912,1
103,0,49.457033,1
2576,0,79.649288,1
289,0,78.981848,0
1756,1,73.478021,0
2234,1,-108.585518,0
1614,0,-453.582319,0
1422,1,98.812939,1
2500,0,71.742036,0
2254,1,67.083462,0
1119,0,-136.938668,0
2075,0,28.706697,0
1171,0,80.697333,0
2922,1,-421.421095,0
2757,1,29.447676,0
21,0,76.509789,0
1054,1,82.258174,0
1504,1,72.166358,0
2790,0,78.899695,0
914,1,2.556828,0
544,0,-348.286376,0
2406,0,75.078336,1
151,0,6.354622,0
2445,0,71.004863,1
2375,1,75.795931,0
1505,1,83.484482,1
2322,0,78.894862,0
817,0,76.134613,0
1226,1,88.332395,0
2102,1,60.407244,1
2629,1,63.950118,0
2245,1,62.629481,0
2099,1,87.886979,1
36,1,97.683015,0
1517,1,80.933097,0
1729,1,46.821437,1
392,0,42.364191,0
2457,0,-64.074698,0
1148,0,70.274326,0
2952,1,70.338716,0
2854,1,82.846756,0
2323,0,20.323658,0
891,1,45.587511,0
636,0,75.600167,0
1228,1,45.360018,0
226,1,73.374954,0
684,1,74.318368,0
1872,0,85.430185,1
1256,0,91.734524,0
460,1,37.297258,0
676,1,-17.271465,0
378,0,91.014060,0
214,1,78.501626,1
831,1,79.536788,0
829,0,13.269131,0
955,0,44.122648,0
1518,1,3.402442,0
2420,0,95.870120,1
1169,1,42.563502,0
2017,0,-71.448486,0
1,1,63.307501,0
276,1,-52.193036,0
1767,1,44.846522,0
1852,1,91.447153,1
679,1,53.901312,0
416,0,95.356834,0
1357,0,74.197426,1
2015,0,75.903520,0
2846,1,58.987613,0
2295,1,70.779547,1
2778,0,-14.344680,0
1675,1,64.578173,0
1869,1,64.565153,0
808,1,24.311013,0
2275,1,-75.157288,0
476,1,35.386454,0
104,1,82.220168,0
1103,1,64.133149,1
1332,1,62.330414,1
791,0,-50.782098,0
743,0,73.804351,0
2433,1,84.774686,0
1584,1,43.465243,1
489,0,84.114744,1
2357,0,63.766242,0
881,1,79.312548,0
2179,0,47.892428,0
2239,1,5.982265,0
559,1,-23.767202,0
1484,0,17.254887,0
593,0,26.936329,0
2104,0,62.378990,0
1254,1,70.628274,0
2859,1,81.641414,0
2287,1,55.824220,0
1983,1,71.071148,0
1229,1,-41.936276,0
2248,1,-42.598042,0
1722,1,-204.278930,0
2913,0,-241.825865,0
828,0,69.738237,0
2103,0,-105.683886,0
1018,0,56.338896,0
990,0,61.986277,0
1223,0,-24.479738,0
1116,0,66.577651,1
1586,1,54.445132,0
2477,0,23.516188,1
682,1,84.005135,1
793,1,82.458961,0
2978,1,99.565199,1
2744,0,45.437477,0
913,1,70.213759,1
1094,1,90.521668,0
72,1,-260.661618,0
800,0,-111.543142,0
1397,1,1.244093,0
2350,0,-4.529587,0
2543,1,65.669308,1
1905,1,24.100499,0
1521,0,-27.260935,0
1637,1,43.857991,0
1658,0,-59.706622,0
1124,1,40.750503,0
661,0,72.367431,0
895,1,-7.361128,0
2471,1,70.219900,0
2853,0,64.421421,0
1667,0,79.524109,0
1410,1,-74.456392,0
969,1,-41.194539,0
2340,0,61.875506,0
2486,1,74.823528,0
1975,1,83.175984,1
2876,0,84.752827,0
1010,0,1.527939,0
2395,1,43.320518,0
2745,0,83.384141,0
882,1,78.834672,0
2503,0,59.770302,0
2708,0,74.251924,0
2380,0,89.988337,1
1287,0,86.003797,1
252,1,65.817277,0
1005,0,40.535810,0
524,1,30.192483,0
591,1,89.160531,0
1418,1,75.724462,0
2681,0,85.186619,0
92,0,17.637112,0
2652,1,20.932062,0
1412,1,51.449481,0
1702,1,-204.730883,0
379,0,78.501017,0
1048,0,57.315960,0
2416,1,17.591909,0
2636,0,88.910101,0
2725,1,71.903663,0
1436,0,81.808242,1
1522,1,-164.977598,0
2410,1,68.039961,1
2353,1,87.979293,1
2472,1,-29.316623,0
600,0,9.270923,0
2382,0,-1319.730262,0
1768,0,89.900011,1
142,1,-119.512928,0
2545,0,2.079559,1
2307,1,80.225060,0
1727,0,73.835013,0
219,1,85.653340,1
241,0,84.787994,0
272,0,8.599330,0
1399,0,78.244621,0
1694,1,39.772180,1
694,1,92.016908,0
1512,1,-33.818911,0
1454,1,72.511242,0
1142,1,-19.230651,0
137,0,-99.443780,0
106,1,72.248333,1
1781,0,74.660127,0
2013,1,63.395707,0
2263,1,72.056476,0
99,0,-111.875534,0
1330,1,64.556502,0
462,1,46.797238,1
274,0,88.041115,0
1255,0,67.827569,0
162,1,-112.647231,0
352,1,-75.151852,0
2873,1,59.198793,0
1032,0,57.303010,0
1558,0,66.529142,1
127,0,47.924925,0
880,0,75.834956,1
967,0,96.452228,0
1607,0,84.729299,0
1242,0,29.428898,0
508,1,83.076490,1
2768,0,54.001833,0
673,1,58.548479,0
2211,1,97.519596,0
465,0,79.697836,0
52,1,67.813308,1
45,1,45.921377,0
1281,0,96.928864,0
15,1,88.022293,0
1861,1,48.009432,0
1818,1,3.311497,0
2310,1,81.031485,0
2857,0,80.239695,1
2662,0,-155.574239,0
185,1,89.090238,0
704,1,80.991395,1
1328,0,-740.130195,0
421,1,43.761546,0
672,0,54.300821,0
2334,1,93.700547,0
1106,1,55.831629,0
2057,1,53.229665,0
2419,1,91.443555,1
2834,0,69.633062,0
121,0,73.198171,0
2279,1,88.377462,0
983,0,39.419294,0
2498,0,-754.197688,0
1954,1,32.137200,0
2256,0,-135.852639,0
3000,1,25.543192,0
1744,1,87.956340,1
295,0,-79.431089,0
1749,0,20.429901,0
1580,1,22.410014,0
2202,1,94.411545,1
1544,1,88.879173,0
2538,0,-48.173887,0
1052,0,48.037843,0
114,0,95.430265,0
2831,0,39.113997,0
2262,0,59.384667,0
689,1,-15.523395,0
1652,1,79.503494,1
2969,1,38.726316,1
2269,1,28.491232,0
667,1,70.863217,1
410,1,-0.611657,0
572,0,74.262251,0
2492,1,-289.349021,0
1172,1,51.791850,0
1002,1,50.251641,1
1540,1,78.451024,0
2411,0,71.660477,1
2634,1,60.418135,0
2390,0,65.685876,1
2167,0,58.399090,0
2101,1,71.612214,0
391,0,60.250013,0
1125,1,-84.007780,0
2605,1,58.212330,0
2519,0,59.880613,0
2964,1,73.223875,0
924,1,82.219413,0
278,1,59.176727,0
275,0,13.616452,0
872,0,67.241547,0
935,1,17.313782,0
1015,1,71.710668,0
2494,0,76.158438,0
2201,1,-55.501242,0
1391,0,96.886608,1
2226,0,77.234771,0
1596,1,74.060528,0
205,0,76.757829,0
1303,0,77.390761,0
816,1,98.388660,1
351,1,90.417686,1
2413,1,76.266116,0
2588,0,96.485082,0
1259,0,-7.174839,0
1393,1,42.590635,0
1577,1,76.755325,0
556,0,55.828057,0
598,0,-663.733781,0
248,0,-31.908296,0
1386,1,46.311753,0
119,0,82.593332,1
2391,0,92.146004,0
2905,1,52.004042,0
324,1,35.028201,1
1878,0,92.161294,1
2896,1,59.949923,0
2793,1,74.303127,0
1759,0,70.176512,0
2442,1,7.998080,0
326,0,58.036051,0
1624,0,13.134856,0
375,1,28.382007,1
2691,0,71.412486,1
2961,0,70.774908,0
2986,0,53.392451,0
1640,1,-1.615940,0
2517,0,84.845707,0
763,1,44.304113,0
721,0,81.253604,0
1591,0,75.579730,1
115,0,77.437474,0
629,1,17.206756,0
2124,1,81.904711,0
1283,1,-13.538770,0
2534,1,32.301544,0
1876,1,55.410993,0
536,1,4.131230,1
65,1,37.955221,0
1305,1,79.341701,0
535,0,95.386722,0
1178,0,-30.014485,0
1009,0,79.010044,0
617,0,50.749734,1
2902,0,-62.664822,0
371,1,63.916324,0
1067,0,29.151012,0
1451,0,66.706902,0
1461,1,67.438579,0
505,1,60.089030,1
1042,1,85.160030,0
164,0,98.225181,1
2863,0,-23.565586,0
76,0,89.844998,0
1190,1,72.147065,0
2684,0,29.406818,0
1066,1,-545.869375,0
1720,0,68.777837,1
575,0,75.146620,0
1821,0,85.058149,0
735,0,58.021702,0
2345,1,-424.705811,0
2987,1,82.186580,1
2288,0,77.162992,0
847,1,78.585280,0
369,1,33.844869,0
2283,1,-24.952025,0
2675,1,86.778241,1
2593,0,61.010724,0
2801,1,3.965889,0
1791,1,-264.314174,0
2609,0,11.059813,0
89,0,34.185440,0
982,1,91.366754,0
541,0,87.852949,0
2033,1,90.579260,0
170,0,-21.861865,0
2512,1,77.282030,1
1137,0,88.753375,0
2903,0,65.131848,0
769,1,-39.744466,0
2491,0,88.854370,1
1820,1,26.776934,0
2653,0,31.271498,0
628,1,56.634734,0
2763,0,-23.745242,0
232,1,37.150560,0
1859,0,-149.385465,0
1093,1,20.581176,0
2611,0,36.507388,0
1763,1,-63.077294,0
2647,1,83.790475,0
1487,0,-183.402380,0
190,0,75.799262,1
2754,0,7.388699,0
1076,0,75.090272,0
894,1,43.254446,0
532,1,97.993691,0
646,1,87.329095,0
2396,0,-171.354333,0
2153,0,69.579412,0
722,1,-135.718165,0
1765,1,97.555706,1
1006,0,-123.754492,0
2456,1,86.870783,1
1111,0,57.014097,0
2252,0,39.632808,1
2541,1,13.149178,0
5,0,93.012619,0
1656,1,81.045571,0
1762,0,-128.622898,0
2470,0,79.926108,0
877,1,73.405249,0
788,1,5.314851,0
1252,1,97.783882,0
2452,1,29.430922,0
612,1,-72.114863,0
2975,1,-189.661282,0
1931,1,-165.697428,0
516,0,73.477174,0
1528,0,91.615667,1
1037,1,-1583.007126,0
455,0,55.190876,0
2349,0,74.305979,0
778,1,41.882992,1
1036,0,26.854300,0
651,1,51.534002,0
260,0,28.463793,0
2843,1,90.423651,0
652,1,-113.631498,0
1795,1,-48.072651,0
172,0,47.971502,1
173,1,82.124008,0
2680,1,-102.802248,0
339,1,-600.911610,0
2722,1,81.469439,1
310,1,95.954426,0
697,1,1.036803,0
1074,0,42.861058,0
2070,0,76.196516,0
2444,1,72.580492,0
1227,0,69.645161,1
1398,0,84.188506,1
2421,1,89.839712,0
1300,0,44.535829,0
1867,0,0.432025,0
784,0,22.826127,0
1264,0,-26.079520,0
1569,0,70.798846,0
1389,0,87.670397,0
201,0,81.458650,0
1725,0,70.819001,1
2882,1,-105.256983,0
2,1,64.224503,1
1007,1,77.664169,0
945,1,48.523820,0
1757,0,-104.908030,0
1133,0,14.379469,0
565,0,63.453309,0
1467,0,66.400083,0
823,1,-579.003586,0
2131,0,73.913796,0
300,0,47.631740,0
2424,1,60.703708,0
775,0,58.102297,0
2261,1,90.312443,1
976,0,79.952804,0
654,1,56.365917,0
1883,1,69.412398,0
2880,0,7.944174,0
509,1,62.294438,1
435,0,-38.860530,0
1321,1,42.952128,0
1952,1,89.643016,1
2739,0,69.626948,0
1100,0,61.240864,0
2549,1,86.421386,0
1617,1,98.535222,0
2328,0,45.958544,0
182,0,44.370143,0
2343,1,74.168780,1
2548,1,78.021861,0
833,1,8.589493,0
557,0,55.812118,0
1092,0,-804.923313,0
2443,0,75.491888,0
1572,1,-16.605230,0
561,1,45.703037,0
814,1,70.458907,0
2314,1,46.901568,0
473,0,87.844130,1
886,1,76.928489,1
422,1,66.293735,0
1105,1,74.247956,0
450,0,98.391304,0
2635,0,63.559136,0
1050,1,25.868776,0
2059,1,44.260224,0
2700,1,-15.561290,0
2979,1,79.860639,0
311,1,64.289494,1
1310,0,24.366012,1
669,1,-32.838430,0
2769,0,64.239972,1
331,1,-26.889698,0
2060,1,69.713829,0
942,1,-83.918569,0
2168,1,78.244772,0
120,1,42.007285,0
973,0,87.772413,1
1407,1,13.693948,0
2995,1,70.750677,0
2333,1,-22.847869,0
2670,0,-47.535411,1
1769,1,57.890688,0
1874,0,-2.926627,0
2071,1,0.573702,0
579,1,78.108799,0
1162,0,94.587541,0
2032,0,35.591871,0
448,1,53.928592,1
941,1,76.946723,0
1372,1,81.037429,1
2386,0,78.897896,0
2043,0,77.349544,0
2628,1,-51.309703,0
799,1,59.486670,1
921,1,69.545258,0
2490,0,30.572337,0
583,0,71.042262,0
1830,1,68.860835,0
2405,1,44.636255,1
1833,0,65.959351,0
648,1,74.212521,0
2372,1,86.703413,1
2278,0,68.169759,1
2425,1,44.840071,0
1871,1,59.417139,0
1951,1,3.561060,0
2959,1,51.907135,0
1404,0,39.182250,0
1706,0,71.699921,0
1943,1,96.469868,1
1998,0,97.804433,0
623,0,49.694402,0
1587,1,39.932887,0
2980,1,32.529632,1
850,0,17.725103,0
2999,0,48.722278,0
259,1,-28.495932,0
586,0,-2.059433,0
2030,1,-15.217877,0
1322,1,84.015834,0
730,1,23.431065,0
1602,0,87.374130,0
398,1,55.392897,1
174,0,3.968950,0
1849,0,-9.936864,0
1932,1,50.466346,0
2205,1,58.180770,0
2145,0,49.823419,1
1177,0,69.748644,0
1359,1,97.891908,0
958,1,64.220779,0
594,1,43.223409,1
1500,1,66.251989,0
1593,1,65.432158,0
2222,1,25.763700,0
1354,0,78.239924,0
1350,0,51.323887,0
414,0,18.435995,0
2728,0,97.173565,0
856,1,32.116433,0
2361,1,20.914399,0
2631,1,83.303697,0
2042,0,56.660344,0
596,1,72.399994,0
1964,1,34.487529,0
2564,1,77.764364,0
2942,1,91.278904,0
2802,1,60.251985,0
2664,1,77.030393,0
2009,1,58.122908,1
1970,0,74.812316,1
2819,0,70.936657,0
153,1,15.849010,0
507,1,84.164517,0
2820,1,88.832633,0
2883,0,-40.088246,0
2143,1,64.707327,0
1203,0,73.856908,0
2338,0,45.916787,0
2727,0,26.816290,0
2856,0,84.610580,1
237,1,78.425275,1
1352,0,-110.050933,0
2552,0,83.562672,0
329,1,-37.320132,0
2232,0,38.911881,0
1907,0,69.583495,0
187,1,84.393419,0
2112,1,-167.068212,0
756,0,89.337758,0
843,1,84.427658,0
2170,1,95.899815,0
951,1,82.590556,1
2530,0,91.386724,0
1191,0,96.321054,1
812,1,93.756390,0
543,0,-31.140862,0
2954,0,88.924209,1
1789,1,46.186406,0
1249,1,16.842386,0
1224,0,91.822228,1
1130,0,46.885098,0
570,1,98.670975,0
2025,1,63.996612,0
2130,0,22.035809,0
2280,1,81.123990,0
2134,0,47.445019,0
2446,1,-24.686257,0
1743,1,27.368111,0
884,0,-75.456824,0
863,1,-203.129516,0
2992,0,82.292510,0
2459,1,19.503786,0
211,0,69.743273,0
2948,0,76.979863,1
1288,0,46.358848,0
2649,1,36.507318,0
2427,1,96.943264,0
1033,0,64.004385,1
2938,1,-20.803856,0
279,1,95.363990,0
2178,0,65.387939,0
2711,1,6.989895,0
1783,1,88.535009,1
2746,0,89.278594,0
846,1,67.411562,0
901,0,48.196513,0
16,0,37.999670,0
1368,1,96.685703,0
1938,0,78.191571,0
2429,0,84.448025,0
459,1,87.201174,1
470,1,1.512182,0
2523,0,49.422945,1
2011,1,65.570575,0
533,1,76.069178,0
1663,0,61.537622,0
1213,1,66.973206,0
724,0,76.883142,0
2467,0,-254.964818,0
2127,0,70.518105,0
1053,0,81.780865,0
467,1,91.427624,0
2105,0,44.561982,1
887,0,88.197601,1
2401,1,94.303463,0
2317,1,97.119780,0
2468,1,58.178344,0
337,1,73.738287,1
2550,1,71.211468,0
2901,0,69.790486,1
2142,1,64.767978,0
1108,1,98.496513,1
2289,1,-181.413887,0
845,0,34.489821,0
1001,1,-60.359942,0
2126,0,81.928754,1
1443,1,63.102335,0
1698,0,69.564928,0
1775,1,-70.254205,0
918,0,56.052893,1
1369,0,-37.497274,0
2514,1,96.360644,0
1650,1,55.365374,1
2735,0,87.804950,0
649,0,87.240270,1
141,1,85.332213,0
2862,0,84.260739,0
167,1,-24.976830,0
2373,0,77.470733,0
2187,1,68.203263,0
2366,0,27.531021,0
481,1,44.796447,0
1815,1,43.409880,0
537,0,-33.170942,0
1230,0,44.186896,1
1088,1,18.135966,0
2643,0,79.509330,0
2850,1,-116.387846,0
1253,0,60.485266,1
630,1,36.494393,0
198,0,65.726355,0
1481,0,74.621365,0
1061,1,9.076802,0
2671,0,78.786411,1
1527,1,-26.253393,0
2606,0,72.874817,0
2988,0,93.795354,1
2791,1,90.347913,0
2339,1,87.375490,1
1059,0,83.051124,1
1463,1,60.557655,0
1406,0,55.091039,1
245,1,45.764742,0
820,0,78.052308,0
8,1,51.030226,1
758,1,61.799542,0
1306,0,71.793340,0
2858,0,87.549965,0
2918,1,78.113196,1
327,1,62.481420,0
54,0,70.212425,0
2463,0,39.192555,0
1313,1,85.452107,1
620,0,85.484380,0
1887,0,-132.049399,0
849,1,52.502809,1
1557,0,59.855911,0
869,0,83.010351,0
1196,0,30.072697,0
1479,1,95.579854,1
1286,0,15.028571,0
77,0,-2.673232,0
975,1,94.239087,0
2699,1,-19.268952,0
875,0,-34.696566,0
1753,0,77.181285,0
2950,0,99.929423,1
1488,1,92.543549,1
132,1,48.405661,0
2712,1,24.864931,0
501,0,56.838502,0
1696,1,79.367255,1
487,1,-18.486539,1
1850,0,79.143857,0
889,0,45.476528,0
285,1,69.796443,0
1387,1,81.008440,0
1078,0,47.927024,1
744,0,67.814104,0
752,1,98.404940,0
1466,1,78.178242,1
1635,0,81.041976,0
2887,1,56.799178,0
2622,0,-81.086766,0
851,1,32.033184,0
1682,0,-35.043782,0
1927,0,81.033705,1
116,1,62.175118,0
1380,1,-6.604716,0
1275,0,73.459612,0
2688,0,97.811942,0
1678,0,60.441288,1
587,0,0.721678,0
2718,0,21.977621,0
451,1,-48.517834,0
2526,0,77.634498,0
156,1,73.224830,0
478,0,51.369714,0
60,0,41.719979,1
223,0,94.690499,0
126,0,68.976398,0
1151,0,-2.340572,0
2274,1,-16.639905,0
1776,0,56.406872,0
1721,1,46.860935,0
2272,1,-78.213331,0
519,0,88.493720,0
1537,1,73.196880,0
2958,0,-30.531395,0
2483,0,82.358027,0
2069,0,24.010143,0
81,0,70.733836,0
2536,1,93.754669,1
2971,0,49.590507,0
2304,0,65.247585,0
424,1,-233.295433,0
143,1,71.317371,0
2063,0,95.580684,1
344,1,34.454086,0
2348,0,79.726175,0
916,0,62.640278,1
2599,1,-106.469775,0
2094,0,35.556994,0
844,1,-133.582321,0
2679,1,92.664382,0
2347,0,48.107731,0
1899,0,90.610057,0
2529,0,76.136021,1
68,0,-2.260646,0
90,0,65.438767,0
2602,0,79.471349,1
1251,0,93.971215,0
1748,1,19.826680,0
1362,1,-69.036990,1
2141,0,13.920290,0
1344,0,-315.881464,0
2240,0,44.859510,0
1644,1,21.181485,0
1546,0,63.163651,0
1549,1,33.549286,0
2006,0,62.703610,0
625,1,74.255912,0
2989,1,38.503009,0
1297,1,58.975111,1
2743,1,90.604396,0
444,0,11.279678,0
1985,0,71.888815,0
2388,0,17.842098,0
192,0,73.720000,1
998,1,73.302786,0
2196,0,-176.603451,1
2149,1,94.556850,0
1576,1,58.866687,0
2898,0,20.385663,0
163,0,75.199631,0
984,1,91.770438,1
280,0,-68.325294,1
1519,0,85.624834,1
740,1,14.436374,0
2064,1,78.682210,0
2985,1,-4.985229,0
1314,1,30.236562,0
1277,0,62.775051,0
1649,0,28.396691,0
595,1,64.848993,0
1351,1,29.822015,0
2156,0,70.592645,0
2119,0,-250.846326,0
1746,0,73.617581,0
1533,0,65.612651,0
1021,0,66.993033,0
1083,1,78.257504,0
1940,1,22.859733,0
2721,0,75.100790,0
2255,1,69.324678,1
605,1,92.597578,0
1633,0,-64.015228,1
1402,0,26.471224,0
956,0,71.225586,1
2147,1,-138.164248,0
1745,1,22.792715,0
2188,0,-53.829165,0
1155,1,94.623362,1
1490,0,-219.346754,0
2082,0,-107.989755,1
1312,1,25.937506,0
1653,0,97.913468,0
497,1,67.986045,1
1180,1,28.020781,0
221,0,7.767612,1
2994,1,-17.100231,0
307,0,68.050384,1
946,0,70.789096,0
498,0,57.686076,0
2847,1,-317.253211,0
1570,1,88.018576,1
2936,1,-0.259602,0
1285,1,73.560659,0
317,1,65.767005,1
2302,0,79.382537,0
2516,1,51.248897,0
699,0,91.288515,0
1891,1,76.111669,0
2448,0,96.943517,0
2092,1,-45.385137,0
2321,1,43.633457,0
2813,1,31.688429,0
2409,1,77.951645,0
2924,0,63.012433,0
962,1,68.811760,0
2981,0,-13.612892,0
2318,0,88.735075,1
1374,0,96.093637,0
2148,0,93.723426,0
1676,1,67.033471,0
2826,1,86.442252,0
390,0,87.165123,0
1144,1,-54.966343,0
418,1,95.003043,0
727,0,89.330193,0
1163,0,-51.961820,0
57,1,76.294262,0
488,1,67.277404,0
795,1,51.694802,0
1409,1,66.274864,0
2963,1,-38.250834,0
558,1,97.463387,0
39,0,62.960955,0
2220,0,27.299599,0
1677,0,79.445242,1
2224,1,65.570036,0
388,0,56.643882,0
218,1,37.601495,0
746,0,49.771160,0
1138,1,-363.629832,0
1128,1,-2036.524050,0
1687,1,89.957020,1
1963,0,89.387569,1
2940,1,54.375932,0
772,0,63.302113,0
403,0,54.011938,0
2241,1,80.219489,0
346,1,94.095218,0
1408,1,-50.263340,0
1953,0,67.533625,1
2553,0,6.398599,0
1834,1,58.254771,0
384,0,-4078.615591,0
1685,1,5.760384,0
2374,1,25.887318,0
639,0,-83.975504,0
2243,0,79.350727,1
1562,1,81.380379,0
1958,0,87.661440,1
158,0,60.976705,1
2966,0,81.316588,0
2140,1,94.901826,1
2088,1,95.586435,1
726,0,95.603808,0
1444,0,-27.391266,0
2729,0,77.985222,0
2110,1,38.192930,0
1437,0,74.470205,1
1012,1,-139.327415,0
554,0,22.073862,0
1962,0,47.739782,0
1847,0,81.504546,0
2352,0,-163.393524,0
1794,0,85.286581,1
1496,0,94.906677,0
1726,0,57.346985,0
2672,0,-33.528725,0
1728,0,53.342954,0
1346,0,7.775661,0
1936,0,-6.396547,0
265,0,92.034036,0
2316,1,57.824944,0
2162,1,-144.952852,0
2253,0,98.270532,1
1494,0,44.457101,0
1003,1,80.167894,1
2246,0,80.572701,1
723,1,64.589081,0
2319,0,20.209716,0
621,0,71.110926,0
1686,1,-173.279904,0
2943,1,2.350362,1
2365,0,41.678550,0
1218,0,54.918326,0
1441,1,91.802012,0
1877,0,80.501049,0
1292,1,-64.409133,0
1175,0,27.437715,0
313,1,57.904077,0
1626,0,21.905653,0
578,0,68.681812,0
931,1,24.618118,0
356,1,91.076977,0
996,0,74.452716,0
852,0,32.536311,1
1336,1,69.249799,0
1348,0,58.027560,0
2837,0,43.006056,0
93,1,62.118936,1
2665,0,93.034196,0
1202,0,78.604821,0
2759,0,32.160567,0
555,0,-37.650863,0
2651,1,80.308427,0
184,1,22.000634,1
377,1,48.130801,0
1547,0,-258.640970,0
2881,1,-34.666625,0
186,0,59.722116,0
796,0,89.150729,1
759,0,20.620956,0
2367,1,90.238984,0
1911,1,46.227999,0
1898,0,82.875633,1
2161,1,94.830681,0
607,0,-53.179916,0
2575,1,81.153319,0
737,1,80.034248,1
539,0,-13.701786,0
2107,1,89.347153,0
745,1,62.764627,0
91,0,12.003323,0
268,1,-35.844536,0
760,0,29.911916,0
1013,0,95.174925,1
1375,1,83.322616,1
1738,0,52.835729,0
442,1,44.699964,0
1473,1,80.700134,1
655,0,3.401084,0
2668,0,92.832479,1
1420,0,49.164331,0
659,0,89.123167,0
1472,0,68.183036,0
2122,1,70.804304,0
2203,0,73.335373,0
718,0,-14.847510,0
135,0,87.436187,0
2666,0,80.520177,0
2655,0,-53.528104,0
2621,1,-7.724668,0
738,0,84.978532,0
1631,1,76.953257,0
2305,0,89.963782,0
1828,0,9.782593,0
2229,1,72.344655,1
1724,1,66.582834,0
779,1,70.980335,0
2050,1,75.887766,1
1615,0,65.901237,0
2657,0,74.008739,0
1008,1,95.255443,1
1909,1,68.438582,0
1910,0,75.810699,0
11,0,82.850294,0
2741,1,37.202108,0
839,0,73.288163,1
547,0,40.401246,0
2237,1,64.185221,0
157,0,-136.398460,1
686,0,74.946257,1
1174,1,93.711909,0
1564,0,8.538184,0
2022,0,61.224213,0
1520,1,89.049207,1
420,0,47.378729,0
568,1,65.012726,0
2816,0,58.314696,0
1774,1,13.749664,0
2639,0,70.933164,0
2097,0,77.075197,1
1232,0,47.559986,0
46,1,40.056633,0
571,0,-328.468869,0
320,0,59.814235,0
2726,1,10.949710,0
18,1,25.674935,0
2086,0,59.340897,0
2535,0,72.364935,1
486,0,-15.398935,0
2667,1,87.029810,0
2363,0,-83.199373,0
55,1,65.257139,0
2173,0,18.384701,0
2414,1,75.070793,0
960,1,76.532899,0
1113,1,35.435779,0
857,1,47.951662,0
1559,1,-54.624149,0
2028,0,95.025374,0
1579,1,68.949561,0
2892,1,34.175555,0
1761,1,81.782051,0
1990,1,77.938465,0
2779,1,-3.122041,0
1194,1,-15.393969,0
1421,0,41.823123,0
934,0,90.155845,0
970,0,-167.416034,0
2185,0,74.555536,1
2114,0,48.123026,0
2434,1,86.029954,0
2753,1,71.101261,0
2397,1,84.046088,1
2845,1,62.349317,0
637,1,91.411481,0
2192,0,2.527107,0
1560,0,93.785187,1
993,1,68.473513,0
1060,1,40.487599,0
2607,1,55.759442,1
1403,0,64.329866,0
2036,0,57.307642,1
2296,0,-62.862197,0
1989,1,56.176521,1
1475,0,74.504499,0
2811,1,93.235160,0
1208,0,-104.539155,0
1582,0,76.303440,0
1238,1,-214.156212,0
1195,0,70.587015,0
1134,0,50.561506,0
1411,0,94.823057,0
2182,1,-5.204192,0
2683,1,-300.920342,0
189,1,49.939542,0
695,1,3.955205,0
2800,1,62.803940,0
1530,1,62.246009,1
23,1,17.238901,0
2299,1,57.186061,0
1153,0,53.758944,0
1335,0,92.956938,0
1199,1,46.123988,0
1957,1,-0.050733,0
2676,0,60.315811,0
83,1,-3.163872,0
361,1,27.588437,0
169,0,39.731510,0
171,0,-736.947296,0
2613,0,16.625190,1
2216,0,71.695576,0
236,0,-21.760857,0
262,0,44.267331,0
925,1,1.939759,0
2748,0,73.005173,1
1629,0,61.886216,0
196,0,44.024443,0
747,0,64.137038,0
1638,0,87.758889,0
584,1,42.820407,0
822,0,87.076636,1
1433,0,91.839847,0
1146,1,63.854962,0
1157,0,70.889323,1
948,1,88.899378,0
1186,1,84.627156,0
1239,1,73.490215,0
1507,0,62.281303,0
1385,0,76.818634,0
2487,1,94.048562,0
1291,0,-205.696339,0
2081,1,99.383148,1
2038,0,96.600427,0
2803,1,99.610217,1
2616,0,29.430803,0
2792,1,64.222324,1
2780,1,-18.115024,0
1986,1,84.144998,0
1158,1,85.261054,0
890,0,62.861760,0
1149,0,27.304974,0
2186,1,-381.694197,0
490,0,14.941825,0
2937,0,99.343626,1
2223,0,75.401412,1
312,0,85.939945,1
335,1,48.961427,0
1280,0,77.913545,0
2874,1,23.997696,0
1150,1,-59.275181,0
859,0,88.872518,0
2957,0,86.726527,1
879,0,58.902941,0
25,0,-404.410190,0
959,1,16.686678,0
2939,1,-58.800770,0
1136,0,50.994789,0
1799,1,72.501498,0
2654,1,90.280311,0
1145,0,99.156552,1
1616,0,40.392910,0
4,0,42.826795,0
1709,0,76.667754,0
253,0,71.618625,0
1268,1,68.476329,0
2394,0,47.895336,0
64,0,-147.928806,0
2236,0,49.310616,1
494,0,90.512993,0
2678,0,69.901834,0
2084,0,55.486296,0
100,0,59.361917,1
645,0,27.185719,0
112,1,97.161540,1
2326,1,74.742444,0
254,1,93.487469,0
2215,1,53.249370,1
741,0,97.493317,0
2661,0,55.331580,0
1543,0,62.736329,0
940,1,87.001287,0
1102,1,27.466527,0
1594,1,61.955424,0
400,0,-808.040237,0
1181,1,70.142100,1
66,0,63.805512,1
599,0,60.696788,0
2520,1,77.554335,0
2955,1,-36.777105,0
2267,1,55.616259,0
2037,0,90.095117,0
1641,0,32.233887,0
243,1,81.431771,0
634,0,83.859802,1
1023,1,49.995138,0
1835,1,-36.714798,0
43,1,88.485555,1
2488,0,76.374246,0
915,0,-36.659049,0
2567,0,68.246864,1
963,0,47.048459,0
1621,1,-8.761779,0
909,0,76.148036,0
777,0,65.477489,0
2840,1,83.652758,0
2686,0,-41.307063,0
2953,1,-46.655965,0
2303,1,53.306112,0
1590,0,-140.716140,0
666,1,84.102635,0
2852,0,-233.917395,0
1665,0,75.789202,0
2513,1,34.262764,1
2627,1,70.502242,0
1599,0,22.290440,0
1630,0,85.789941,1
2398,1,-7.703693,0
1225,0,-170.857425,0
2542,0,32.166069,0
1965,1,88.698601,0
2783,0,73.828701,0
134,1,79.126999,0
681,1,29.675499,0
88,0,64.422005,1
798,1,-118.634600,0
1733,0,72.320013,0
1438,1,71.711649,0
102,1,50.948575,0
374,1,82.177645,0
2990,0,89.482705,0
2615,0,79.296963,1
2956,1,-50.348148,0
842,0,54.232665,0
1360,1,66.604855,0
209,1,-172.604176,0
2404,1,67.947217,1
804,0,71.139904,0
2951,1,83.292628,0
1031,1,39.526501,0
1779,0,45.750890,0
479,1,53.435219,0
2335,1,66.291806,0
1273,1,36.766055,0
2598,0,88.596763,0
680,1,64.773761,0
1670,1,91.452234,0
258,1,-6.921528,0
1690,1,87.725776,1
2325,0,-346.511522,0
417,0,97.287521,0
1523,1,27.270420,0
2640,1,56.852914,0
950,1,77.150990,0
685,0,14.311887,0
309,1,5.791085,0
183,1,1.748712,0
1219,0,21.343899,0
2740,0,53.058412,0
2320,1,98.992466,0
1279,0,-226.114108,0
1772,0,62.892311,0
1959,1,-144.658249,0
2208,0,97.110636,1
2574,1,-33.232231,0
2842,0,89.204963,0
159,1,69.384596,0
2298,0,75.356129,0
1838,0,59.280327,0
2704,1,-33.916533,0
569,1,69.406722,0
1489,1,73.008328,0
1366,1,99.574404,1
2597,0,17.158318,1
989,0,-133.501816,0
438,1,51.022299,0
1458,0,-79.814242,0
1446,1,82.072897,1
1585,0,7.209991,0
338,1,56.558582,0
2151,0,-206.067718,0
566,1,93.786366,0
825,0,-147.554581,0
2439,1,54.883089,0
2849,0,36.161294,0
35,0,87.824366,0
2646,1,-220.110352,0
1969,0,-61.961420,0
2945,0,49.874249,1
923,0,42.162122,1
757,1,-27.671790,0
1846,1,47.021356,0
2447,0,75.809010,1
1606,1,-20.796649,0
1070,0,68.608748,0
1851,1,65.024089,0
2089,0,-1448.517154,0
56,1,34.152379,0
1782,1,18.819924,0
2090,0,63.489725,0
282,0,-48.996616,0
1096,0,23.901690,1
1311,1,78.390886,0
225,1,91.756746,0
1780,1,29.889016,0
2007,0,57.449776,0
1701,1,82.340139,0
2872,1,15.268514,0
389,1,56.575074,0
292,1,91.936705,0
1080,0,48.169474,1
1742,1,71.818400,1
2663,1,-39.735548,0
95,1,42.120261,0
2864,1,59.168732,0
862,0,83.581269,0
1029,0,83.964911,0
2596,1,80.651679,0
316,0,-86.490688,0
2169,0,30.006978,1
1112,0,83.542605,0
1627,1,77.453101,0
1703,1,89.786059,0
719,0,9.368338,0
2312,1,-127.969564,0
734,1,63.824894,1
2132,1,-5.012968,0
854,0,-26.810736,0
701,0,-34.840485,0
238,0,-5.584332,0
1865,0,23.904871,0
653,1,94.371123,1
736,1,58.691390,0
1184,1,60.556696,0
2906,0,91.146292,1
2480,1,29.608095,0
2893,0,68.280647,0
2579,0,91.670955,0
2910,1,-57.348416,0
2210,1,-5.796021,0
2417,1,69.407922,1
273,0,72.305731,0
2469,0,-9.569615,0
51,1,25.864294,0
1480,0,43.414382,0
2650,0,6.274132,0
181,0,87.800206,0
748,0,69.452369,0
819,1,-1234.709967,0
1205,1,51.720041,0
2742,1,76.284255,1
1647,1,53.498727,0
1597,0,-23.392224,0
1502,0,-320.232552,0
2012,1,78.531426,0
1906,0,-44.136308,1
485,1,79.042447,0
1200,0,71.874407,0
563,1,99.353951,0
