hospitalization_id,patient_id,admission_date,discharge_date,length_of_stay,ExceedsAverageStay,history_of_prior_hospitalizations_in_the_last_two_years,number_of_comorbid_chronic_conditions,age_of_the_patient_at_admission
2139,2046,2024-12-11,2025-02-12,63,0,0,0,51
1697,1209,2024-03-25,2025-04-07,378,0,0,0,25
1243,1010,2024-12-07,2024-11-07,-30,1,2,0,22
1498,652,2023-06-19,2024-06-15,362,0,0,0,24
1187,781,2025-03-27,2025-02-15,-40,1,1,1,71
716,874,2023-06-24,2024-12-09,534,0,0,2,45
2889,1839,2025-02-28,2024-12-11,-79,0,1,0,82
2885,2384,2024-03-01,2024-04-29,59,0,0,0,53
2213,1234,2024-11-24,2024-09-12,-73,0,0,3,54
2710,2402,2024-11-20,2024-07-31,-112,1,2,3,21
1140,2063,2023-07-06,2024-10-05,457,0,0,3,58
452,1084,2025-03-20,2024-08-26,-206,0,0,1,89
111,2544,2023-12-12,2025-02-11,427,0,0,1,47
1020,2880,2024-09-01,2025-03-13,193,0,0,0,67
1574,2011,2023-10-25,2025-04-21,544,0,1,0,17
1719,2460,2023-08-09,2025-04-21,621,0,0,0,31
1034,913,2024-08-17,2024-05-27,-82,0,0,0,31
2055,816,2023-12-19,2025-03-14,451,0,0,1,52
1301,910,2024-12-04,2025-04-12,129,1,3,0,23
2624,550,2024-06-04,2024-09-25,113,1,2,1,52
2804,1188,2024-03-09,2024-11-04,240,0,0,0,20
2967,2458,2023-08-05,2024-10-03,425,0,0,0,76
1645,1393,2024-04-10,2025-02-17,313,0,1,2,35
564,2970,2023-06-27,2024-11-21,513,0,0,0,55
2258,1340,2023-08-01,2025-04-13,621,0,1,1,35
255,1104,2023-05-18,2025-01-28,621,0,0,0,39
573,632,2024-01-20,2024-12-04,319,0,0,1,46
806,2452,2024-05-20,2025-03-28,312,0,1,0,58
619,24,2025-03-31,2024-07-09,-265,0,0,1,20
2891,105,2024-08-27,2024-07-31,-27,0,1,0,47
2183,2509,2025-01-24,2024-10-14,-102,1,2,0,45
2290,2250,2024-07-30,2025-04-19,263,0,1,0,27
2810,576,2023-09-05,2024-07-02,301,1,1,2,25
861,2613,2024-04-24,2024-09-29,158,0,0,1,17
1356,2183,2024-06-28,2024-12-26,181,0,0,0,60
2212,2738,2023-06-24,2024-05-23,334,0,0,0,47
506,466,2024-03-31,2025-04-14,379,1,1,0,62
2932,869,2023-05-19,2024-08-21,460,0,0,1,29
2617,2642,2024-11-16,2024-04-29,-201,0,0,0,48
284,2790,2024-07-12,2025-02-11,214,1,1,0,89
1267,2234,2024-06-12,2024-05-05,-38,0,1,0,75
1679,570,2023-12-02,2024-07-23,234,0,0,0,44
336,29,2024-03-20,2025-01-10,296,0,0,1,88
2078,856,2024-11-21,2024-11-15,-6,1,1,1,88
1942,2897,2025-01-28,2024-07-30,-182,1,1,2,88
2623,1231,2024-12-30,2024-10-23,-68,0,0,1,24
2458,2605,2024-03-04,2024-06-17,105,1,0,2,78
581,1561,2023-07-07,2024-12-08,520,0,0,1,44
2796,2457,2025-03-02,2024-11-07,-115,0,0,2,86
1674,862,2023-09-14,2024-04-29,228,0,0,0,63
2073,1591,2024-04-19,2025-04-24,370,1,1,3,30
1378,1946,2025-02-25,2024-05-31,-270,1,2,0,72
74,264,2024-03-15,2024-10-25,224,0,1,1,32
1773,767,2025-02-22,2024-11-11,-103,0,0,2,44
1525,2885,2025-03-09,2025-03-18,9,0,1,1,25
2342,1295,2024-10-29,2024-08-17,-73,1,3,0,40
212,2197,2024-04-03,2025-02-07,310,1,1,0,71
1453,2703,2025-04-14,2024-11-28,-137,0,1,2,32
207,1841,2024-11-02,2024-07-29,-96,1,2,1,63
1955,2464,2023-12-16,2024-07-31,228,0,0,1,52
1536,333,2024-05-07,2025-02-24,293,0,0,0,23
2376,219,2024-06-07,2025-03-01,267,1,1,2,26
22,2967,2024-01-09,2025-04-10,457,0,0,2,43
1661,904,2024-12-19,2024-09-30,-80,0,1,0,64
979,2511,2024-08-23,2024-08-27,4,0,1,1,78
480,2198,2024-08-26,2024-06-25,-62,1,2,0,72
2281,2832,2023-06-21,2024-12-15,543,0,0,0,27
876,133,2025-01-12,2025-03-21,68,1,3,0,48
1019,2103,2024-03-02,2024-10-03,215,0,1,0,56
2159,2002,2024-10-30,2024-10-30,0,0,0,0,31
1474,402,2025-01-03,2025-04-09,96,1,2,1,39
239,405,2025-03-28,2025-01-05,-82,0,1,0,77
1095,1723,2023-09-02,2024-07-16,318,0,0,1,65
264,1390,2024-10-19,2025-03-24,156,0,1,0,33
1129,2656,2024-08-12,2024-07-15,-28,1,1,2,72
790,1340,2023-09-12,2024-05-30,261,1,2,1,35
2474,1632,2024-03-22,2024-08-12,143,0,0,0,40
2276,82,2024-01-12,2024-07-24,194,0,0,0,33
2184,559,2025-03-30,2024-07-01,-272,1,2,0,36
2268,2942,2023-12-13,2024-12-09,362,1,1,0,89
531,436,2023-12-25,2024-07-18,206,0,0,0,74
1025,1586,2024-10-16,2025-02-22,129,1,2,0,87
2698,1454,2024-12-13,2024-09-06,-98,1,2,1,54
1260,178,2023-05-12,2025-03-21,679,0,0,0,40
1425,2871,2024-09-13,2024-05-25,-111,0,0,1,77
1307,605,2024-01-11,2024-06-14,155,0,0,0,19
700,1064,2025-04-14,2024-08-06,-251,1,2,2,86
1361,1772,2024-03-17,2024-07-16,121,0,0,0,38
386,145,2025-02-23,2024-11-20,-95,0,0,0,76
2355,1474,2025-01-21,2024-08-29,-145,1,2,0,79
2369,583,2024-05-04,2024-09-02,121,0,0,0,73
1117,2868,2024-03-06,2024-10-08,216,0,0,0,32
1373,661,2023-12-15,2024-11-01,322,0,0,0,17
40,284,2024-06-10,2024-12-31,204,0,0,1,86
208,1900,2023-10-16,2024-10-24,374,0,0,1,88
1426,2708,2024-12-10,2024-05-27,-197,0,0,3,76
79,2184,2023-09-26,2024-07-30,308,0,0,1,46
1914,314,2024-10-21,2024-10-09,-12,0,0,0,78
2909,1182,2024-11-21,2024-08-12,-101,1,2,0,19
1941,1416,2023-08-10,2024-08-27,383,0,0,0,58
2594,2927,2025-01-08,2024-05-16,-237,0,0,0,69
222,1382,2025-03-18,2024-04-29,-323,0,0,0,25
813,2490,2024-12-06,2024-06-02,-187,0,1,0,85
1269,725,2023-05-27,2025-02-23,638,0,0,1,60
1058,1410,2023-12-28,2024-12-24,362,0,0,0,41
308,674,2025-02-18,2024-12-01,-79,0,0,0,45
1987,2260,2024-01-13,2025-02-17,401,0,0,0,57
85,1425,2023-05-14,2024-11-06,542,0,0,3,26
2544,668,2023-09-01,2024-10-14,409,0,0,1,54
2311,268,2024-05-12,2024-06-16,35,0,0,0,64
2152,1554,2024-06-07,2025-01-26,233,0,0,2,48
2968,2162,2023-10-09,2024-12-24,442,0,0,0,69
567,631,2024-03-16,2024-07-03,109,0,0,0,49
1651,2814,2025-02-24,2024-09-01,-176,0,1,0,36
2894,1739,2025-02-13,2024-12-07,-68,0,0,0,56
2418,1695,2024-07-20,2025-02-19,214,0,0,0,19
1604,230,2024-02-04,2025-01-18,349,0,0,0,29
751,2559,2024-02-03,2024-12-04,305,0,0,0,51
802,358,2023-09-11,2024-05-10,242,0,1,1,16
1030,1645,2025-03-09,2024-07-09,-243,1,2,0,67
618,1022,2024-10-20,2024-08-14,-67,1,2,0,80
2771,2975,2024-09-02,2024-06-26,-68,0,0,0,32
453,1934,2024-08-21,2024-08-26,5,0,0,2,59
870,133,2024-12-01,2024-08-09,-114,1,1,0,48
206,733,2024-05-05,2024-09-22,140,0,0,1,87
2200,405,2023-05-02,2025-03-26,694,0,0,0,75
1250,1149,2024-04-16,2025-01-11,270,0,1,0,84
1293,1754,2024-11-15,2025-03-26,131,0,1,2,22
1295,2504,2023-08-04,2024-11-04,458,0,0,2,64
203,2359,2023-11-26,2024-09-24,303,0,0,2,58
662,2403,2024-10-29,2024-05-22,-160,0,1,0,77
1717,996,2024-09-07,2024-05-10,-120,0,0,1,36
381,1657,2023-12-17,2024-09-24,282,0,0,2,17
2832,1800,2024-07-31,2025-03-05,217,0,0,2,46
1278,380,2023-06-02,2024-10-12,498,0,0,1,85
1027,682,2023-06-28,2024-10-30,490,0,0,0,45
2693,1238,2025-01-28,2024-05-28,-245,0,0,0,46
1654,2687,2023-10-26,2024-10-28,368,0,1,1,59
1968,2207,2025-01-11,2024-10-15,-88,1,3,0,44
2895,1749,2024-12-19,2024-04-24,-239,0,1,1,85
2221,2182,2023-08-29,2025-02-15,536,0,0,1,26
349,1216,2023-08-02,2024-11-05,461,0,0,0,34
2225,2274,2024-10-16,2024-05-11,-158,0,1,0,29
2608,1621,2024-08-21,2024-05-13,-100,0,0,0,73
991,815,2024-11-18,2024-10-25,-24,0,2,0,19
922,1079,2023-07-14,2024-11-08,483,0,1,0,61
2181,613,2025-01-18,2024-08-12,-159,1,3,0,28
1087,1702,2024-04-02,2024-12-27,269,0,0,2,45
2360,2223,2024-05-07,2025-01-20,258,0,1,0,56
670,1634,2023-05-14,2024-12-01,567,0,0,0,64
1210,1112,2024-01-21,2024-10-15,268,1,2,0,62
202,787,2024-06-16,2024-07-06,20,0,0,0,83
1994,64,2025-03-07,2024-11-01,-126,1,3,0,73
2402,43,2024-06-21,2025-01-24,217,0,0,0,82
1609,65,2025-04-16,2024-07-02,-288,1,2,0,22
1993,2866,2024-11-10,2025-04-22,163,1,2,1,34
912,1226,2024-05-21,2024-06-24,34,0,1,2,47
2270,831,2025-03-22,2024-07-28,-237,1,1,0,79
1671,2158,2024-04-04,2024-08-07,125,0,0,1,46
2113,507,2024-06-11,2024-11-24,166,0,0,0,28
2568,30,2024-01-04,2024-10-12,282,0,0,0,77
1823,2584,2024-05-28,2025-01-21,238,0,0,1,63
318,691,2024-01-18,2024-07-05,169,0,0,0,60
1882,2108,2025-04-21,2024-07-13,-282,1,1,1,48
896,50,2024-11-20,2024-06-24,-149,0,0,1,45
939,2333,2025-01-23,2025-04-07,74,0,0,0,37
1979,1737,2024-08-17,2024-11-20,95,1,2,0,74
1304,2072,2023-11-11,2024-11-18,373,0,0,1,66
774,1699,2023-10-26,2024-07-13,261,0,0,0,86
1492,2200,2024-07-28,2025-02-21,208,1,1,3,30
2451,2794,2024-08-22,2024-10-04,43,0,0,0,54
117,1987,2024-10-24,2025-02-10,109,1,2,0,36
2368,904,2024-07-02,2024-07-30,28,0,0,0,64
2327,780,2024-11-21,2024-09-26,-56,0,1,2,42
2128,1197,2024-09-19,2024-11-05,47,0,0,0,34
1732,1262,2024-12-10,2024-07-27,-136,1,0,3,90
220,34,2024-12-21,2024-09-12,-100,0,0,2,76
1347,2665,2024-01-06,2024-07-11,187,0,1,0,59
2370,1517,2024-10-13,2024-12-27,75,1,2,2,50
693,705,2024-08-30,2024-11-21,83,0,0,2,63
2277,1092,2023-08-04,2024-07-17,348,0,0,0,23
947,676,2023-07-13,2024-04-26,288,0,0,2,30
2511,2550,2024-01-14,2024-08-05,204,1,1,2,86
1284,63,2025-01-18,2025-03-18,59,1,3,3,35
1508,2417,2023-10-01,2024-08-18,322,0,0,2,20
706,1848,2023-09-24,2024-05-10,229,0,0,0,41
865,1495,2024-05-13,2025-02-16,279,0,0,0,58
2998,1864,2024-12-14,2024-12-25,11,0,0,0,84
1777,79,2023-10-11,2024-05-15,217,0,0,1,16
1457,327,2023-08-19,2025-01-15,515,0,0,1,76
1840,477,2024-01-01,2024-12-15,349,0,0,3,17
2423,1565,2023-06-06,2024-09-13,465,0,0,1,42
383,834,2023-12-16,2025-01-06,387,0,0,2,56
2125,1986,2025-03-31,2024-12-12,-109,0,0,1,55
433,1991,2024-02-27,2024-06-28,122,1,1,1,68
2144,1830,2025-02-14,2024-08-19,-179,1,1,0,45
44,2078,2023-10-25,2024-06-18,237,0,0,2,38
787,2165,2023-08-01,2024-08-22,387,0,0,1,66
2359,235,2024-08-20,2024-11-15,87,0,1,0,89
2921,1106,2024-05-21,2024-08-23,94,1,1,0,26
733,2534,2023-09-14,2024-10-18,400,0,0,0,60
1841,1110,2023-06-09,2025-04-18,679,0,0,0,46
1900,1427,2025-02-21,2024-11-14,-99,0,1,0,21
1826,44,2024-08-06,2025-03-13,219,0,1,2,21
2066,2894,2024-02-15,2025-02-12,363,0,0,0,34
562,2489,2025-03-17,2025-02-09,-36,0,0,0,43
2197,2398,2024-04-02,2024-10-17,198,0,0,2,28
2251,1497,2025-04-02,2025-01-13,-79,0,1,1,52
1946,1620,2024-11-05,2024-04-26,-193,0,0,0,21
1855,1885,2023-10-01,2024-11-12,408,0,0,0,82
50,1674,2024-11-08,2025-02-25,109,1,1,2,67
1206,2935,2025-03-17,2024-04-24,-327,0,0,3,30
1079,524,2024-04-21,2025-01-13,267,0,0,0,17
754,2376,2024-01-07,2024-10-13,280,0,0,3,89
34,861,2023-05-02,2025-01-24,633,0,0,1,37
1915,1371,2024-11-03,2025-03-28,145,0,1,0,18
1382,709,2024-01-08,2024-12-24,351,0,1,0,38
2823,160,2023-08-09,2024-09-09,397,0,1,1,34
866,2880,2024-10-16,2025-01-20,96,0,1,0,67
213,2251,2023-09-26,2024-05-30,247,0,0,2,38
2928,687,2023-06-21,2024-11-03,501,0,0,0,49
404,776,2025-03-22,2024-06-26,-269,1,2,3,54
2121,2917,2024-11-07,2024-06-09,-151,1,2,2,52
2733,481,2024-09-11,2025-02-21,163,0,0,0,56
63,22,2024-10-20,2024-11-17,28,1,1,1,68
113,2152,2024-02-16,2024-12-05,293,0,0,1,57
463,222,2024-04-07,2025-03-26,353,0,1,1,19
1933,1296,2025-04-14,2025-03-16,-29,0,1,0,31
1235,2355,2024-12-11,2024-10-03,-69,1,3,0,20
2508,2047,2024-10-17,2025-02-09,115,1,2,0,18
836,1316,2023-11-13,2025-04-21,525,0,0,0,83
405,853,2023-08-08,2025-01-31,542,0,0,1,53
108,2930,2024-05-11,2025-01-27,261,0,0,3,41
1866,536,2023-06-05,2025-01-06,581,0,0,0,62
2198,418,2024-05-06,2024-09-30,147,0,0,0,80
910,140,2025-03-11,2024-12-28,-73,0,1,1,18
2660,340,2025-02-27,2024-07-24,-218,1,2,2,37
123,1030,2023-08-27,2025-03-30,581,1,1,0,76
1639,1831,2025-03-13,2024-05-18,-299,0,0,0,75
503,900,2023-06-22,2025-02-10,599,0,0,2,40
1754,919,2023-07-07,2024-08-23,413,0,0,0,26
2929,2547,2023-10-31,2025-01-19,446,0,0,3,26
2209,2750,2023-10-20,2024-06-10,234,0,0,1,28
246,1639,2023-04-30,2025-02-12,654,0,0,0,34
771,2660,2023-12-04,2024-08-27,267,0,1,2,44
2207,1030,2023-05-21,2025-03-07,656,0,0,0,76
1075,2933,2024-02-16,2025-02-03,353,0,0,0,33
1104,1768,2024-06-20,2024-11-29,162,0,0,0,21
1462,370,2024-01-18,2025-02-13,392,0,1,0,79
1423,1187,2023-08-26,2025-03-10,562,0,1,0,58
2228,767,2025-04-21,2024-12-07,-135,0,1,2,44
2381,252,2023-12-02,2024-09-01,274,0,0,0,56
1707,2623,2025-02-13,2024-06-26,-232,1,2,0,32
1662,2593,2024-05-26,2024-05-22,-4,0,0,0,74
31,2183,2025-02-22,2024-08-18,-188,0,1,0,61
2154,16,2024-10-09,2025-04-14,187,0,0,0,23
1390,2743,2024-02-22,2024-08-11,171,0,0,0,59
332,1027,2023-09-20,2025-02-08,507,0,1,0,54
138,1278,2023-05-20,2024-11-18,548,0,0,0,39
2566,2650,2024-10-30,2024-11-12,13,0,0,0,58
1167,527,2024-06-05,2024-09-21,108,0,1,0,75
1333,1129,2024-03-27,2025-04-18,387,0,0,2,38
1318,1730,2023-08-22,2024-12-16,482,0,0,0,82
482,2191,2025-03-23,2024-06-17,-279,0,1,1,50
1370,2620,2024-06-09,2025-02-03,239,0,0,0,23
522,2660,2024-02-11,2024-08-06,177,1,2,2,44
2206,2719,2025-01-14,2024-12-23,-22,0,1,1,49
997,881,2024-01-13,2024-12-30,352,0,0,3,63
2026,524,2025-04-09,2024-07-13,-270,1,2,0,18
1161,1344,2023-11-25,2025-02-14,447,0,0,0,51
1813,2745,2023-06-27,2024-10-10,471,0,0,1,19
511,472,2025-03-17,2025-04-06,20,0,0,0,26
1045,1637,2023-09-03,2024-07-16,317,0,0,0,65
1024,1116,2023-09-24,2025-03-10,533,1,2,0,24
302,2144,2023-12-01,2024-07-16,228,0,0,2,83
1723,2542,2024-09-06,2024-09-10,4,0,1,2,30
1272,245,2024-03-13,2024-07-12,121,0,0,1,59
821,2629,2023-06-08,2024-10-10,490,0,0,2,47
1978,2119,2025-02-21,2024-10-06,-138,0,0,0,55
2997,781,2024-09-25,2025-01-03,100,0,0,1,70
526,193,2024-12-06,2025-04-11,126,0,0,2,23
2933,1367,2024-01-18,2024-07-01,165,0,0,0,57
2068,2916,2025-02-03,2025-01-17,-17,0,0,2,69
2344,2684,2023-07-25,2024-12-21,515,0,0,1,68
622,1072,2025-01-30,2025-02-12,13,0,0,0,53
1204,1631,2023-10-16,2024-09-08,328,0,0,0,42
341,315,2025-03-02,2024-05-04,-302,0,0,1,46
1786,1022,2024-08-28,2025-01-16,141,0,1,0,79
1793,2704,2025-04-22,2024-05-08,-349,0,0,2,66
2163,1773,2024-06-15,2024-09-05,82,1,2,0,59
1592,1778,2023-11-10,2024-09-30,325,1,1,0,82
2805,1112,2023-07-20,2024-11-01,470,0,0,0,62
2476,829,2023-05-16,2024-09-21,494,0,0,0,21
632,63,2023-11-17,2024-12-23,402,1,2,3,34
2291,468,2023-10-31,2025-03-13,499,0,0,2,44
585,1680,2023-06-19,2024-08-09,417,0,0,0,39
674,830,2024-09-12,2025-01-09,119,0,1,0,35
2403,2128,2024-10-29,2024-09-13,-46,0,1,0,56
2191,1551,2024-10-02,2024-11-17,46,0,0,0,63
1299,1032,2024-04-04,2025-02-27,329,0,0,2,77
2021,671,2024-08-13,2024-06-09,-65,0,1,0,44
1154,2402,2025-01-07,2024-06-20,-201,1,3,3,21
1668,383,2025-04-24,2024-05-30,-329,1,1,2,84
270,1333,2024-06-12,2024-09-27,107,0,0,0,45
2527,2036,2025-04-18,2025-02-17,-60,0,0,0,82
968,2657,2023-12-10,2024-06-05,178,0,0,1,88
691,1923,2024-09-29,2024-07-22,-69,0,0,0,57
2972,1830,2023-08-20,2024-07-22,337,0,0,0,44
966,679,2024-11-01,2024-07-14,-110,0,0,0,60
1750,2037,2024-10-04,2024-11-15,42,0,0,0,36
2242,1007,2024-10-20,2025-01-25,97,0,0,0,90
2738,2969,2024-02-07,2024-05-03,86,0,0,0,62
2214,731,2024-11-28,2024-07-06,-145,0,1,0,22
1816,1712,2024-12-27,2024-05-14,-227,0,0,0,45
2056,2190,2023-04-28,2025-04-23,726,0,0,0,64
527,2779,2023-11-09,2024-12-24,411,0,1,1,63
1183,2597,2025-01-02,2024-10-18,-76,1,1,0,76
994,489,2023-08-11,2025-04-23,621,0,1,1,24
2031,2387,2024-01-01,2024-09-26,269,0,1,0,39
2865,1505,2024-07-22,2024-07-16,-6,0,1,0,82
2058,166,2024-10-09,2024-08-11,-59,0,1,0,30
783,1271,2024-03-01,2024-08-05,157,0,0,0,48
1526,1118,2024-08-13,2024-10-14,62,1,1,1,52
29,619,2024-06-04,2024-11-12,161,0,0,0,81
2603,817,2024-08-10,2024-10-27,78,0,0,0,55
502,1503,2023-08-20,2025-03-30,588,0,0,2,44
2908,1604,2024-04-26,2024-07-04,69,0,2,2,31
2019,2595,2025-02-13,2025-01-16,-28,1,1,0,36
315,270,2023-07-30,2024-10-04,432,0,0,0,87
1764,2391,2023-09-11,2024-12-30,476,0,1,0,73
355,609,2023-12-23,2024-07-06,196,0,0,0,77
2111,224,2024-07-02,2024-06-11,-21,0,0,1,49
1550,2962,2023-10-13,2024-12-15,429,0,0,2,30
999,1057,2024-05-08,2025-04-07,334,0,0,0,25
698,1276,2023-07-17,2024-10-06,447,0,0,1,71
290,1498,2024-05-17,2024-08-27,102,0,1,2,43
1216,2851,2024-09-27,2025-01-11,106,1,2,0,81
299,1793,2023-11-18,2024-12-04,382,0,0,0,77
1182,2003,2023-08-03,2024-06-08,310,0,0,1,75
1392,704,2024-04-06,2024-08-17,133,0,0,2,45
1895,1338,2024-01-26,2025-01-11,351,0,1,1,33
1317,1200,2025-01-05,2024-10-13,-84,0,0,0,19
609,853,2024-01-25,2025-02-14,386,0,1,1,53
613,1790,2024-01-01,2024-05-01,121,0,1,0,56
1090,2582,2025-03-22,2024-08-15,-219,0,0,2,23
1263,215,2023-05-23,2024-09-25,491,0,0,0,33
1571,1239,2024-10-21,2024-07-09,-104,0,0,0,57
1334,2934,2023-08-21,2024-07-16,330,0,0,0,61
2911,2742,2024-11-30,2024-08-26,-96,0,0,0,83
2106,988,2024-07-27,2025-04-23,270,0,0,1,73
2590,2397,2024-03-17,2024-06-30,105,1,2,0,38
588,1079,2024-06-10,2024-04-29,-42,1,4,0,61
1787,2247,2024-12-28,2024-06-12,-199,0,0,0,29
427,1786,2024-04-18,2024-11-09,205,0,0,2,61
2563,1456,2023-06-09,2024-12-18,558,0,0,1,27
1055,2337,2024-04-01,2024-05-05,34,0,0,1,88
972,2844,2025-03-27,2025-03-30,3,0,0,0,76
888,1171,2024-07-13,2024-09-04,53,0,1,1,62
874,289,2025-02-02,2025-03-04,30,0,0,1,88
2231,2261,2025-04-04,2025-03-10,-25,1,2,0,65
1513,1291,2024-06-20,2025-04-17,301,0,0,2,20
2648,2583,2023-06-22,2024-12-05,532,0,0,0,74
1538,1368,2023-10-10,2024-06-10,244,0,0,1,75
1107,692,2023-08-03,2024-07-20,352,0,0,0,23
323,2242,2025-01-29,2025-04-16,77,0,0,0,70
1261,1964,2024-08-30,2024-09-09,10,0,0,0,21
1657,2406,2025-01-28,2024-05-12,-261,1,2,0,84
834,577,2024-12-15,2024-12-12,-3,0,1,0,86
1294,1575,2023-12-25,2025-01-09,381,0,0,3,60
49,2796,2025-03-01,2024-05-27,-278,1,2,0,32
145,349,2025-01-24,2025-04-04,70,1,2,0,21
2331,761,2024-05-21,2025-04-03,317,0,0,1,28
2385,529,2023-10-16,2024-05-18,215,0,0,2,78
247,503,2023-11-06,2024-06-22,229,0,0,2,41
1442,1894,2024-03-02,2024-05-30,89,0,0,0,64
2016,722,2025-03-04,2024-12-05,-89,0,1,1,88
1655,357,2024-09-29,2024-05-19,-133,0,1,0,32
1734,1685,2024-10-12,2025-01-24,104,0,0,2,21
2499,2980,2024-07-04,2024-09-27,85,0,0,2,57
1063,1975,2024-02-06,2024-11-03,271,1,0,2,69
1240,2134,2024-09-19,2025-02-14,148,0,1,2,17
2799,417,2024-12-23,2024-06-29,-177,0,0,0,86
665,710,2024-10-15,2024-11-05,21,1,1,0,49
1700,1912,2025-02-19,2025-02-10,-9,0,0,0,57
873,2035,2025-02-19,2024-12-26,-55,1,2,0,66
776,692,2023-11-19,2024-09-04,290,0,1,0,23
853,867,2023-09-04,2024-09-17,379,0,0,0,67
1486,2143,2023-05-05,2024-08-14,467,0,0,0,77
803,1516,2024-08-08,2025-01-05,150,0,0,0,18
943,2517,2023-07-21,2025-02-02,562,0,0,1,58
2595,1237,2024-07-17,2024-10-12,87,0,1,2,83
1556,79,2024-06-08,2025-01-06,212,0,1,1,17
293,2068,2025-03-30,2025-02-24,-34,0,0,0,34
2767,349,2023-07-28,2025-02-06,559,0,0,0,19
810,1808,2024-07-12,2024-09-02,52,0,1,1,24
1455,657,2025-01-20,2025-01-09,-11,1,1,1,65
2051,348,2024-10-22,2024-05-25,-150,0,1,0,25
513,2286,2025-03-18,2024-10-25,-144,0,0,0,70
2393,850,2025-04-18,2025-02-05,-72,0,0,0,20
1984,2215,2024-11-26,2024-09-07,-80,1,1,2,64
1810,73,2024-04-21,2024-09-05,137,0,0,0,76
360,1334,2024-02-12,2024-11-08,270,0,0,1,47
538,1231,2025-04-05,2024-05-01,-339,0,1,1,25
2692,2217,2023-08-27,2025-02-08,531,0,0,1,37
2713,1165,2024-05-13,2025-04-06,328,0,0,0,59
1613,461,2023-12-16,2024-07-11,208,0,1,1,43
933,2378,2023-09-30,2024-10-06,372,0,0,2,38
1646,65,2023-05-16,2024-12-02,566,0,0,0,20
1551,2121,2024-03-13,2024-11-14,246,1,2,1,87
1991,807,2023-06-27,2024-07-19,388,0,0,0,34
1371,1338,2024-01-28,2024-06-26,150,1,2,1,33
980,122,2023-06-13,2025-02-18,616,0,0,1,80
1339,1224,2024-03-04,2024-10-02,212,0,0,0,18
1581,2308,2024-03-30,2024-12-06,251,0,1,1,27
878,2658,2025-03-17,2024-09-17,-181,0,0,3,25
711,1856,2023-08-22,2024-11-15,451,0,0,0,26
2673,1809,2024-03-18,2025-02-23,342,0,0,3,86
48,581,2024-12-07,2024-05-12,-209,0,0,1,64
1939,2,2024-10-06,2024-12-25,80,0,0,0,86
402,1700,2024-05-23,2024-05-05,-18,0,1,0,41
1666,1951,2024-11-06,2024-11-17,11,1,1,0,75
1973,1274,2025-03-11,2024-11-29,-102,0,0,0,77
408,803,2023-10-08,2024-08-21,318,0,0,0,76
2787,1530,2023-08-17,2025-02-28,561,0,0,0,84
2035,1441,2024-11-25,2024-10-21,-35,0,1,0,31
125,2771,2024-11-03,2024-08-19,-76,0,0,0,41
1084,92,2023-06-18,2024-10-17,487,0,0,2,37
1934,1002,2024-07-31,2024-08-21,21,0,0,2,29
529,75,2025-02-05,2024-05-19,-262,1,2,3,71
815,1715,2023-09-02,2024-06-15,287,0,0,0,78
643,2400,2025-03-08,2024-09-03,-186,0,0,2,71
1051,895,2024-03-14,2025-04-04,386,0,1,1,19
601,1929,2023-09-21,2025-02-04,502,0,0,2,39
148,991,2023-09-16,2025-01-13,485,0,0,1,43
510,1566,2025-03-30,2024-07-30,-243,0,0,2,90
1193,556,2024-11-20,2024-12-06,16,0,0,0,62
1807,2851,2023-11-09,2025-01-12,430,0,0,0,80
2899,1166,2023-05-16,2024-10-28,531,0,0,1,70
359,1571,2023-11-28,2024-07-03,218,0,0,3,48
1214,237,2025-03-29,2024-05-26,-307,0,0,2,32
2509,1075,2023-11-06,2024-12-17,407,1,1,3,66
1065,1010,2023-11-26,2025-02-21,453,0,1,0,21
2177,268,2025-03-12,2025-01-19,-52,0,1,0,65
1276,854,2023-10-04,2024-09-21,353,0,1,1,75
2592,2425,2023-11-17,2024-06-26,222,0,0,0,32
2120,523,2023-06-02,2024-11-16,533,0,0,0,53
2788,1374,2023-08-10,2024-07-01,326,0,0,0,60
2308,184,2023-05-14,2024-04-29,351,0,0,0,48
139,1027,2023-06-07,2024-12-27,569,0,0,0,53
128,206,2025-02-26,2024-10-29,-120,1,2,2,19
2766,32,2023-10-22,2024-09-26,340,0,0,0,62
1168,715,2024-07-12,2024-11-10,121,1,1,0,43
2702,1073,2024-05-11,2024-12-22,225,1,2,0,89
2506,2857,2023-10-29,2025-02-26,486,0,0,0,78
294,2344,2023-11-03,2024-10-06,338,0,1,0,20
228,2121,2024-07-05,2025-02-20,230,1,3,1,87
1126,1781,2024-09-07,2025-04-04,209,0,0,0,32
1207,2677,2023-11-25,2024-09-06,286,0,0,1,70
2524,1580,2024-03-07,2024-08-09,155,0,0,0,80
1440,2851,2023-12-14,2025-04-21,494,1,1,0,80
1974,1775,2023-09-17,2024-12-24,464,0,0,1,18
2877,2154,2024-07-25,2024-09-18,55,0,1,2,41
2054,1745,2024-12-16,2024-09-25,-82,1,2,3,43
441,2019,2023-07-01,2024-11-02,490,0,0,0,45
179,2128,2024-05-08,2024-06-17,40,0,0,0,56
1524,2434,2023-10-10,2024-08-17,312,0,0,1,61
2946,2434,2024-11-18,2024-08-19,-91,1,1,1,62
1961,2634,2023-12-03,2025-01-19,413,1,1,1,35
1829,2731,2024-11-02,2025-01-11,70,0,0,0,31
1349,2336,2024-11-07,2025-01-09,63,0,0,0,70
2020,342,2025-02-15,2024-09-02,-166,0,1,0,81
1503,2293,2024-03-29,2024-05-10,42,1,2,1,86
900,2265,2024-04-22,2024-07-23,92,0,0,2,53
33,2810,2024-06-20,2024-08-01,42,0,1,0,36
2462,36,2024-07-06,2024-12-13,160,0,1,3,18
466,2509,2024-06-14,2024-05-13,-32,0,1,0,45
1427,2699,2025-03-09,2024-12-05,-94,0,0,1,85
2807,1643,2023-12-23,2024-09-10,262,0,0,2,19
610,1802,2023-10-20,2025-02-01,470,0,0,0,59
1566,2406,2023-11-26,2024-08-03,251,0,1,0,83
472,1551,2024-12-19,2024-09-24,-86,0,1,0,63
2504,1996,2024-02-12,2024-12-02,294,0,0,2,32
2286,251,2023-08-29,2024-09-08,376,0,0,0,21
325,2214,2024-08-01,2024-11-11,102,0,0,0,59
168,1882,2024-06-09,2025-02-02,238,0,0,0,50
1605,231,2023-08-27,2025-02-16,539,0,0,2,64
449,754,2023-10-04,2024-09-09,341,0,0,0,33
1889,2126,2024-12-05,2024-09-12,-84,0,0,2,54
589,2364,2024-06-09,2024-10-10,123,0,0,2,62
807,1947,2023-06-16,2024-05-15,334,0,0,3,18
2244,1036,2024-09-06,2024-06-24,-74,0,0,0,88
2730,1591,2023-09-06,2024-09-05,365,0,0,3,30
193,1777,2024-05-21,2024-08-20,91,0,0,2,62
1099,874,2025-01-17,2024-08-11,-159,1,2,2,46
75,1129,2024-05-21,2024-10-14,146,0,1,2,38
2430,1134,2025-01-17,2024-12-17,-31,0,1,0,66
436,980,2023-06-02,2024-08-07,432,0,0,3,79
394,1655,2023-07-31,2024-05-22,296,0,0,0,42
576,821,2025-02-02,2024-05-28,-250,1,1,0,78
1950,1188,2025-01-20,2024-11-17,-64,0,1,0,21
903,1829,2025-04-20,2024-09-24,-208,1,2,0,18
1266,2274,2023-09-04,2024-12-10,463,0,0,0,28
1231,1071,2023-10-09,2025-02-16,496,0,0,1,76
1241,2901,2024-11-27,2025-01-04,38,0,0,1,24
2482,457,2023-05-26,2024-05-04,344,0,0,0,69
1355,1114,2023-08-12,2024-09-08,393,0,0,1,50
2264,2802,2024-09-16,2025-02-03,140,0,0,0,46
69,1019,2023-12-02,2024-09-01,274,0,0,0,35
1792,1264,2024-01-12,2024-07-26,196,0,0,1,29
363,2590,2024-01-11,2025-03-13,427,0,0,0,20
1573,1697,2023-08-12,2024-06-15,308,1,1,0,72
13,111,2025-03-23,2024-07-09,-257,0,0,0,84
1890,1475,2024-05-22,2024-07-30,69,0,0,0,64
426,966,2025-04-04,2024-07-28,-250,1,1,1,68
1337,600,2024-06-30,2024-12-19,172,1,1,2,36
2199,2103,2023-12-03,2024-07-06,216,0,0,0,56
1325,2527,2024-04-08,2024-06-01,54,0,0,0,40
1881,962,2024-02-28,2025-02-01,339,0,0,2,65
235,2910,2024-02-10,2024-08-04,176,1,1,2,65
1996,1987,2023-10-27,2024-07-21,268,0,1,0,35
382,2649,2024-01-06,2024-07-20,196,0,1,0,32
2189,747,2025-04-09,2024-11-11,-149,0,0,0,71
1918,585,2024-12-21,2024-04-25,-240,1,2,2,80
1217,648,2023-11-11,2025-01-26,442,0,1,0,67
504,33,2024-02-19,2024-10-10,234,0,0,1,85
2993,1210,2025-02-18,2024-06-23,-240,1,2,0,69
631,2136,2023-05-02,2025-04-24,723,0,0,0,47
291,526,2023-08-05,2024-08-19,380,0,0,2,21
1320,2796,2024-12-22,2024-12-07,-15,0,1,0,32
160,1993,2025-03-26,2024-06-30,-269,0,1,2,25
2707,328,2023-10-11,2024-08-02,296,0,0,0,59
2717,2915,2025-04-11,2024-08-18,-236,1,2,0,57
2723,1332,2023-08-25,2024-12-05,468,0,0,3,88
1209,2786,2024-01-02,2024-09-29,271,0,0,0,50
1718,1128,2023-08-07,2024-06-30,328,0,0,0,48
350,299,2025-03-03,2024-06-15,-261,0,0,0,77
443,1939,2024-01-14,2025-03-05,416,0,0,0,77
1561,1639,2024-10-16,2024-06-06,-132,0,1,0,35
231,63,2023-08-03,2024-10-26,450,1,1,3,33
2005,45,2024-12-01,2024-10-05,-57,0,0,2,25
2108,183,2024-10-20,2024-11-14,25,0,0,1,40
1680,1479,2024-07-19,2025-02-02,198,0,0,1,87
1695,311,2025-03-02,2024-11-23,-99,0,1,0,44
2554,1640,2024-10-15,2024-07-08,-99,0,0,0,77
2364,1175,2023-10-11,2025-01-07,454,0,0,1,51
977,1869,2024-03-12,2024-10-11,213,0,0,2,87
2306,2753,2023-07-01,2024-05-08,312,0,0,0,85
2983,857,2023-06-06,2024-09-10,462,0,0,2,57
1659,2518,2024-07-01,2024-09-13,74,1,2,1,57
530,2430,2023-06-23,2024-07-09,382,0,0,0,73
2765,443,2023-05-21,2024-11-21,550,0,0,0,87
1358,1122,2025-01-28,2025-02-10,13,1,1,0,75
949,214,2024-09-05,2024-12-22,108,0,0,0,21
2982,500,2023-08-10,2024-11-08,456,0,0,2,59
1929,1141,2023-08-26,2024-12-01,463,0,0,2,20
1290,2879,2024-03-03,2024-08-19,169,0,0,2,72
2814,901,2024-04-26,2025-02-05,285,0,0,2,23
406,1486,2024-10-26,2024-10-28,2,0,0,1,75
840,2951,2024-02-05,2024-09-26,234,0,0,0,36
2174,144,2025-04-12,2024-09-01,-223,1,1,2,88
1917,395,2024-07-24,2024-08-12,19,0,0,0,49
2614,1024,2024-08-09,2024-04-27,-104,0,1,1,54
1802,530,2024-02-19,2024-08-07,170,1,1,3,50
1785,2158,2025-02-07,2025-01-12,-26,0,2,1,47
1497,2735,2024-01-28,2025-04-17,445,0,0,0,62
1790,1107,2025-01-07,2025-02-15,39,0,1,2,73
215,1855,2023-09-24,2024-09-30,372,0,0,1,40
2571,1660,2024-10-01,2024-09-25,-6,1,1,1,40
500,1349,2023-11-22,2024-10-14,327,0,1,0,33
1022,990,2024-01-01,2024-06-01,152,0,0,2,42
24,564,2025-01-18,2024-07-20,-182,0,1,0,21
1062,2257,2025-02-26,2025-04-22,55,0,0,2,46
210,2066,2024-10-13,2025-03-06,144,0,1,0,26
1072,2114,2024-09-06,2025-04-14,220,0,0,2,32
1482,422,2024-07-24,2024-07-18,-6,0,1,0,77
1755,2432,2024-10-18,2025-03-17,150,0,1,0,49
1583,2798,2025-01-28,2024-07-22,-190,1,3,0,38
188,1284,2024-04-06,2024-08-15,131,0,0,2,51
2479,2507,2024-03-16,2024-11-13,242,0,0,2,58
2293,404,2024-12-10,2024-06-23,-170,1,1,0,67
2136,486,2023-05-14,2024-08-28,472,0,0,0,85
2776,2198,2023-11-07,2024-12-11,400,1,1,0,71
98,1914,2023-12-16,2024-08-24,252,0,0,2,32
2218,680,2024-08-03,2025-04-01,241,0,0,2,42
1327,402,2023-09-29,2025-04-23,572,0,0,1,38
2659,2397,2023-12-01,2024-08-22,265,0,0,0,38
708,2083,2025-03-01,2024-07-05,-239,0,1,0,50
1468,2498,2024-08-20,2025-04-13,236,0,0,0,61
2400,765,2024-07-11,2025-04-16,279,0,0,0,21
2701,1294,2023-12-28,2024-09-10,257,0,0,1,80
978,808,2023-12-14,2025-01-21,404,0,0,0,21
1089,2894,2024-11-27,2024-07-03,-147,0,1,0,34
2341,2197,2023-09-14,2025-01-24,498,0,0,0,71
2560,1070,2024-11-06,2025-03-23,137,0,0,0,68
2532,1203,2024-09-21,2024-11-10,50,0,0,0,67
454,529,2023-11-25,2024-11-29,370,1,1,2,78
2720,340,2023-05-31,2024-07-29,425,0,0,2,35
2475,748,2023-08-23,2024-12-28,493,0,0,0,74
2977,1539,2024-12-29,2025-01-23,25,1,1,1,32
1860,2955,2023-09-05,2024-07-02,301,0,0,1,60
2079,1757,2025-04-12,2024-07-05,-281,0,0,0,81
627,2893,2025-01-14,2025-02-28,45,0,0,1,76
2839,346,2023-05-20,2024-09-23,492,0,0,0,18
30,2891,2023-07-28,2024-12-21,512,0,0,0,20
32,2290,2023-12-23,2025-03-22,455,0,0,0,44
710,33,2024-10-11,2024-09-29,-12,1,1,1,86
1567,653,2023-07-04,2024-10-10,464,0,0,0,51
1539,2188,2023-04-25,2025-01-14,630,0,0,0,41
1634,847,2025-03-26,2025-01-04,-81,0,0,2,35
2578,230,2024-03-25,2024-06-15,82,0,1,0,30
1147,1345,2024-06-07,2024-12-08,184,1,1,3,61
785,256,2023-05-31,2025-04-06,676,0,0,0,24
830,2180,2024-05-30,2024-08-13,75,0,0,0,25
577,1209,2024-10-05,2025-01-08,95,1,1,0,26
2547,835,2024-09-25,2024-11-21,57,0,0,0,19
2440,2437,2024-10-18,2024-05-12,-159,0,1,0,81
1340,1952,2024-02-09,2024-09-23,227,0,0,0,47
615,215,2023-08-27,2024-08-31,370,0,1,0,33
2501,791,2025-01-28,2025-04-10,72,1,2,2,82
906,368,2024-06-29,2024-11-26,150,0,0,0,41
1730,2486,2025-02-01,2024-08-31,-154,1,2,2,27
2426,2654,2024-08-21,2024-06-03,-79,1,2,1,62
1071,504,2023-07-11,2025-01-19,558,0,0,2,64
1832,1704,2023-07-17,2025-03-10,602,0,0,2,82
1923,2184,2023-12-24,2025-01-01,374,1,1,1,46
368,2563,2024-06-13,2024-08-27,75,0,0,1,29
705,1324,2023-05-05,2024-05-14,375,0,0,1,74
431,1646,2024-12-28,2025-03-15,77,1,1,2,51
1016,1361,2024-02-28,2025-01-20,327,0,0,0,74
2041,523,2024-08-01,2024-06-26,-36,0,1,0,55
2431,2862,2024-07-27,2024-12-22,148,1,2,0,25
2557,2348,2023-10-11,2024-09-11,336,0,0,1,29
419,513,2023-06-06,2025-01-03,577,0,0,0,47
1064,206,2023-10-31,2025-01-30,457,0,0,2,17
2555,639,2024-09-30,2025-04-07,189,0,1,2,31
1056,2330,2024-06-04,2024-12-14,193,1,1,2,42
1324,1568,2024-11-15,2024-11-22,7,1,1,0,63
1848,2987,2023-11-30,2024-05-20,172,0,0,3,28
1069,882,2023-10-17,2024-06-09,236,0,0,0,16
2083,2237,2025-03-10,2024-09-20,-171,0,1,1,40
1601,2532,2025-03-21,2024-06-11,-283,0,1,2,20
2696,841,2024-05-13,2024-12-24,225,0,0,1,87
1856,1214,2024-05-14,2024-11-12,182,0,0,0,40
1097,1522,2023-08-31,2024-04-24,237,0,0,0,86
663,30,2024-06-16,2025-03-26,283,1,2,0,78
2460,776,2024-06-18,2024-06-22,4,0,0,3,53
2539,1531,2024-05-11,2025-02-19,284,0,0,3,17
2642,1799,2024-03-27,2024-06-27,92,0,0,1,25
428,1613,2024-05-09,2025-01-10,246,0,0,1,58
133,203,2023-09-27,2025-03-07,527,0,1,0,25
1465,1086,2023-08-02,2024-06-11,314,0,0,2,64
2525,2952,2024-07-12,2024-10-29,109,0,0,0,81
165,2568,2023-11-27,2024-12-04,373,0,0,0,52
2756,2985,2024-01-07,2024-11-14,312,0,0,2,18
1452,474,2024-07-04,2024-08-23,50,0,0,2,62
1338,1550,2024-10-02,2024-09-23,-9,0,1,0,21
932,2217,2024-12-29,2025-02-13,46,1,2,1,38
860,2597,2025-02-28,2025-03-26,26,0,2,0,76
2074,896,2025-04-23,2025-03-09,-45,1,4,2,34
717,428,2024-02-25,2025-03-26,395,0,0,0,17
668,2693,2023-08-10,2024-08-17,373,0,0,0,56
2907,2809,2024-07-14,2024-11-11,120,0,0,0,17
2001,2562,2024-04-23,2024-07-15,83,0,0,1,31
2351,2025,2024-07-26,2024-11-08,105,0,1,1,50
1884,1436,2023-05-26,2024-10-28,521,0,0,0,70
1684,2553,2023-08-21,2024-12-11,478,0,0,2,46
2962,1736,2023-11-21,2024-11-24,369,0,0,2,27
2674,1519,2023-09-16,2025-01-29,501,0,0,0,25
2129,943,2023-07-17,2025-02-02,566,0,0,2,35
2217,1645,2024-08-14,2024-12-29,137,1,1,0,67
1908,22,2024-08-21,2024-10-04,44,0,0,1,68
233,463,2023-04-30,2024-04-26,362,0,0,0,40
109,1987,2023-08-15,2024-11-14,457,0,0,0,35
366,427,2024-07-26,2024-06-21,-35,0,0,0,29
261,1662,2024-06-22,2024-09-11,81,0,0,0,64
688,2912,2024-09-17,2024-06-30,-79,0,0,0,27
1164,241,2024-05-08,2024-07-27,80,0,1,0,37
1568,108,2025-02-16,2024-06-06,-255,0,1,0,52
140,2693,2024-04-18,2024-09-25,160,0,1,0,57
638,2425,2024-03-11,2024-10-25,228,0,1,0,32
1173,227,2024-08-10,2025-01-12,155,0,0,2,43
766,2003,2025-03-14,2024-09-27,-168,1,1,1,76
1367,2363,2024-12-02,2025-02-26,86,0,0,2,76
671,408,2024-09-22,2024-11-08,47,0,1,0,42
1395,1841,2024-02-17,2024-10-18,244,0,1,1,63
1309,344,2024-10-16,2024-10-25,9,0,0,0,90
2003,2436,2024-05-04,2024-07-01,58,0,0,0,54
957,1,2024-06-11,2024-10-07,118,0,0,1,43
2309,2565,2025-04-12,2025-02-06,-65,1,4,2,25
1879,1318,2024-01-27,2024-08-31,217,0,0,0,31
1201,2843,2024-08-01,2025-02-04,187,0,0,0,68
1699,2804,2024-06-22,2025-02-02,225,1,1,2,73
885,1081,2024-05-22,2024-07-01,40,0,0,0,82
692,368,2025-01-02,2024-11-02,-61,0,1,0,41
1751,2973,2024-02-22,2025-04-10,413,0,0,2,50
2897,625,2024-08-04,2024-05-01,-95,0,0,2,41
1903,1226,2025-01-13,2024-12-29,-15,1,2,2,47
2230,726,2024-02-05,2025-01-20,350,0,0,2,34
1271,1256,2024-12-06,2024-08-08,-120,1,1,0,22
256,1462,2024-08-14,2024-09-21,38,0,0,1,59
2165,2406,2025-02-17,2024-10-11,-129,1,3,0,84
1353,1782,2025-04-01,2024-06-01,-304,0,0,3,64
546,1573,2024-02-21,2024-09-26,218,0,0,1,55
2384,2621,2023-09-07,2024-07-05,302,0,0,1,30
154,1210,2024-04-14,2025-03-01,321,0,0,0,68
20,2624,2023-05-08,2024-09-07,488,0,0,1,34
1245,327,2024-05-23,2024-12-01,192,1,1,1,76
412,293,2024-09-25,2024-07-23,-64,0,0,0,30
348,290,2023-09-29,2024-07-27,302,0,1,1,68
1485,1176,2023-07-08,2025-01-22,564,0,0,1,54
468,1065,2023-11-09,2025-04-03,511,0,0,2,47
2049,2751,2024-02-01,2024-05-24,113,0,0,1,80
2782,2382,2023-05-29,2025-03-24,665,0,0,0,52
358,1263,2024-02-02,2025-04-02,425,1,2,0,55
1516,673,2024-08-18,2024-10-06,49,0,0,1,82
2570,776,2025-03-23,2025-01-26,-56,1,3,3,54
2024,2843,2024-08-08,2025-01-08,153,1,1,0,68
1947,89,2024-07-14,2024-06-28,-16,0,1,0,60
1302,931,2024-07-18,2024-11-23,128,1,2,0,34
553,1325,2024-02-26,2025-02-23,363,0,0,2,20
1808,251,2023-10-02,2025-02-25,512,0,1,0,21
1945,1713,2024-05-26,2024-07-05,40,0,0,2,54
892,21,2024-02-25,2025-04-03,403,0,0,0,30
928,2261,2024-06-26,2024-08-21,56,0,0,0,65
1715,2929,2025-03-22,2024-08-15,-219,0,0,2,22
122,802,2025-02-03,2024-09-09,-147,0,0,1,53
2455,98,2025-02-05,2024-12-22,-45,1,2,0,81
2265,949,2024-10-18,2024-11-21,34,1,1,3,28
792,20,2023-04-30,2024-11-18,568,0,0,0,23
2150,2900,2024-11-20,2024-09-21,-60,0,0,2,56
303,2476,2023-10-22,2024-10-22,366,1,1,3,43
1692,2042,2024-05-28,2024-07-02,35,0,0,2,68
1017,2403,2024-11-02,2024-09-01,-62,1,2,0,77
1937,2100,2025-02-28,2024-05-26,-278,0,0,0,68
1122,1454,2023-12-23,2024-06-16,176,0,0,1,53
1198,1662,2024-07-16,2025-03-01,228,0,1,0,64
2180,1595,2023-05-18,2025-04-07,690,0,0,0,74
714,2108,2025-04-24,2024-06-22,-306,1,2,1,48
1405,1112,2024-01-11,2025-02-03,389,0,1,0,62
1842,2173,2023-12-09,2024-11-30,357,0,0,0,89
2387,1527,2023-06-16,2024-07-26,406,0,0,0,47
1316,2147,2024-10-24,2024-10-03,-21,0,0,0,46
1086,1412,2024-07-09,2024-11-28,142,0,0,2,82
1132,2785,2024-04-16,2024-07-24,99,0,0,0,20
2927,196,2023-08-23,2024-10-19,423,0,0,0,69
1944,2225,2024-07-06,2025-01-15,193,1,1,0,66
1081,591,2025-04-21,2024-10-05,-198,0,0,3,31
1854,1469,2024-02-09,2024-10-09,243,0,0,0,44
1588,1001,2023-09-26,2025-02-04,497,0,0,0,76
38,2932,2023-06-18,2025-04-20,672,0,0,1,25
2138,2819,2024-07-22,2024-09-16,56,0,0,2,63
2356,2985,2024-06-17,2024-07-22,35,1,1,2,18
2580,1178,2024-04-03,2024-05-06,33,0,1,0,19
1377,239,2024-09-15,2024-08-17,-29,1,2,0,87
37,506,2024-10-08,2024-08-15,-54,0,1,0,30
867,1237,2024-04-17,2024-08-04,109,0,0,2,83
2496,879,2024-05-06,2024-08-06,92,0,0,0,60
1982,307,2024-03-14,2025-04-01,383,0,0,0,57
2324,1932,2024-11-23,2024-09-30,-54,0,1,0,78
2432,442,2023-07-29,2024-07-08,345,0,0,0,81
2379,1586,2024-09-04,2024-11-19,76,1,1,0,87
1057,1667,2025-02-04,2025-02-13,9,0,0,0,82
2093,651,2025-03-24,2024-11-17,-127,1,2,3,36
1495,1802,2024-09-13,2025-03-24,192,0,1,0,60
1237,1234,2025-03-02,2024-08-22,-192,0,1,3,54
2900,1954,2023-11-16,2025-04-21,522,0,0,1,49
2337,103,2023-06-21,2025-02-11,601,0,0,1,26
1014,1666,2024-01-01,2025-02-22,418,1,3,0,72
103,2986,2023-09-18,2024-09-04,352,0,1,1,17
2576,134,2024-04-13,2025-01-19,281,0,0,1,62
289,1978,2024-04-04,2024-11-26,236,0,0,0,85
1756,2161,2024-11-15,2024-05-15,-184,1,1,2,67
2234,887,2023-09-18,2024-05-26,251,0,0,0,81
1614,311,2023-09-09,2024-12-30,478,0,0,0,43
1422,1916,2025-03-24,2024-05-11,-317,0,0,1,82
2500,2441,2024-08-28,2024-04-28,-122,0,0,0,66
2254,2476,2023-07-26,2024-07-18,358,0,0,3,42
1119,2372,2024-02-17,2024-09-19,215,0,0,0,46
2075,342,2024-10-17,2024-11-25,39,0,0,0,81
1171,273,2024-05-31,2025-02-05,250,0,0,2,64
2922,2111,2024-02-13,2025-02-07,360,1,2,2,58
2757,1674,2023-05-19,2025-02-19,642,0,0,2,66
21,2804,2023-06-01,2025-01-24,603,0,0,2,72
1054,1087,2024-10-26,2024-12-26,61,1,3,2,52
1504,1065,2024-10-03,2024-10-15,12,0,1,2,48
2790,1249,2024-05-03,2024-12-24,235,1,2,0,62
914,1054,2023-05-12,2025-01-05,604,0,0,1,28
544,1792,2023-10-02,2025-03-07,522,0,0,1,16
2406,2139,2023-12-02,2024-04-29,149,0,0,1,20
151,1087,2024-08-09,2024-06-11,-59,1,2,2,52
2445,819,2024-02-27,2024-07-08,132,0,0,1,69
2375,341,2025-01-08,2024-06-14,-208,1,1,0,88
1505,2703,2024-09-17,2024-06-04,-105,0,0,2,32
2322,238,2023-12-02,2024-11-20,354,1,1,2,71
817,977,2025-01-09,2025-02-08,30,1,1,2,81
1226,1441,2025-01-09,2024-04-26,-258,1,2,0,31
2102,128,2025-04-05,2025-01-01,-94,1,2,2,30
2629,1951,2023-06-07,2025-01-17,590,0,0,0,73
2245,899,2023-11-01,2025-03-13,498,1,2,0,34
2099,2751,2024-12-04,2024-11-02,-32,0,1,1,81
36,2212,2023-11-10,2024-12-11,397,0,0,0,79
1517,1165,2024-11-19,2024-08-10,-101,1,2,0,59
1729,1275,2024-11-13,2024-06-26,-140,0,0,0,38
392,2663,2023-08-30,2025-03-31,579,0,0,0,57
2457,1931,2023-10-17,2024-07-26,283,0,0,0,25
1148,302,2023-06-22,2024-05-16,329,0,0,0,27
2952,453,2024-02-04,2025-02-13,375,0,0,0,22
2854,1022,2023-12-19,2025-03-12,449,0,0,0,79
2323,1258,2023-08-15,2024-05-23,282,0,0,0,53
891,246,2025-01-03,2024-08-12,-144,0,1,0,59
636,1327,2025-02-05,2024-08-01,-188,0,1,0,68
1228,1257,2023-11-27,2024-08-30,277,0,0,0,83
226,1095,2023-08-29,2025-02-05,526,0,0,0,24
684,1730,2024-02-28,2024-08-31,185,1,1,0,83
1872,883,2024-07-22,2024-09-06,46,0,0,0,76
1256,737,2023-08-25,2025-02-18,543,0,0,1,33
460,510,2024-06-02,2024-08-02,61,1,1,1,89
676,2920,2024-09-15,2024-05-21,-117,0,0,3,23
378,1107,2024-01-01,2025-04-08,463,0,0,2,72
214,1946,2023-09-21,2024-11-04,410,0,0,0,71
831,714,2024-01-06,2024-11-27,326,0,1,0,34
829,1198,2023-07-07,2024-11-05,487,0,0,1,55
955,1169,2025-04-03,2024-09-07,-208,1,2,0,82
1518,75,2023-11-15,2024-05-11,178,0,0,3,70
2420,422,2024-07-16,2024-09-09,55,0,0,0,77
1169,589,2023-12-07,2025-02-17,438,0,0,3,66
2017,337,2025-03-20,2024-05-22,-302,0,0,0,31
1,2139,2024-05-10,2025-02-13,279,0,1,1,20
276,997,2024-10-10,2024-08-13,-58,0,0,0,76
1767,999,2024-10-12,2025-04-14,184,0,0,0,84
1852,2128,2025-01-07,2024-12-09,-29,0,2,0,56
679,1917,2023-05-21,2024-06-01,377,0,0,1,63
416,1455,2024-08-01,2024-06-25,-37,0,0,1,69
1357,812,2024-06-12,2024-10-27,137,0,0,1,71
2015,165,2023-11-29,2024-09-02,278,0,0,0,33
2846,1808,2023-08-17,2024-12-09,480,0,0,1,23
2295,113,2023-09-06,2024-05-09,246,0,0,0,19
2778,1995,2023-09-27,2025-01-24,485,0,0,1,50
1675,1626,2023-07-31,2025-02-11,561,0,0,0,54
1869,2026,2025-02-17,2024-12-26,-53,0,1,0,35
808,1302,2024-09-17,2024-11-23,67,0,1,0,26
2275,1159,2024-09-18,2024-07-23,-57,0,0,0,53
476,139,2024-01-05,2024-06-26,173,0,1,0,81
104,813,2023-09-28,2025-04-19,569,0,0,1,67
1103,1950,2024-01-26,2024-07-10,166,1,1,1,65
1332,2266,2024-11-04,2024-07-02,-125,0,0,1,75
791,154,2023-07-04,2025-01-01,547,0,0,1,28
743,2129,2024-12-09,2025-01-01,23,0,1,2,37
2433,2732,2023-10-08,2024-07-01,267,0,0,0,41
1584,1955,2024-08-01,2024-09-17,47,0,0,0,30
489,2524,2023-10-07,2025-04-03,544,0,0,1,71
2357,1575,2024-04-16,2024-07-17,92,0,1,3,61
881,2515,2024-02-23,2024-09-01,191,0,0,0,36
2179,175,2023-06-16,2025-01-24,588,0,0,0,16
2239,651,2023-06-11,2025-03-07,635,0,0,3,35
559,2648,2023-06-08,2025-04-09,671,0,0,1,40
1484,2576,2024-04-15,2025-01-27,287,0,0,0,61
593,1659,2025-01-11,2024-11-29,-43,1,1,3,88
2104,2546,2024-03-28,2024-05-28,61,0,0,0,27
1254,1732,2025-02-16,2024-08-20,-180,0,1,0,67
2859,1689,2024-10-10,2024-09-28,-12,1,1,2,82
2287,13,2024-12-25,2024-04-26,-243,1,2,1,47
1983,2721,2025-02-17,2024-12-19,-60,1,1,1,19
1229,1586,2023-06-06,2024-06-29,389,0,0,0,85
2248,1555,2023-10-10,2024-07-03,267,1,1,1,78
1722,634,2023-10-17,2024-05-06,202,0,0,0,64
2913,2125,2023-07-08,2024-07-03,361,0,0,1,47
828,2422,2024-05-08,2024-07-30,83,0,1,1,39
2103,1010,2025-01-21,2025-04-05,74,1,3,0,22
1018,828,2023-10-29,2024-11-29,397,0,0,0,53
990,2440,2025-01-27,2024-06-12,-229,0,0,0,56
1223,568,2024-06-26,2024-09-12,78,0,0,1,89
1116,1694,2024-12-08,2025-01-13,36,0,0,3,71
1586,264,2023-10-10,2024-07-26,290,0,0,1,31
2477,490,2023-12-07,2025-02-07,428,0,0,0,24
682,1950,2024-03-06,2024-10-18,226,1,2,1,65
793,2997,2024-07-22,2025-04-13,265,1,2,0,45
2978,2565,2023-08-22,2024-04-30,252,0,0,2,24
2744,1415,2024-11-02,2025-01-07,66,0,0,2,65
913,2102,2023-07-16,2024-05-24,313,0,0,2,17
1094,323,2024-01-09,2024-07-25,198,0,0,0,83
72,239,2024-06-18,2025-01-06,202,0,1,0,86
800,2049,2025-03-15,2024-11-03,-132,0,0,0,68
1397,606,2024-04-17,2024-07-17,91,0,0,0,17
2350,1861,2025-04-22,2024-11-04,-169,0,0,2,73
2543,2755,2024-11-27,2024-10-29,-29,0,0,1,51
1905,1009,2024-04-05,2024-06-19,75,0,0,0,28
1521,198,2023-05-19,2024-09-26,496,0,0,0,20
1637,688,2024-12-07,2024-05-29,-192,1,2,1,25
1658,1515,2023-10-14,2024-07-06,266,0,0,0,52
1124,137,2023-08-17,2024-07-23,341,0,0,3,76
661,1823,2024-08-05,2024-09-20,46,0,1,0,87
895,1504,2025-03-25,2025-02-16,-37,1,2,0,45
2471,2198,2024-11-09,2024-08-22,-79,1,3,0,72
2853,1401,2024-03-05,2025-03-16,376,0,0,1,86
1667,1659,2023-12-24,2025-03-19,451,0,0,3,87
1410,1699,2025-04-20,2025-01-13,-97,0,1,0,87
969,1357,2024-11-21,2025-02-11,82,1,1,1,67
2340,2025,2023-08-25,2024-12-15,478,0,0,1,49
2486,2942,2024-07-24,2024-10-16,84,1,2,0,90
1975,1038,2024-02-10,2025-04-07,422,0,0,0,73
2876,648,2023-09-28,2024-04-27,212,0,0,0,67
1010,1983,2024-02-05,2024-09-10,218,0,1,0,85
2395,1219,2024-09-11,2024-08-03,-39,0,1,0,62
2745,2687,2023-08-14,2024-09-18,401,0,0,1,59
882,903,2024-05-23,2024-10-02,132,0,0,0,80
2503,2938,2023-06-05,2024-12-05,549,0,0,0,46
2708,1102,2025-03-03,2024-07-18,-228,0,0,0,20
2380,1167,2025-03-06,2024-10-20,-137,1,1,1,41
1287,2012,2025-04-14,2024-06-28,-290,0,1,2,38
252,771,2023-08-30,2025-02-27,547,1,0,1,66
1005,2104,2024-04-01,2024-08-24,145,0,0,0,70
524,2244,2024-02-20,2025-03-25,399,0,0,0,46
591,2306,2024-12-24,2024-06-17,-190,1,1,0,77
1418,2452,2024-01-19,2025-01-29,376,0,0,0,58
2681,1171,2025-03-24,2024-10-16,-159,1,2,1,63
92,1117,2024-05-26,2025-02-17,267,0,1,0,55
2652,2779,2024-03-03,2025-04-02,395,1,2,1,63
1412,1171,2023-08-07,2025-01-10,522,0,0,1,62
1702,709,2023-10-17,2024-10-06,355,0,0,0,37
379,323,2024-06-20,2024-12-10,173,1,1,0,83
1048,1124,2024-01-04,2024-12-06,337,0,0,0,40
2416,2822,2024-10-12,2024-05-28,-137,0,0,0,76
2636,910,2023-11-14,2024-11-04,356,0,1,0,22
2725,2812,2025-03-19,2025-02-14,-33,0,1,0,75
1436,1295,2024-04-30,2025-01-10,255,1,2,0,39
1522,1689,2024-02-07,2024-08-25,200,0,0,2,81
2410,572,2023-07-10,2024-12-17,526,0,0,0,21
2353,2490,2023-09-02,2024-12-02,457,0,0,0,84
2472,2932,2024-10-14,2024-07-09,-97,0,1,1,26
600,1301,2023-09-11,2024-11-14,430,0,0,0,37
2382,157,2024-09-28,2025-02-17,142,0,0,3,82
1768,692,2024-03-21,2024-10-02,195,0,2,0,23
142,1968,2025-02-05,2025-04-03,57,0,1,1,47
2545,2110,2023-12-29,2024-06-28,182,0,0,1,31
2307,708,2024-09-10,2024-07-14,-58,0,1,0,29
1727,1897,2023-10-02,2024-12-07,432,0,0,0,42
219,754,2023-11-02,2025-01-09,434,1,1,0,33
241,1866,2024-03-16,2024-05-26,71,0,1,0,36
272,482,2024-05-26,2024-12-11,199,0,0,0,34
1399,2072,2024-04-04,2024-05-22,48,1,2,1,67
1694,1721,2024-07-31,2024-09-06,37,0,2,0,61
694,431,2023-08-28,2024-07-24,331,0,0,0,71
1512,1773,2025-01-12,2024-05-11,-246,1,3,0,60
1454,277,2023-11-28,2024-10-09,316,0,0,0,35
1142,1759,2024-08-09,2024-12-07,120,0,0,1,18
137,2832,2023-09-20,2024-08-17,332,0,1,0,28
106,1058,2023-11-25,2024-09-30,310,0,0,2,70
1781,2391,2023-05-27,2024-05-22,361,0,0,0,72
2013,702,2024-05-01,2024-12-09,222,0,0,0,72
2263,2936,2023-11-04,2024-05-22,200,0,0,0,58
99,1117,2024-05-22,2024-07-22,61,0,0,0,55
1330,2014,2025-01-06,2024-05-11,-240,0,0,2,84
462,1807,2023-08-09,2024-09-09,397,0,0,2,17
274,522,2024-10-22,2024-06-11,-133,0,0,1,49
1255,1693,2025-01-18,2024-12-03,-46,0,0,0,78
162,2270,2023-09-17,2024-07-26,313,0,0,0,88
352,1392,2023-06-27,2024-10-18,479,0,0,0,81
2873,1679,2024-11-18,2024-07-16,-125,0,0,2,75
1032,2223,2024-11-13,2025-01-05,53,0,2,0,56
1558,2926,2024-05-10,2024-05-22,12,0,0,0,59
127,870,2023-12-06,2025-03-06,456,1,2,0,52
880,1422,2024-09-23,2024-07-28,-57,0,0,2,82
967,416,2023-10-29,2025-04-23,542,0,0,1,89
1607,2549,2024-11-18,2024-07-25,-116,0,0,0,67
1242,2922,2023-07-15,2024-10-21,464,0,0,3,86
508,2125,2023-10-31,2025-04-04,521,1,1,1,47
2768,2029,2023-11-13,2024-08-21,282,0,0,0,64
673,785,2024-10-19,2024-08-08,-72,0,0,2,56
2211,369,2024-05-02,2024-10-24,175,0,0,2,50
465,1214,2024-08-08,2024-12-18,132,0,1,0,40
52,1378,2023-06-18,2024-05-25,342,0,0,0,67
45,1942,2023-07-14,2024-07-10,362,0,0,2,46
1281,1788,2024-01-23,2025-03-09,411,0,0,0,88
15,1574,2024-08-03,2024-08-15,12,1,1,0,81
1861,1077,2023-10-29,2024-12-13,411,0,0,1,52
1818,2111,2023-07-20,2024-10-03,441,0,0,2,58
2310,2290,2024-01-19,2024-10-19,274,0,1,0,44
2857,2166,2023-10-23,2025-04-07,532,0,0,0,83
2662,2269,2023-08-21,2025-02-17,546,0,0,0,43
185,2277,2023-05-29,2025-03-14,655,0,0,2,32
704,1056,2024-04-16,2024-11-02,200,0,0,1,51
1328,1603,2023-09-19,2024-10-03,380,0,0,0,36
421,1984,2024-02-18,2025-02-08,356,0,0,1,25
672,1147,2024-02-24,2024-05-01,67,0,0,0,78
2334,2870,2024-02-18,2025-02-23,371,0,0,0,80
1106,228,2023-10-02,2025-02-06,493,0,0,2,78
2057,1144,2023-08-16,2024-07-19,338,0,0,2,40
2419,2481,2024-03-07,2024-06-22,107,0,0,0,26
2834,187,2024-03-27,2024-09-02,159,0,0,3,28
121,751,2024-04-19,2024-09-28,162,0,0,2,33
2279,721,2024-01-04,2024-10-28,298,0,0,0,56
983,1103,2024-10-16,2024-09-05,-41,0,0,0,18
2498,217,2023-07-22,2024-05-04,287,0,0,0,38
1954,2915,2025-01-26,2024-07-28,-182,0,1,0,56
2256,1263,2023-12-28,2025-02-20,420,1,1,0,55
3000,2798,2023-10-20,2024-11-27,404,0,1,0,36
1744,2325,2025-02-16,2024-12-26,-52,0,0,2,26
295,622,2024-11-28,2024-04-27,-215,0,0,0,34
1749,2623,2023-09-29,2025-02-28,518,0,0,0,31
1580,1950,2023-06-08,2025-02-06,609,0,0,1,64
2202,1913,2024-06-15,2024-07-26,41,1,1,0,49
1544,2176,2023-08-30,2024-12-23,481,0,1,2,18
2538,1345,2024-04-25,2024-10-17,175,0,0,3,60
1052,160,2023-07-09,2024-11-19,499,0,0,1,33
114,2810,2023-08-26,2025-01-09,502,0,0,0,35
2831,2448,2024-01-04,2024-04-28,115,0,0,0,21
2262,1169,2024-03-07,2024-08-30,176,0,1,0,81
689,2986,2023-07-01,2024-08-26,422,0,0,1,16
1652,2723,2024-09-16,2025-02-06,143,1,2,0,59
2969,1752,2025-02-13,2025-03-30,45,0,0,0,88
2269,2548,2024-11-20,2024-05-18,-186,0,0,0,33
667,1539,2023-11-14,2024-06-20,219,0,0,1,31
410,2595,2024-10-25,2025-02-14,112,0,0,0,36
572,160,2024-12-23,2024-11-11,-42,1,2,1,35
2492,2389,2024-10-13,2024-06-07,-128,0,0,0,71
1172,2103,2025-03-29,2024-12-23,-96,1,2,0,58
1002,2187,2025-03-31,2024-07-10,-264,1,1,0,42
1540,961,2024-01-25,2025-02-28,400,0,0,1,47
2411,2252,2024-05-20,2024-11-17,181,0,0,2,80
2634,1087,2024-05-26,2025-02-22,272,1,1,2,52
2390,367,2024-12-29,2024-08-03,-148,0,1,2,66
2167,2364,2024-11-14,2024-12-30,46,1,1,2,63
2101,972,2023-06-04,2024-12-13,558,0,0,0,21
391,2765,2024-03-07,2024-10-27,234,1,2,3,21
1125,106,2023-06-10,2025-02-04,605,0,0,1,84
2605,156,2024-01-17,2025-01-08,357,0,0,0,83
2519,508,2023-10-19,2025-02-05,475,0,0,2,87
2964,1458,2023-05-07,2025-03-28,691,0,0,0,62
924,2962,2024-03-16,2024-08-08,145,0,1,2,31
278,1161,2023-07-17,2024-07-10,359,0,0,0,64
275,2206,2025-03-30,2024-05-07,-327,1,1,0,89
872,103,2023-12-21,2024-10-18,302,1,1,1,27
935,2522,2024-02-02,2024-07-15,164,0,0,0,83
1015,1722,2024-11-26,2025-02-18,84,0,1,0,29
2494,805,2023-04-28,2024-05-04,372,0,0,1,17
2201,726,2024-10-16,2024-11-18,33,1,1,2,35
1391,149,2024-03-31,2024-11-16,230,0,0,1,28
2226,1749,2023-10-04,2024-06-24,264,0,0,1,84
1596,1488,2023-06-29,2024-05-19,325,0,0,0,55
205,2268,2024-01-28,2024-05-14,107,0,0,0,58
1303,1556,2024-07-20,2024-07-30,10,0,0,1,37
816,122,2024-11-05,2024-05-09,-180,1,1,1,81
351,1182,2024-05-04,2025-03-17,317,0,1,0,19
2413,1246,2025-03-09,2025-04-22,44,1,1,0,74
2588,2272,2024-04-15,2025-01-06,266,0,0,0,56
1259,2034,2024-03-19,2024-06-20,93,0,0,0,53
1393,2356,2025-01-06,2024-05-22,-229,0,1,2,47
1577,2957,2025-04-22,2024-10-28,-176,1,1,2,22
556,1996,2024-07-22,2024-04-29,-84,0,1,2,32
598,949,2025-04-03,2025-01-30,-63,1,2,3,28
248,1754,2024-05-05,2024-07-11,67,0,0,2,21
1386,2323,2024-03-15,2024-08-10,148,0,0,1,51
119,2418,2023-10-25,2024-07-02,251,0,0,0,63
2391,1121,2024-05-26,2024-09-27,124,0,0,2,42
2905,1479,2024-11-08,2024-06-20,-141,1,1,1,87
324,1318,2025-02-20,2024-08-04,-200,1,2,0,32
1878,2795,2024-03-23,2025-03-23,365,0,0,0,46
2896,1932,2024-10-18,2024-04-29,-172,0,0,0,78
2793,1868,2023-10-12,2024-05-14,215,1,1,0,67
1759,1492,2024-06-20,2025-02-19,244,1,2,0,23
2442,18,2025-01-21,2024-07-04,-201,0,0,1,27
326,1816,2024-05-18,2024-11-08,174,0,0,1,70
1624,1038,2024-09-06,2024-12-07,92,1,1,0,73
375,2977,2025-03-16,2024-07-22,-237,1,1,3,70
2691,2832,2025-02-17,2025-04-18,60,1,3,0,29
2961,1790,2024-08-23,2024-06-21,-63,1,3,0,57
2986,42,2024-12-03,2024-08-03,-122,0,0,0,64
1640,720,2023-11-04,2024-06-10,219,0,0,2,72
2517,983,2025-02-01,2025-03-06,33,0,0,3,69
763,2993,2024-02-12,2025-03-26,408,0,0,2,70
721,2928,2023-11-02,2025-01-07,432,0,0,0,30
1591,9,2024-07-08,2024-07-27,19,0,0,2,89
115,567,2024-11-13,2024-09-27,-47,0,0,0,77
629,2189,2024-05-05,2024-09-16,134,0,1,0,52
2124,2201,2024-01-07,2025-01-14,373,0,0,0,24
1283,1292,2024-01-11,2025-01-12,367,0,0,0,23
2534,1714,2023-12-11,2025-01-31,417,0,0,2,29
1876,15,2024-03-31,2025-01-11,286,1,2,3,36
536,1266,2025-03-25,2025-01-21,-63,0,0,0,84
65,979,2023-12-21,2024-11-21,336,0,0,0,62
1305,1302,2023-05-22,2024-10-22,519,0,0,0,25
535,903,2025-04-05,2025-01-13,-82,1,2,0,81
1178,1333,2025-01-18,2024-08-09,-162,0,1,0,46
1009,2570,2024-12-04,2024-11-27,-7,0,0,2,53
617,500,2025-04-22,2025-04-14,-8,1,2,2,61
2902,1817,2024-07-19,2025-02-17,213,0,0,0,39
371,888,2023-10-22,2024-07-03,255,0,0,2,43
1067,791,2023-09-23,2024-11-30,434,0,0,2,80
1451,1981,2023-08-09,2025-02-22,563,0,0,0,66
1461,1902,2024-06-21,2024-09-14,85,0,0,0,43
505,2462,2024-06-22,2024-09-16,86,0,0,1,80
1042,1207,2023-09-13,2024-12-08,452,0,0,1,49
164,2113,2024-03-12,2024-05-26,75,0,0,0,72
2863,2060,2023-10-09,2025-01-14,463,0,0,2,33
76,790,2023-05-03,2024-07-29,453,0,0,0,88
1190,872,2024-08-04,2024-11-24,112,0,0,0,44
2684,2782,2023-05-26,2025-01-05,590,0,1,0,52
1066,710,2025-01-01,2024-08-26,-128,1,2,0,49
1720,1957,2024-10-17,2024-07-24,-85,0,0,1,75
575,2779,2024-09-25,2025-04-07,194,1,3,1,64
1821,2882,2024-01-07,2024-12-31,359,0,0,0,44
735,2001,2023-08-28,2024-12-29,489,0,0,2,76
2345,245,2025-01-26,2025-03-08,41,1,1,1,60
2987,1925,2024-05-16,2024-11-05,173,1,1,2,55
2288,1938,2024-12-09,2024-08-22,-109,0,0,1,86
847,2138,2023-07-06,2024-08-23,414,0,0,0,27
369,1055,2023-08-22,2024-11-11,447,0,0,0,38
2283,2471,2024-01-31,2025-01-28,363,0,0,1,36
2675,1737,2023-07-31,2024-10-17,444,0,0,0,73
2593,385,2024-11-21,2024-12-26,35,0,0,0,40
2801,2762,2024-11-23,2024-06-09,-167,0,0,0,41
1791,1721,2023-04-29,2024-05-05,372,0,0,0,60
2609,1499,2023-08-26,2024-06-05,284,0,0,2,19
89,386,2023-06-06,2024-11-07,520,0,0,0,40
982,104,2024-07-13,2024-12-15,155,0,0,0,80
541,1355,2024-01-20,2025-03-23,428,0,0,0,32
2033,391,2024-07-22,2025-01-31,193,0,0,0,18
170,939,2024-05-19,2025-03-26,311,0,0,1,30
2512,2565,2024-05-27,2025-04-05,313,0,1,2,24
1137,324,2024-12-27,2024-12-26,-1,0,0,0,87
2903,2040,2023-07-18,2025-01-24,556,0,0,0,44
769,1879,2023-05-19,2024-07-31,439,0,0,0,31
2491,2266,2025-01-16,2024-05-31,-230,0,1,1,75
1820,1626,2023-08-29,2024-06-16,292,0,1,0,54
2653,696,2025-01-26,2025-04-06,70,0,0,0,72
628,188,2023-12-02,2024-09-23,296,0,0,2,67
2763,1343,2024-05-04,2025-03-03,303,0,0,0,85
232,113,2024-10-01,2025-03-25,175,0,2,0,21
1859,1474,2024-01-28,2024-08-31,216,0,0,0,78
1093,1327,2024-08-04,2024-09-19,46,0,0,0,67
2611,1928,2024-05-11,2024-07-02,52,0,0,0,37
1763,1897,2025-04-01,2025-04-10,9,0,1,0,44
2647,1312,2024-11-09,2025-04-10,152,0,0,0,66
1487,2065,2024-04-27,2024-07-08,72,0,0,0,55
190,706,2023-12-22,2024-04-30,130,0,1,0,61
2754,1605,2023-05-05,2025-04-16,712,0,0,1,30
1076,2794,2025-02-15,2025-01-20,-26,1,2,0,54
894,2588,2023-08-16,2024-12-31,503,0,0,3,25
532,394,2023-11-02,2024-11-04,368,1,1,0,65
646,1299,2024-12-11,2025-04-10,120,0,1,0,74
2396,1452,2023-10-12,2024-07-02,264,0,1,0,28
2153,1201,2023-11-06,2024-08-22,290,0,0,0,33
722,165,2024-06-19,2024-04-24,-56,0,1,0,33
1765,1544,2023-07-10,2024-12-04,513,0,0,0,36
1006,1254,2024-04-10,2024-11-06,210,0,0,0,39
2456,1135,2023-08-21,2024-11-27,464,0,0,1,45
1111,241,2023-05-18,2025-01-02,595,0,0,0,36
2252,1193,2024-02-17,2025-01-02,320,0,0,0,22
2541,2095,2024-03-11,2024-10-26,229,0,0,2,70
5,1187,2023-05-14,2024-09-11,486,0,0,0,57
1656,2260,2024-09-18,2024-07-25,-55,0,1,0,58
1762,2089,2023-06-30,2024-07-23,389,0,0,3,71
2470,1089,2023-09-12,2024-05-27,258,0,0,1,49
877,1614,2025-02-28,2024-12-29,-61,0,0,1,40
788,1353,2023-06-08,2025-03-17,648,0,0,0,58
1252,2675,2024-10-05,2025-04-04,181,0,0,0,78
2452,2776,2024-07-31,2024-09-28,59,0,0,1,65
612,1497,2024-01-27,2024-07-01,156,0,0,1,51
2975,1317,2024-08-09,2024-07-16,-24,0,0,1,65
1931,603,2024-07-24,2025-01-03,163,0,0,1,42
516,2924,2023-04-30,2024-06-21,418,0,0,3,55
1528,1836,2024-02-04,2025-04-14,435,0,0,1,35
1037,800,2023-04-29,2025-04-19,721,0,0,0,68
455,815,2025-03-05,2024-12-12,-83,1,3,0,20
2349,722,2024-05-02,2024-06-30,59,0,0,1,87
778,2455,2025-01-22,2024-12-22,-31,0,0,0,44
1036,72,2024-09-06,2024-11-28,83,0,0,1,71
651,1813,2023-09-12,2025-04-10,576,0,0,2,26
260,1707,2024-07-24,2024-08-05,12,0,0,0,25
2843,2316,2025-02-10,2024-10-06,-127,1,1,0,61
652,1829,2025-03-14,2024-08-30,-196,0,1,0,17
1795,1549,2024-07-01,2024-12-05,157,0,0,0,26
172,1304,2024-07-18,2025-03-19,244,0,0,0,84
173,774,2025-03-20,2025-01-29,-50,0,0,0,70
2680,1483,2023-05-19,2024-06-23,401,0,0,0,27
339,1373,2024-09-13,2024-04-25,-141,0,1,0,68
2722,887,2023-09-18,2024-07-09,295,0,0,0,81
310,2191,2024-04-29,2024-11-18,203,0,0,1,49
697,1022,2025-02-17,2025-01-30,-18,1,3,0,80
1074,1287,2023-10-28,2024-07-07,253,0,0,2,56
2070,1779,2024-07-01,2025-01-03,186,0,0,3,29
2444,1608,2023-05-02,2024-04-28,362,0,0,3,87
1227,230,2025-01-10,2024-06-04,-220,1,2,0,30
1398,908,2024-06-27,2025-01-14,201,0,0,0,22
2421,290,2025-01-27,2024-09-24,-125,1,2,1,69
1300,2073,2024-03-04,2024-06-26,114,1,1,2,70
1867,1520,2024-11-02,2024-07-13,-112,0,0,0,74
784,2591,2023-11-05,2025-03-27,508,0,0,3,55
1264,339,2024-02-04,2025-03-03,393,0,1,0,55
1569,900,2024-03-17,2025-04-10,389,0,1,2,41
1389,1881,2024-10-02,2024-10-01,-1,0,0,0,34
201,44,2023-08-15,2025-03-29,592,0,0,2,20
1725,1397,2023-10-23,2025-01-19,454,1,1,2,51
2882,2654,2024-02-23,2025-01-18,330,0,1,1,61
2,1697,2025-03-27,2024-08-08,-231,1,2,0,73
1007,349,2023-11-16,2024-08-03,261,0,1,0,20
945,1256,2024-10-31,2024-07-15,-108,0,0,0,22
1757,775,2023-12-09,2024-11-08,335,0,0,0,85
1133,1330,2023-05-16,2024-07-12,423,0,0,0,74
565,2418,2024-12-09,2024-05-19,-204,0,1,0,65
1467,1235,2024-12-06,2024-10-01,-66,1,2,0,75
823,1692,2024-01-22,2024-12-14,327,1,1,0,72
2131,2790,2024-02-02,2025-04-21,444,0,0,0,88
300,2163,2024-07-31,2024-09-03,34,0,1,0,32
2424,2782,2023-05-02,2025-03-23,691,0,0,0,52
775,885,2023-10-01,2025-02-22,510,0,0,3,68
2261,2874,2024-04-08,2025-01-27,294,1,2,0,33
976,1675,2024-06-11,2025-01-19,222,0,0,2,87
654,526,2024-05-08,2024-05-07,-1,0,1,2,22
1883,2701,2025-02-02,2024-05-06,-272,0,0,0,27
2880,1182,2023-11-29,2025-02-14,443,0,0,0,18
509,610,2024-08-22,2024-08-14,-8,0,0,1,68
435,2838,2024-10-31,2024-10-16,-15,0,0,0,75
1321,824,2024-01-13,2024-12-17,339,0,1,0,56
1952,2838,2025-01-06,2024-10-14,-84,0,1,0,75
2739,2109,2024-06-01,2024-06-13,12,0,0,2,71
1100,1320,2025-01-19,2024-07-29,-174,1,1,1,64
2549,663,2024-02-10,2024-05-10,90,1,2,0,70
1617,445,2024-02-01,2024-12-17,320,0,0,0,51
2328,1594,2025-01-26,2024-09-03,-145,0,0,0,64
182,1347,2024-02-05,2024-06-03,119,0,0,2,48
2343,295,2025-01-27,2024-08-23,-157,0,1,0,36
2548,2997,2023-11-23,2024-12-30,403,0,1,0,44
833,1842,2023-06-15,2024-09-10,453,0,0,0,43
557,382,2023-10-10,2024-06-04,238,0,0,2,68
1092,1048,2024-10-16,2024-07-23,-85,0,0,2,22
2443,2586,2023-10-30,2024-11-22,389,0,0,2,34
1572,80,2023-10-16,2024-12-21,432,0,0,1,80
561,1217,2025-01-16,2025-02-12,27,0,1,0,77
814,928,2024-12-20,2025-02-07,49,0,1,0,41
2314,972,2025-01-09,2024-07-05,-188,1,2,0,23
473,2120,2024-08-04,2024-08-21,17,0,1,0,58
886,1119,2024-11-21,2024-08-07,-106,0,0,3,49
422,1810,2025-01-08,2025-01-30,22,0,0,2,49
1105,142,2023-08-08,2025-01-06,517,0,0,0,48
450,2035,2023-12-13,2024-06-16,186,0,1,0,64
2635,2787,2023-07-29,2024-06-16,323,0,0,0,57
1050,661,2024-08-10,2024-11-27,109,0,1,0,18
2059,2315,2023-08-15,2024-11-24,467,0,0,0,60
2700,2200,2024-11-28,2024-05-24,-188,1,2,3,30
2979,1409,2023-11-06,2024-05-10,186,0,0,0,22
311,1299,2024-05-18,2024-05-15,-3,0,0,0,74
1310,345,2023-06-28,2025-04-23,665,0,0,1,76
669,2865,2025-04-03,2024-10-19,-166,1,1,2,70
2769,919,2024-04-09,2024-09-30,174,0,1,0,26
331,2031,2025-02-07,2024-05-27,-256,0,0,1,61
2060,2729,2025-01-08,2024-07-15,-177,1,2,1,21
942,1872,2025-03-17,2024-10-22,-146,0,0,0,47
2168,494,2024-05-25,2025-01-03,223,0,0,0,36
120,1604,2023-04-30,2024-06-07,404,0,0,2,30
973,2176,2023-05-28,2024-05-26,364,0,0,2,18
1407,1538,2023-11-23,2025-02-12,447,1,3,2,71
2995,147,2023-09-17,2024-05-06,232,0,0,0,33
2333,2666,2023-10-10,2024-10-19,375,0,0,0,31
2670,1387,2024-08-03,2024-07-07,-27,0,0,0,31
1769,1901,2024-11-12,2024-07-20,-115,0,1,0,52
1874,1309,2024-01-04,2024-08-13,222,0,0,0,84
2071,624,2025-01-06,2025-02-20,45,1,1,0,87
579,350,2024-04-10,2025-02-05,301,0,0,0,37
1162,2212,2025-02-04,2025-01-15,-20,0,1,0,80
2032,2583,2024-04-04,2024-12-24,264,0,1,0,75
448,408,2023-10-26,2025-03-26,517,0,0,0,41
941,684,2023-09-12,2025-02-11,518,0,0,0,28
1372,809,2024-05-21,2024-05-25,4,0,0,0,42
2386,1260,2023-05-28,2025-01-18,601,0,0,0,16
2043,1895,2024-11-08,2024-06-10,-151,1,1,2,48
2628,1106,2023-10-21,2024-12-15,421,0,0,0,26
799,468,2024-10-03,2024-05-15,-141,0,1,2,45
921,392,2024-02-20,2024-09-10,203,0,0,1,73
2490,2678,2023-08-16,2025-03-03,565,0,1,0,46
583,2005,2023-05-20,2025-03-20,670,0,0,0,53
1830,711,2023-06-04,2024-06-25,387,0,0,1,71
2405,1092,2024-01-25,2024-05-20,116,0,2,0,24
1833,2978,2025-04-09,2025-03-17,-23,0,0,3,40
648,978,2023-08-31,2024-12-31,488,0,0,1,37
2372,168,2024-07-08,2025-01-24,200,0,1,2,56
2278,203,2024-08-07,2024-07-17,-21,1,2,0,26
2425,2600,2024-08-16,2024-12-25,131,0,0,0,38
1871,895,2024-01-21,2024-11-17,301,0,0,1,19
1951,936,2025-02-01,2025-01-27,-5,0,0,0,31
2959,2832,2024-06-10,2024-10-25,137,1,2,0,28
1404,63,2023-07-20,2025-02-08,569,0,0,3,33
1706,2309,2023-06-27,2024-11-28,520,0,0,3,66
1943,1919,2024-05-12,2024-10-17,158,0,0,0,63
1998,2767,2024-05-18,2024-05-08,-10,0,0,0,21
623,2917,2024-10-31,2025-03-16,136,0,1,2,52
1587,1223,2024-08-26,2025-04-16,233,0,1,2,20
2980,2228,2023-06-06,2024-08-14,435,0,0,0,48
850,2765,2023-07-21,2024-11-06,474,0,0,3,20
2999,89,2024-04-01,2024-08-02,123,0,0,0,59
259,2381,2023-06-05,2024-05-26,356,0,0,1,30
586,1695,2024-09-06,2024-09-19,13,0,1,0,20
2030,1175,2025-02-20,2024-09-13,-160,0,1,1,52
1322,2599,2024-04-29,2025-01-15,261,0,0,0,35
730,668,2024-11-13,2024-07-22,-114,1,2,1,55
1602,1701,2024-02-08,2024-05-21,103,0,0,2,21
398,2824,2023-10-07,2024-05-01,207,0,0,0,77
174,1492,2023-07-12,2024-09-07,423,0,0,0,22
1849,372,2025-01-01,2025-01-04,3,0,0,1,74
1932,35,2024-12-17,2024-12-13,-4,0,0,1,37
2205,2152,2024-02-18,2025-01-13,330,0,1,1,57
2145,295,2023-05-04,2024-08-23,477,0,0,0,34
1177,935,2023-10-17,2025-04-21,552,0,0,0,86
1359,1628,2024-01-30,2024-09-01,215,0,0,2,80
958,276,2025-02-18,2024-11-29,-81,0,0,0,76
594,2468,2024-07-26,2024-12-07,134,0,0,2,89
1500,918,2023-06-02,2025-02-22,631,0,0,1,43
1593,569,2024-06-24,2025-03-20,269,0,0,1,81
2222,2694,2023-11-12,2024-05-25,195,0,0,0,70
1354,1665,2025-03-05,2024-10-24,-132,0,0,1,23
1350,218,2024-08-28,2024-06-12,-77,0,0,2,55
414,2700,2025-04-20,2024-09-19,-213,0,1,1,38
2728,2974,2024-06-01,2024-05-02,-30,0,0,0,19
856,1982,2024-06-11,2024-07-26,45,0,0,0,87
2361,1351,2023-09-17,2024-08-17,335,0,0,1,27
2631,2209,2024-01-17,2024-12-17,335,1,2,2,84
2042,2158,2024-11-28,2024-07-20,-131,0,1,1,47
596,910,2023-10-13,2025-03-03,507,0,0,0,22
1964,787,2024-08-31,2025-01-28,150,1,1,0,84
2564,15,2024-03-19,2024-11-22,248,1,1,3,36
2942,979,2024-11-20,2025-01-24,65,0,1,0,63
2802,989,2025-02-04,2024-06-11,-238,0,0,2,21
2664,875,2023-08-25,2024-11-06,439,0,0,2,18
2009,2989,2023-06-26,2025-02-10,595,0,0,0,32
1970,2840,2023-06-07,2024-10-30,511,0,0,2,22
2819,1378,2024-11-11,2025-01-28,78,0,1,0,68
153,670,2023-10-08,2024-09-18,346,0,0,3,59
507,1427,2024-07-04,2024-11-11,130,0,0,0,20
2820,1288,2024-04-24,2025-02-22,304,0,0,0,63
2883,1010,2023-07-05,2024-07-06,367,0,0,0,21
2143,2866,2024-08-05,2025-01-02,150,1,1,1,33
1203,2605,2024-11-25,2024-12-06,11,1,1,2,78
2338,2193,2024-09-03,2024-10-22,49,0,0,1,50
2727,2218,2024-01-10,2024-10-26,290,0,1,0,22
2856,187,2024-05-02,2024-08-11,101,1,1,3,29
237,2508,2024-07-11,2025-04-07,270,0,1,1,54
1352,1720,2024-09-11,2025-02-26,168,0,0,1,44
2552,1378,2024-11-20,2024-12-30,40,1,2,0,68
329,1183,2023-08-24,2025-03-06,560,0,0,0,83
2232,807,2024-07-21,2024-12-30,162,1,1,0,35
1907,2510,2025-04-07,2024-06-13,-298,0,0,0,48
187,2511,2023-07-11,2024-05-29,323,0,0,1,77
2112,521,2025-04-16,2024-06-18,-302,0,0,0,36
756,2677,2024-02-12,2024-05-31,109,1,1,1,70
843,1854,2023-09-21,2025-04-10,567,0,0,0,60
2170,1341,2024-04-22,2025-01-08,261,0,0,1,84
951,829,2024-08-05,2025-03-10,217,1,2,0,22
2530,1404,2024-11-24,2024-08-18,-98,0,0,0,76
1191,1012,2024-07-23,2025-01-12,173,0,0,1,88
812,892,2023-06-05,2024-08-22,444,0,0,0,74
543,69,2025-04-15,2024-06-21,-298,0,0,0,37
2954,2890,2025-04-02,2024-10-04,-180,0,0,2,84
1789,2024,2023-07-06,2024-11-19,502,0,0,1,17
1249,2131,2024-06-18,2025-01-27,223,0,0,0,72
1224,650,2024-05-09,2024-08-20,103,0,0,0,74
1130,714,2024-05-07,2024-11-14,191,1,2,0,34
570,1320,2024-02-21,2024-12-03,286,0,0,1,64
2025,471,2023-09-09,2024-12-23,471,0,0,2,49
2130,703,2023-11-24,2024-06-18,207,0,0,3,28
2280,2991,2023-10-06,2024-07-31,299,0,0,3,52
2134,1979,2023-06-28,2024-11-25,516,0,0,0,26
2446,1745,2023-06-29,2024-10-30,489,0,0,3,41
1743,1453,2024-08-20,2024-12-25,127,0,1,2,26
884,2639,2024-12-07,2024-07-30,-130,0,1,0,33
863,1057,2024-08-13,2024-07-20,-24,0,1,0,25
2992,456,2025-04-10,2025-01-20,-80,0,0,0,37
2459,637,2023-10-01,2025-01-03,460,0,0,0,29
211,562,2024-12-22,2024-12-20,-2,0,0,1,85
2948,1604,2023-09-14,2024-08-10,331,1,1,2,30
1288,2648,2023-10-19,2025-03-20,518,1,2,1,41
2649,511,2023-05-06,2024-08-07,459,0,0,0,72
2427,2982,2023-08-30,2024-09-23,390,0,0,1,39
1033,1390,2024-10-08,2024-10-01,-7,0,0,0,33
2938,1574,2023-05-14,2024-06-23,406,0,0,0,80
279,1813,2025-03-31,2025-02-15,-44,1,2,2,28
2178,1362,2024-05-29,2024-06-09,11,0,0,0,62
2711,2137,2023-09-29,2025-03-07,525,0,0,1,60
1783,1047,2024-07-20,2024-07-19,-1,1,1,0,85
2746,352,2024-02-26,2024-09-22,209,0,0,1,83
846,38,2023-05-01,2024-05-11,376,0,0,1,29
901,544,2024-06-28,2024-06-12,-16,0,0,0,26
16,1719,2023-06-23,2025-04-02,649,0,0,0,83
1368,1721,2024-02-29,2024-05-18,79,0,1,0,61
1938,110,2024-01-03,2024-08-02,212,0,0,0,38
2429,1109,2023-05-07,2024-07-16,436,0,0,2,26
459,148,2024-03-27,2025-04-21,390,1,0,2,80
470,1276,2023-10-10,2024-07-08,272,1,1,1,71
2523,1249,2025-02-24,2024-12-13,-73,1,3,0,63
2011,281,2024-06-05,2025-01-21,230,0,1,1,39
533,576,2024-06-29,2024-08-14,46,1,2,2,26
1663,664,2024-07-10,2024-09-27,79,0,1,2,24
1213,2772,2024-06-26,2024-11-16,143,0,0,0,58
724,1452,2025-02-14,2024-12-25,-51,1,2,0,29
2467,1366,2023-08-17,2025-03-01,562,0,0,0,34
2127,132,2024-02-19,2025-03-14,389,0,0,0,19
1053,2532,2023-12-17,2025-04-16,486,0,0,2,19
467,2648,2024-02-25,2025-03-22,391,1,3,1,41
2105,2946,2023-12-03,2024-12-08,371,0,0,0,26
887,2075,2024-11-23,2024-07-21,-125,0,1,1,66
2401,1765,2024-10-28,2025-04-21,175,1,0,3,36
2317,265,2023-05-19,2024-05-28,375,0,0,1,53
2468,2673,2024-08-14,2024-06-10,-65,0,0,0,21
337,2603,2024-09-05,2024-05-31,-97,0,0,0,22
2550,1991,2024-03-22,2024-07-15,115,1,2,1,69
2901,2992,2024-07-20,2024-04-24,-87,0,0,1,54
2142,931,2023-08-24,2024-11-10,444,0,0,0,33
1108,1727,2025-01-28,2025-04-11,73,0,0,1,36
2289,180,2024-11-14,2024-06-17,-150,0,1,0,77
845,2775,2025-01-21,2024-07-02,-203,0,1,0,89
1001,1484,2024-02-21,2025-01-27,341,0,0,0,36
2126,2329,2024-06-14,2025-02-16,247,0,0,0,41
1443,306,2023-06-01,2025-02-19,629,0,0,2,71
1698,1295,2024-02-14,2024-06-22,129,0,1,0,39
1775,1409,2023-12-05,2024-11-20,351,1,1,0,22
918,36,2023-06-16,2024-11-07,510,0,0,3,17
1369,621,2025-04-24,2024-05-06,-353,0,0,2,81
2514,2459,2024-09-01,2024-10-06,35,0,0,0,57
1650,2501,2024-05-29,2024-08-18,81,0,0,0,40
2735,2977,2023-09-27,2024-07-29,306,0,0,3,68
649,1089,2024-11-13,2025-01-19,67,1,2,1,50
141,1654,2023-10-31,2024-08-12,286,0,0,0,35
2862,2499,2024-06-22,2024-05-01,-52,0,1,0,84
167,318,2024-01-26,2024-07-29,185,0,0,0,43
2373,1074,2024-11-22,2025-04-04,133,0,0,0,85
2187,2984,2023-10-25,2024-09-19,330,0,0,2,66
2366,2912,2025-04-12,2025-02-23,-48,0,1,0,28
481,1168,2024-02-03,2025-01-30,362,0,0,0,85
1815,1241,2024-11-30,2024-10-02,-59,1,1,0,54
537,2639,2025-03-05,2024-10-20,-136,1,3,0,33
1230,2565,2024-12-16,2024-08-02,-136,1,2,2,25
1088,2369,2024-10-12,2024-10-30,18,0,1,1,40
2643,415,2024-05-10,2024-08-27,109,0,1,0,50
2850,1870,2024-02-26,2024-06-24,119,1,1,0,85
1253,2040,2024-09-11,2025-03-15,185,0,1,0,45
630,2293,2023-09-01,2024-11-19,445,0,0,1,85
198,2125,2024-06-29,2024-12-23,177,1,2,1,48
1481,1295,2023-11-04,2025-02-03,457,0,0,0,39
1061,1337,2025-02-07,2024-06-06,-246,1,1,0,44
2671,2073,2023-06-22,2024-07-15,389,0,0,2,69
1527,1113,2023-06-30,2024-12-24,543,0,0,2,46
2606,2815,2025-01-05,2024-07-08,-181,0,0,0,39
2988,647,2024-09-05,2025-03-24,200,0,1,0,57
2791,2316,2023-06-26,2024-05-15,324,0,0,0,60
2339,1560,2023-07-19,2024-12-02,502,1,0,2,69
1059,969,2023-06-08,2024-12-27,568,0,0,2,25
1463,2381,2024-12-16,2024-10-09,-68,0,1,1,32
1406,2807,2023-10-18,2024-12-14,423,0,0,1,62
245,123,2024-03-19,2024-10-27,222,0,0,1,44
820,2150,2025-01-22,2025-02-02,11,0,1,1,67
8,2885,2025-01-02,2025-04-04,92,0,0,1,25
758,638,2024-03-31,2024-06-07,68,0,0,0,65
1306,520,2024-06-15,2025-02-15,245,0,0,0,58
2858,275,2024-06-12,2024-11-13,154,0,0,2,88
2918,1656,2025-02-04,2025-01-14,-21,0,0,0,36
327,2056,2023-09-30,2024-06-19,263,0,0,2,61
54,1773,2024-05-18,2024-07-30,73,0,1,0,59
2463,192,2025-02-23,2024-06-28,-240,0,0,0,62
1313,2713,2024-02-13,2024-10-23,253,1,2,0,54
620,1062,2024-01-26,2024-05-04,99,0,0,1,60
1887,896,2024-08-22,2025-03-22,212,1,3,2,33
849,1666,2023-08-21,2024-06-29,313,1,2,0,72
1557,2118,2023-10-05,2024-10-15,376,0,0,1,77
869,933,2024-12-12,2025-01-22,41,0,1,1,28
1196,1870,2023-08-18,2024-12-30,500,0,0,0,84
1479,1725,2023-11-21,2024-06-01,193,0,0,3,22
1286,1444,2024-11-09,2024-08-24,-77,0,0,3,20
77,2474,2025-04-16,2025-02-20,-55,1,1,1,78
975,2121,2024-02-22,2025-01-30,343,1,1,1,87
2699,1190,2024-11-07,2024-07-16,-114,0,0,0,36
875,1756,2024-05-05,2024-09-07,125,0,0,0,68
1753,78,2023-06-04,2024-08-13,436,0,0,0,81
2950,1558,2023-10-28,2024-05-25,210,0,0,0,56
1488,43,2024-08-13,2024-10-22,70,0,1,0,82
132,1295,2024-11-25,2024-07-19,-129,1,4,0,40
2712,1341,2025-02-21,2024-06-30,-236,0,1,1,85
501,2020,2024-04-12,2024-12-21,253,0,0,1,47
1696,648,2025-01-24,2024-06-23,-215,1,3,0,68
487,1126,2024-10-26,2025-02-01,98,0,0,1,70
1850,1591,2024-11-18,2024-11-18,0,1,3,3,31
889,2332,2024-08-05,2025-04-15,253,0,0,0,83
285,1723,2024-02-24,2025-02-05,347,0,1,1,65
1387,1345,2024-11-27,2025-03-16,109,1,2,3,61
1078,1005,2025-02-19,2024-11-10,-101,0,0,1,26
744,2217,2024-11-16,2024-10-19,-28,1,1,1,38
752,688,2023-08-02,2024-12-03,489,0,0,1,24
1466,1915,2025-03-08,2024-10-09,-150,0,1,0,36
1635,285,2024-11-21,2024-09-26,-56,0,0,0,39
2887,2225,2024-07-15,2024-09-27,74,1,2,0,66
2622,2411,2025-02-16,2025-03-06,18,0,0,1,18
851,1377,2024-12-12,2025-02-22,72,0,1,0,70
1682,414,2024-07-25,2025-02-04,194,0,1,0,78
1927,1093,2023-10-25,2024-08-06,286,0,0,0,58
116,1651,2023-12-16,2025-01-26,407,0,0,0,75
1380,1432,2024-09-19,2024-12-16,88,0,0,0,60
1275,1886,2024-02-25,2024-11-12,261,0,0,0,52
2688,1984,2024-05-03,2024-09-14,134,0,1,1,25
1678,559,2024-04-08,2024-07-24,107,0,0,0,35
587,2765,2023-08-29,2024-06-03,279,1,1,3,21
2718,2353,2023-06-07,2024-10-06,487,0,0,0,51
451,125,2025-02-13,2024-05-24,-265,0,0,0,41
2526,2012,2025-04-05,2024-11-03,-153,0,0,2,38
156,2970,2025-03-20,2025-03-30,10,0,1,0,57
478,128,2025-01-25,2025-03-07,41,0,1,2,30
60,1955,2024-10-25,2024-07-16,-101,0,1,0,30
223,1347,2024-07-27,2025-04-24,271,0,1,2,48
126,453,2025-03-29,2025-01-21,-67,1,2,0,24
1151,89,2025-04-21,2024-09-14,-219,1,2,0,61
2274,2940,2023-08-19,2025-03-15,574,0,0,0,71
1776,1277,2024-04-26,2024-06-11,46,0,0,0,22
1721,2570,2025-03-14,2024-08-04,-222,0,1,2,53
2272,340,2024-12-09,2024-06-08,-184,1,1,2,37
519,2772,2024-11-24,2024-11-25,1,0,1,0,58
1537,861,2024-03-02,2024-08-03,154,1,1,1,38
2958,1408,2025-02-23,2024-10-07,-139,1,2,0,50
2483,1998,2024-04-18,2024-09-13,148,0,1,0,85
2069,657,2024-07-15,2024-05-31,-45,0,0,1,65
81,531,2023-05-15,2024-10-13,517,0,0,2,49
2536,2390,2023-09-17,2024-08-09,327,0,0,0,52
2971,1821,2024-04-26,2024-08-24,120,0,0,1,30
2304,2649,2023-05-12,2024-10-06,513,0,0,0,32
424,360,2023-06-05,2024-09-12,465,0,0,0,26
143,308,2024-10-25,2024-07-10,-107,0,1,0,61
2063,671,2024-07-03,2024-12-23,173,0,0,0,44
344,2111,2024-09-04,2025-02-06,155,1,3,2,59
2348,1210,2024-05-06,2024-07-16,71,0,1,0,68
916,867,2024-08-04,2024-10-26,83,0,1,0,68
2599,2426,2024-12-23,2024-04-27,-240,0,0,0,43
2094,7,2025-01-12,2024-12-24,-19,0,0,2,66
844,1588,2023-05-12,2024-10-13,520,0,0,0,48
2679,2211,2023-05-10,2024-07-21,438,0,0,3,47
2347,2387,2023-07-07,2024-12-04,516,0,0,0,38
1899,2535,2023-08-18,2024-06-29,316,0,0,0,88
2529,415,2024-04-01,2024-11-30,243,0,0,0,49
68,876,2025-04-23,2025-01-25,-88,0,1,0,21
90,2355,2023-09-09,2024-11-07,425,0,0,0,19
2602,1483,2024-12-01,2024-12-03,2,0,1,0,29
1251,1470,2025-01-20,2025-03-02,41,0,0,1,85
1748,2917,2024-06-17,2024-05-01,-47,0,0,2,51
1362,844,2024-07-15,2024-09-22,69,0,0,0,41
2141,85,2024-10-19,2024-09-07,-42,1,1,2,33
1344,1018,2023-09-17,2025-01-23,494,1,1,2,44
2240,2740,2024-11-07,2025-02-17,102,0,0,0,66
1644,1542,2024-08-02,2024-08-30,28,0,0,0,74
1546,2419,2023-12-16,2025-03-22,462,0,0,0,73
1549,396,2025-03-29,2025-03-02,-27,0,0,2,59
2006,1000,2024-12-17,2025-04-15,119,0,1,0,72
625,1755,2024-09-14,2024-10-20,36,0,0,0,17
2989,359,2025-02-26,2024-08-11,-199,1,1,1,88
1297,510,2024-03-21,2025-03-23,367,0,0,1,89
2743,309,2025-01-01,2024-07-22,-163,0,0,0,38
444,402,2024-08-09,2025-02-01,176,1,1,1,39
1985,2553,2023-09-12,2025-01-06,482,0,1,2,46
2388,1513,2023-11-30,2024-07-15,228,0,0,0,31
192,1243,2024-03-27,2025-03-10,348,0,0,2,73
998,829,2023-11-21,2024-12-24,399,0,1,0,21
2196,1644,2024-03-14,2024-10-04,204,0,0,0,58
2149,1818,2024-02-25,2024-06-22,118,0,0,0,64
1576,2392,2024-10-20,2025-02-23,126,0,0,0,78
2898,609,2024-08-21,2024-07-09,-43,0,1,0,78
163,1671,2023-05-21,2024-06-08,384,0,0,1,48
984,1332,2024-01-26,2025-02-22,393,1,1,3,88
280,511,2024-01-20,2024-10-21,275,1,1,0,73
1519,2820,2023-06-03,2024-08-13,437,0,0,0,21
740,1684,2024-04-02,2024-10-03,184,0,1,0,46
2064,463,2024-04-01,2024-07-04,94,1,2,0,41
2985,1252,2024-06-27,2025-02-05,223,1,1,0,83
1314,620,2025-01-25,2024-11-07,-79,0,0,0,52
1277,2973,2024-07-05,2024-08-01,27,1,1,2,51
1649,1697,2023-05-01,2025-03-30,699,0,0,0,72
595,530,2023-12-30,2024-07-22,205,0,0,3,50
1351,364,2023-05-01,2024-12-14,593,0,0,0,76
2156,2827,2024-01-07,2024-08-05,211,0,0,0,73
2119,1880,2023-12-11,2024-07-19,221,0,0,2,23
1746,976,2024-02-09,2024-11-18,283,0,0,0,72
1533,1298,2023-10-05,2024-07-18,287,0,0,1,74
1021,1018,2023-10-11,2024-09-08,333,1,2,2,44
1083,1027,2024-07-28,2025-02-15,202,1,2,0,54
1940,2476,2024-03-12,2024-04-29,48,1,2,3,43
2721,162,2024-08-12,2024-10-30,79,0,1,2,72
2255,2882,2024-08-09,2024-12-19,132,1,2,0,45
605,406,2023-11-10,2024-07-15,248,0,0,0,18
1633,2366,2024-03-29,2025-02-14,322,1,1,2,54
1402,1784,2024-05-11,2025-01-23,257,0,0,1,79
956,2017,2023-09-10,2025-01-18,496,0,0,1,85
2147,1925,2024-02-28,2024-08-01,155,0,0,2,55
1745,113,2024-03-24,2024-12-28,279,0,1,0,20
2188,2196,2023-07-05,2024-11-12,496,0,0,0,20
1155,585,2024-02-08,2025-02-13,371,0,0,2,80
1490,1910,2023-09-11,2024-09-11,366,0,1,0,81
2082,1918,2023-12-06,2024-12-09,369,0,0,2,45
1312,678,2023-11-12,2024-11-05,359,0,0,1,40
1653,2508,2024-04-07,2025-01-29,297,0,0,1,54
497,1525,2023-07-07,2024-05-30,328,0,0,1,44
1180,1144,2024-01-23,2024-06-20,149,1,1,2,41
221,1915,2023-05-28,2024-11-14,536,1,0,0,34
2994,700,2024-12-30,2024-12-19,-11,1,1,2,41
307,585,2024-12-10,2025-01-24,45,1,1,2,80
946,460,2024-11-05,2024-08-21,-76,0,0,2,43
498,1961,2024-07-01,2024-06-12,-19,0,0,0,53
2847,2942,2023-07-31,2024-10-08,435,0,0,0,89
1570,2625,2025-01-12,2024-05-23,-234,0,1,0,33
2936,1538,2023-04-26,2024-11-08,562,0,0,2,71
1285,1485,2023-09-02,2025-04-19,595,0,0,1,28
317,968,2023-06-29,2025-01-30,581,0,0,0,17
2302,965,2024-05-23,2025-01-06,228,0,0,0,79
2516,1833,2024-02-03,2024-11-17,288,0,0,0,74
699,419,2025-01-15,2025-04-13,88,0,0,2,83
1891,147,2024-09-10,2024-12-09,90,0,1,0,34
2448,1914,2024-09-24,2024-06-29,-87,1,1,2,33
2092,2360,2024-01-29,2025-03-18,414,0,0,0,85
2321,951,2025-04-08,2024-05-30,-313,1,1,0,53
2813,1711,2024-12-12,2024-08-07,-127,0,0,0,67
2409,2187,2025-03-22,2025-02-19,-31,0,0,0,42
2924,150,2024-05-02,2024-07-29,88,0,0,0,48
962,2386,2024-10-31,2024-08-20,-72,0,0,0,56
2981,432,2024-08-25,2024-08-01,-24,0,0,0,30
2318,390,2025-01-05,2025-03-13,67,0,0,0,44
1374,2798,2023-08-31,2024-08-15,350,0,0,0,36
2148,61,2023-05-14,2025-03-15,671,0,0,2,85
1676,325,2023-06-24,2024-10-16,480,0,1,1,69
2826,46,2025-01-10,2024-10-25,-77,0,0,2,49
390,1442,2023-11-14,2024-05-06,174,0,1,0,29
1144,2484,2024-03-15,2024-05-26,72,0,0,0,38
418,2051,2023-11-09,2024-06-07,211,0,0,0,41
727,860,2023-10-18,2025-01-20,460,0,0,0,60
1163,126,2024-08-16,2025-02-13,181,0,0,0,71
57,212,2024-02-06,2024-10-19,256,0,1,0,51
488,1207,2024-02-22,2024-06-09,108,0,1,1,50
795,412,2023-08-29,2024-12-09,468,0,0,1,19
1409,88,2024-02-06,2024-12-05,303,0,0,0,48
2963,1879,2025-03-14,2024-10-28,-137,0,1,0,33
558,2189,2023-10-12,2024-05-04,205,0,0,0,52
39,2617,2025-02-18,2024-05-01,-293,0,0,2,56
2220,634,2024-08-19,2024-08-12,-7,1,1,0,65
1677,1968,2024-01-20,2024-06-30,162,0,0,1,46
2224,1839,2024-04-08,2025-01-26,293,0,0,0,81
388,2385,2024-09-17,2024-11-21,65,0,1,0,82
218,1079,2023-04-29,2024-05-12,379,0,0,0,60
746,2381,2025-01-09,2024-11-24,-46,1,2,1,32
1138,703,2023-12-22,2025-01-26,401,0,1,3,28
1128,2089,2024-09-01,2025-01-04,125,1,1,3,72
1687,2702,2025-03-22,2024-09-14,-189,0,0,2,75
1963,1940,2024-02-03,2024-11-21,292,0,0,0,69
2940,1993,2025-03-13,2025-03-30,17,0,0,2,25
772,2561,2023-08-19,2024-12-24,493,0,0,0,25
403,873,2023-06-06,2024-10-16,498,0,0,1,70
2241,221,2025-02-04,2024-05-16,-264,0,0,2,23
346,999,2024-10-20,2024-06-06,-136,1,1,0,84
1408,1246,2023-07-01,2024-06-13,348,0,0,0,72
1953,808,2024-07-24,2025-03-14,233,1,1,0,22
2553,407,2023-08-21,2024-11-30,467,0,0,0,53
1834,1452,2023-09-30,2024-05-17,230,0,0,0,28
384,1294,2024-03-05,2024-05-14,70,1,1,1,81
1685,1086,2024-09-11,2025-01-02,113,1,2,2,66
2374,908,2024-12-09,2024-06-13,-179,1,1,0,23
639,1317,2024-10-08,2024-09-13,-25,0,1,1,65
2243,1127,2024-03-03,2025-02-05,339,0,0,0,55
1562,16,2025-02-25,2024-10-16,-132,0,1,0,23
1958,2480,2024-05-10,2025-03-20,314,0,0,2,45
158,2402,2024-04-04,2024-09-19,168,0,1,3,20
2966,1053,2025-02-21,2025-03-12,19,0,0,3,55
2140,931,2023-09-13,2024-09-02,355,0,1,0,33
2088,2516,2025-03-20,2024-10-17,-154,0,0,0,62
726,932,2023-10-22,2024-12-07,412,0,0,0,59
1444,1014,2024-09-16,2024-06-28,-80,0,1,2,50
2729,158,2023-08-08,2025-01-25,536,0,0,0,38
2110,1290,2024-07-24,2025-01-28,188,1,1,0,67
1437,414,2023-11-01,2025-03-25,510,0,0,0,77
1012,2578,2024-02-15,2024-06-26,132,0,0,0,46
554,1881,2025-03-27,2025-01-24,-62,0,1,0,34
1962,1868,2023-05-16,2024-06-21,402,0,0,0,67
1847,2060,2023-10-31,2025-01-11,438,1,1,2,33
2352,208,2024-07-23,2024-10-19,88,1,1,1,58
1794,856,2023-12-23,2024-09-09,261,0,0,1,87
1496,32,2023-11-16,2024-05-12,178,0,1,0,62
1726,1003,2025-04-09,2024-10-01,-190,0,1,2,77
2672,2422,2025-01-11,2024-08-06,-158,1,2,1,39
1728,961,2025-01-18,2024-10-24,-86,0,1,1,48
1346,2641,2024-02-05,2024-06-19,135,0,0,0,71
1936,1998,2023-09-22,2025-02-23,520,0,0,0,84
265,332,2025-01-10,2025-03-30,79,0,0,0,53
2316,1618,2025-04-13,2024-12-21,-113,0,0,0,34
2162,2151,2024-06-20,2025-01-27,221,0,0,2,85
2253,379,2023-08-10,2025-02-16,556,0,0,0,83
1494,1692,2023-06-24,2024-06-29,371,0,0,0,72
1003,2727,2023-05-21,2024-12-29,588,0,0,2,46
2246,433,2023-11-24,2024-08-04,254,0,0,1,81
723,771,2024-10-04,2024-06-09,-117,1,2,1,67
2319,453,2024-04-29,2025-03-03,308,0,1,0,23
621,210,2025-04-17,2024-06-19,-302,0,0,1,37
1686,1189,2024-02-20,2024-06-09,110,0,0,0,81
2943,1475,2024-09-24,2024-04-25,-152,0,1,0,64
2365,2343,2023-12-20,2024-09-27,282,0,0,1,61
1218,2115,2024-05-02,2024-05-01,-1,0,0,0,24
1441,555,2024-09-26,2025-02-16,143,0,1,0,67
1877,647,2023-07-14,2024-10-02,446,0,0,0,56
1292,1263,2023-08-28,2025-04-20,601,0,0,0,54
1175,2809,2025-04-22,2024-11-21,-152,0,1,0,18
313,1154,2024-01-18,2025-01-05,353,0,0,0,29
1626,672,2024-07-08,2024-09-04,58,0,0,0,27
578,1718,2024-10-18,2024-09-16,-32,0,1,0,41
931,1568,2023-09-15,2025-03-19,551,0,0,0,62
356,613,2024-05-04,2025-04-04,335,0,1,0,28
996,2723,2024-03-14,2025-04-03,385,0,1,0,58
852,37,2023-05-11,2024-06-03,389,0,0,1,39
1336,2035,2023-09-16,2024-08-30,349,0,0,0,64
1348,2199,2023-06-11,2025-04-20,679,0,0,2,81
2837,1745,2024-05-13,2024-06-11,29,0,1,3,42
93,1373,2025-04-06,2024-09-19,-199,1,2,0,69
2665,1113,2023-08-28,2024-08-21,359,0,1,2,46
1202,410,2025-02-22,2024-06-25,-242,0,0,0,32
2759,2517,2025-04-18,2024-12-12,-127,1,2,1,60
555,235,2023-11-23,2024-05-14,173,0,0,0,88
2651,666,2024-10-13,2025-03-18,156,0,0,0,57
184,693,2023-09-15,2025-02-14,518,0,0,2,68
377,1538,2023-10-25,2025-04-02,525,1,2,2,71
1547,2506,2024-01-29,2025-02-09,377,0,0,2,72
2881,1134,2023-10-17,2024-06-29,256,0,0,0,65
186,947,2023-11-07,2025-04-23,533,0,0,2,16
796,348,2024-06-06,2024-10-17,133,0,0,0,25
759,1173,2024-08-22,2024-07-24,-29,0,0,0,38
2367,731,2023-12-24,2025-03-30,462,0,0,0,21
1911,1678,2025-01-19,2024-08-25,-147,0,0,1,50
1898,1558,2024-04-21,2024-07-07,77,0,1,0,56
2161,2639,2025-01-27,2024-08-27,-153,1,2,0,33
607,2174,2024-06-04,2024-10-27,145,0,1,1,23
2575,2207,2023-05-15,2025-03-01,656,0,0,0,43
737,2918,2023-12-06,2024-10-23,322,1,0,2,62
539,1241,2024-09-28,2024-12-31,94,0,0,0,54
2107,263,2025-01-02,2024-12-25,-8,0,0,1,47
745,1908,2025-03-21,2024-11-02,-139,0,0,1,21
91,2369,2023-11-07,2024-08-29,296,0,0,1,39
268,2994,2024-08-11,2024-12-08,119,0,0,0,52
760,766,2024-08-27,2024-05-26,-93,0,0,0,48
1013,2255,2025-01-31,2025-03-21,49,0,0,0,75
1375,1884,2023-07-26,2024-09-07,409,0,0,1,43
1738,2745,2024-11-14,2025-01-03,50,1,3,1,20
442,48,2025-03-10,2024-08-17,-205,0,0,0,86
1473,1979,2024-04-08,2024-09-07,152,0,1,0,27
655,98,2024-12-27,2024-09-04,-114,0,1,0,81
2668,2112,2023-06-24,2024-05-06,317,0,0,0,85
1420,2353,2023-07-04,2024-12-21,536,0,1,0,51
659,627,2024-09-16,2024-08-11,-36,0,0,0,20
1472,1064,2024-09-10,2024-06-28,-74,0,0,2,85
2122,702,2025-04-22,2025-01-07,-105,1,2,0,73
2203,194,2024-04-04,2024-11-25,235,0,0,0,73
718,133,2024-12-12,2024-04-28,-228,0,2,0,48
135,1717,2023-11-08,2024-05-22,196,1,1,2,84
2666,220,2024-01-31,2024-06-15,136,0,0,0,67
2655,2202,2024-05-05,2025-02-13,284,0,0,0,62
2621,1946,2024-05-12,2025-02-26,290,0,1,0,71
738,2678,2023-05-10,2025-03-14,674,0,0,0,45
1631,357,2025-04-22,2025-01-08,-104,1,2,0,32
2305,2094,2024-12-12,2024-09-30,-73,0,1,1,46
1828,1862,2023-12-05,2025-04-22,504,0,0,0,74
2229,1349,2023-08-24,2025-03-12,566,0,0,0,32
1724,336,2023-06-01,2024-10-28,515,0,0,1,52
779,1751,2023-11-29,2025-01-05,403,0,0,0,61
2050,185,2024-12-18,2024-05-31,-201,1,2,0,65
1615,956,2024-06-28,2024-09-21,85,0,0,0,50
2657,2797,2024-03-30,2024-12-02,247,1,1,0,62
1008,358,2025-04-15,2024-09-02,-225,1,2,1,18
1909,2627,2023-09-16,2024-10-20,400,0,0,0,23
1910,1019,2024-01-30,2024-10-17,261,0,1,0,35
11,1140,2025-01-23,2024-06-18,-219,0,0,0,19
2741,742,2025-02-22,2024-08-15,-191,0,1,1,55
839,264,2025-01-27,2024-04-25,-277,1,2,1,33
547,13,2024-10-03,2024-05-07,-149,0,0,1,46
2237,1252,2023-07-08,2024-07-24,382,0,0,0,82
157,1994,2025-01-11,2024-10-21,-82,0,0,1,36
686,1482,2023-06-22,2024-10-28,494,0,0,0,83
1174,2983,2023-10-05,2025-01-24,477,0,0,1,74
1564,2612,2024-01-10,2024-05-03,114,0,0,0,73
2022,1828,2023-06-29,2025-01-29,580,0,0,0,72
1520,2215,2024-03-06,2024-12-22,291,0,0,2,63
420,2393,2025-02-22,2024-04-30,-298,0,0,0,89
568,291,2024-01-29,2024-08-26,210,0,0,0,19
2816,969,2023-09-25,2024-10-10,381,1,1,2,25
1774,1790,2024-02-06,2024-10-08,245,1,2,0,57
2639,2427,2025-02-05,2024-08-12,-177,0,0,1,49
2097,506,2024-05-24,2025-01-22,243,0,0,0,30
1232,129,2023-12-08,2024-05-25,169,0,0,0,41
46,2623,2024-12-30,2024-11-06,-54,1,1,0,32
571,2786,2024-08-22,2025-04-05,226,0,1,0,50
320,619,2024-06-08,2024-07-10,32,0,1,0,81
2726,2741,2024-03-10,2024-09-10,184,0,0,1,32
18,2055,2023-08-06,2025-02-15,559,0,0,0,58
2086,66,2023-09-10,2024-10-21,407,0,0,2,60
2535,2275,2024-03-22,2024-09-02,164,0,0,2,37
486,228,2024-12-23,2024-09-08,-106,1,1,2,80
2667,2285,2024-11-20,2025-03-22,122,0,0,0,24
2363,439,2024-02-03,2024-11-07,278,0,0,0,74
55,1525,2023-08-22,2024-08-10,354,0,1,1,44
2173,1777,2024-08-26,2024-07-28,-29,0,1,2,62
2414,2050,2025-04-23,2025-04-16,-7,0,0,0,30
960,2207,2023-07-08,2025-02-27,600,0,1,0,43
1113,272,2024-09-01,2025-03-07,187,0,0,0,27
857,1164,2023-06-05,2025-01-15,590,0,0,3,62
1559,2812,2023-05-31,2025-02-20,631,0,0,0,73
2028,2565,2024-12-17,2024-08-18,-121,1,3,2,25
1579,154,2024-03-13,2024-06-17,96,1,2,1,28
2892,2545,2025-02-06,2025-02-25,19,0,0,0,26
1761,2256,2024-05-11,2025-04-11,335,0,0,0,17
1990,2015,2024-07-01,2025-02-24,238,1,2,0,18
2779,64,2024-02-20,2025-03-04,378,0,1,0,72
1194,550,2023-09-17,2024-12-15,455,0,0,1,51
1421,2717,2023-11-30,2024-10-25,330,0,0,0,89
934,891,2024-08-26,2025-01-14,141,0,0,3,80
970,2015,2023-05-03,2024-09-29,515,0,0,0,17
2185,203,2023-07-02,2025-02-24,603,0,0,0,25
2114,2887,2024-03-29,2025-01-02,279,0,0,1,89
2434,158,2024-10-16,2024-08-21,-56,1,1,0,39
2753,2029,2023-11-14,2024-07-20,249,1,1,0,64
2397,1533,2025-04-09,2024-07-14,-269,0,0,0,89
2845,2871,2025-04-13,2024-10-13,-182,1,1,1,78
637,2870,2024-08-02,2024-06-30,-33,1,1,0,81
2192,1926,2025-01-14,2025-04-12,88,0,0,0,78
1560,490,2023-12-27,2025-03-12,441,0,1,0,24
993,2919,2024-02-29,2024-10-13,227,0,0,1,44
1060,668,2024-10-30,2024-06-29,-123,0,1,1,55
2607,1398,2023-12-07,2024-05-11,156,0,0,1,62
1403,810,2023-08-06,2024-09-17,408,0,0,0,66
2036,2663,2024-03-31,2025-01-19,294,0,1,0,58
2296,2822,2024-12-15,2025-03-25,100,1,1,0,76
1989,1623,2024-07-09,2024-06-12,-27,0,1,0,61
1475,2722,2023-09-23,2025-03-15,539,0,0,2,51
2811,2205,2025-03-02,2024-06-15,-260,0,0,3,88
1208,2518,2023-10-17,2024-07-20,277,0,0,1,56
1582,1749,2025-02-21,2025-01-29,-23,1,2,1,85
1238,2234,2024-09-21,2025-02-25,157,1,2,0,75
1195,1743,2023-06-04,2024-10-15,499,0,0,0,87
1134,923,2024-09-19,2024-11-04,46,0,0,2,31
1411,517,2023-06-13,2025-02-24,622,0,0,1,17
2182,2517,2023-09-16,2024-05-11,238,1,1,1,58
2683,1577,2024-11-20,2024-11-17,-3,0,0,0,52
189,1508,2024-08-07,2024-08-12,5,0,0,1,35
695,1016,2023-08-31,2024-12-10,467,0,0,0,16
2800,605,2025-02-14,2024-04-28,-292,0,1,0,20
1530,897,2024-01-29,2024-05-09,101,0,0,0,50
23,1645,2024-01-24,2025-02-01,374,0,0,0,66
2299,715,2023-08-12,2025-02-28,566,0,0,0,42
1153,30,2024-03-03,2025-04-01,394,0,1,0,77
1335,1646,2023-07-11,2025-02-24,594,0,0,2,50
1199,411,2024-08-26,2024-05-10,-108,0,1,2,53
1957,2388,2023-07-30,2024-06-14,320,0,0,0,81
2676,2752,2025-01-18,2025-03-19,60,0,0,0,28
83,2698,2025-04-19,2024-05-30,-324,0,0,3,40
361,2355,2023-10-04,2025-02-01,486,0,1,0,19
169,896,2023-05-17,2024-11-06,539,0,0,2,32
171,1979,2024-09-20,2024-08-02,-49,1,2,0,27
2613,777,2025-02-08,2024-06-07,-246,0,0,0,55
2216,127,2025-01-27,2025-03-05,37,0,0,1,83
236,1235,2023-09-20,2025-01-09,477,0,0,0,74
262,31,2023-05-19,2025-02-19,642,0,0,1,44
925,2352,2023-12-11,2024-07-28,230,0,0,0,35
2748,870,2024-09-20,2024-08-15,-36,1,4,0,52
1629,2990,2024-04-18,2024-10-30,195,0,0,2,76
196,2423,2024-08-09,2024-08-10,1,0,0,2,73
747,233,2024-06-19,2024-12-15,179,0,0,0,20
1638,329,2024-11-05,2025-02-04,91,0,0,2,37
584,2108,2024-04-23,2024-09-24,154,0,0,1,47
822,303,2025-02-17,2024-06-10,-252,0,0,1,44
1433,2586,2023-12-08,2024-09-12,279,0,1,2,34
1146,215,2024-12-16,2024-07-05,-164,1,2,0,35
1157,370,2023-06-09,2025-03-30,660,0,0,0,78
948,378,2024-04-20,2024-12-12,236,0,1,2,77
1186,2674,2024-11-18,2024-05-19,-183,0,0,1,40
1239,742,2023-05-03,2024-11-15,562,0,0,1,53
1507,1447,2023-09-04,2024-05-10,249,0,0,2,79
1385,1157,2025-04-08,2025-03-04,-35,0,0,0,46
2487,357,2024-07-05,2024-07-12,7,0,0,0,32
1291,10,2024-03-30,2024-06-04,66,0,0,1,84
2081,2770,2024-07-11,2024-08-20,40,0,0,0,20
2038,2618,2024-08-13,2024-10-31,79,0,0,2,52
2803,2482,2024-03-13,2025-01-10,303,0,1,0,20
2616,2547,2025-01-08,2024-12-26,-13,1,1,3,27
2792,1436,2024-11-12,2024-06-24,-141,1,2,0,71
2780,1440,2024-05-21,2025-03-22,305,0,1,0,43
1986,330,2024-09-06,2025-04-19,225,0,0,3,84
1158,1408,2024-07-15,2024-07-29,14,0,1,0,49
890,2184,2024-06-30,2025-04-06,280,1,2,1,46
1149,929,2024-07-09,2025-03-06,240,1,1,2,78
2186,2503,2024-06-28,2025-03-03,248,0,0,0,60
490,1440,2024-01-10,2025-02-04,391,0,0,0,42
2937,2196,2024-07-19,2025-02-09,205,0,1,0,21
2223,2275,2024-05-13,2025-02-13,276,1,1,2,37
312,2021,2023-10-30,2024-12-11,408,0,0,0,59
335,1526,2025-03-04,2025-04-20,47,0,1,2,84
1280,2151,2025-01-20,2024-07-22,-182,1,1,2,86
2874,1025,2024-02-24,2024-05-16,82,1,1,1,88
1150,103,2024-05-08,2024-09-15,130,1,2,1,27
859,2514,2024-10-23,2024-08-04,-80,0,0,0,26
2957,317,2025-04-06,2024-05-13,-328,0,0,0,65
879,2980,2025-02-14,2024-11-19,-87,1,1,2,58
25,2258,2024-06-05,2025-04-09,308,0,0,0,30
959,1767,2024-06-20,2025-04-23,307,0,0,0,89
2939,1149,2023-11-15,2024-11-11,362,0,0,0,84
1136,2509,2023-04-26,2025-03-05,679,0,0,0,44
1799,606,2024-05-23,2025-04-24,336,0,1,0,18
2654,1092,2023-09-30,2024-07-21,295,0,1,0,23
1145,1016,2023-11-28,2025-03-14,472,0,1,0,16
1616,120,2025-01-28,2025-04-19,81,0,0,2,75
4,1498,2024-08-20,2024-06-03,-78,1,2,2,43
1709,993,2024-11-27,2024-12-10,13,0,0,2,31
253,2207,2024-06-18,2024-12-02,167,1,2,0,44
1268,1538,2023-07-24,2024-11-20,485,1,1,2,71
2394,1660,2024-08-04,2025-01-12,161,0,0,1,40
64,1661,2024-02-27,2025-03-16,383,1,1,0,33
2236,1945,2024-06-06,2024-12-09,186,1,3,0,30
494,441,2024-09-18,2025-04-19,213,0,0,2,53
2678,2651,2024-08-12,2025-04-12,243,0,0,2,54
2084,1224,2024-12-15,2025-02-11,58,0,1,0,19
100,1941,2024-04-20,2024-08-05,107,0,0,1,29
645,2705,2024-08-13,2025-02-23,194,1,1,1,62
112,2311,2025-01-28,2025-04-09,71,0,0,1,35
2326,2283,2025-02-05,2024-08-13,-176,0,0,0,42
254,1075,2023-05-02,2025-03-27,695,0,0,3,66
2215,2837,2025-02-23,2024-05-01,-298,0,0,0,63
741,1700,2024-05-28,2024-09-09,104,1,2,0,41
2661,96,2023-12-06,2025-04-20,501,0,0,1,23
1543,2459,2024-11-02,2024-11-18,16,0,1,0,57
940,2826,2024-08-16,2024-08-23,7,0,0,2,43
1102,2882,2024-06-11,2024-09-24,105,0,1,0,45
1594,2774,2025-04-06,2024-10-13,-175,0,1,1,59
400,1841,2023-08-07,2024-05-27,294,0,0,1,62
1181,2344,2024-09-23,2024-09-02,-21,1,2,0,20
66,480,2025-03-04,2024-11-13,-111,0,0,1,79
599,2695,2024-08-27,2024-12-25,120,0,0,0,24
2520,2856,2023-09-30,2024-06-27,271,0,0,0,69
2955,1663,2025-01-17,2024-05-02,-260,0,0,0,41
2267,2610,2023-12-31,2024-05-06,127,0,0,2,80
2037,1168,2024-10-18,2024-10-16,-2,0,1,0,86
1641,788,2024-09-01,2024-08-13,-19,1,1,1,50
243,910,2023-12-08,2024-07-28,233,1,2,0,22
634,2576,2024-12-30,2024-05-24,-220,0,1,0,62
1023,1223,2025-01-20,2025-03-02,41,1,2,2,21
1835,1555,2024-08-20,2025-02-07,171,1,2,1,79
43,336,2024-02-05,2024-07-04,150,1,1,1,53
2488,343,2025-03-11,2024-12-04,-97,0,0,0,73
915,2302,2023-11-09,2024-11-14,371,0,0,1,34
2567,1809,2024-06-19,2024-12-05,169,1,1,3,86
963,2928,2025-01-22,2024-10-16,-98,1,1,0,32
1621,1666,2023-07-11,2024-12-06,514,0,1,0,72
909,1505,2023-12-14,2024-06-08,177,0,0,0,81
777,2322,2023-07-01,2025-02-25,605,0,0,2,46
2840,1700,2023-09-02,2024-11-27,452,0,0,0,40
2686,1283,2025-03-08,2024-11-14,-114,0,0,0,81
2953,903,2024-07-16,2024-06-26,-20,1,1,0,80
2303,1842,2024-03-15,2025-01-22,313,1,1,0,43
1590,973,2024-12-17,2024-11-11,-36,0,0,0,53
666,1567,2023-09-27,2024-07-30,307,0,0,1,27
2852,2728,2024-04-23,2025-02-21,304,0,0,3,63
1665,2910,2024-05-01,2024-11-08,191,1,2,2,65
2513,2501,2024-10-17,2024-11-28,42,0,1,0,40
2627,1089,2024-06-15,2024-12-15,183,1,1,1,50
1599,1726,2024-11-04,2024-10-31,-4,1,1,2,88
1630,162,2023-08-12,2025-03-31,597,0,0,2,71
2398,1000,2023-11-18,2024-09-27,314,0,0,0,71
1225,1526,2023-07-01,2024-11-21,509,0,0,2,82
2542,1296,2024-07-27,2024-09-26,61,0,0,0,30
1965,2497,2023-07-27,2025-03-10,592,0,0,0,45
2783,824,2023-09-20,2025-03-27,554,0,0,0,56
134,662,2024-12-28,2024-09-30,-89,0,0,0,81
681,615,2024-08-15,2025-03-06,203,0,0,0,18
88,1361,2024-11-25,2024-09-27,-59,0,1,0,75
798,2402,2023-06-11,2025-03-27,655,0,0,3,19
1733,1924,2025-02-01,2024-10-22,-102,0,1,0,26
1438,65,2024-01-25,2025-01-10,351,0,1,0,21
102,222,2024-09-03,2024-08-15,-19,1,2,1,20
374,1513,2023-12-10,2025-04-11,488,0,1,0,31
2990,1726,2024-07-13,2025-01-12,183,0,0,2,87
2615,1504,2023-12-26,2025-04-13,474,0,1,0,43
2956,706,2023-10-06,2024-07-23,291,0,0,0,61
842,1081,2024-09-04,2024-08-11,-24,1,1,0,83
1360,945,2024-09-28,2024-05-09,-142,0,0,0,28
209,1826,2024-02-14,2024-06-10,117,0,1,0,85
2404,2129,2023-11-13,2025-01-11,425,0,0,2,36
804,643,2023-09-08,2024-07-22,318,0,0,2,71
2951,322,2023-12-02,2024-04-30,150,0,0,0,62
1031,2610,2024-11-22,2024-04-24,-212,1,3,2,81
1779,1631,2024-10-07,2024-07-11,-88,0,1,0,43
479,2905,2023-10-01,2024-10-09,374,0,0,0,57
2335,763,2024-11-09,2024-12-04,25,0,0,1,28
1273,463,2023-08-13,2024-09-03,387,0,1,0,40
2598,1027,2024-09-03,2024-04-30,-126,1,3,0,54
680,1340,2023-05-05,2025-03-16,681,0,0,1,35
1670,2966,2023-12-10,2025-03-16,462,0,0,2,77
258,2228,2024-06-22,2025-02-26,249,0,1,0,50
1690,2746,2024-06-29,2024-10-03,96,0,0,3,79
2325,2169,2024-04-03,2024-08-23,142,0,0,2,53
417,2956,2024-08-14,2024-12-28,136,0,0,2,86
1523,2001,2024-09-01,2025-02-25,177,1,1,2,77
2640,2235,2023-11-05,2024-12-08,399,0,0,0,53
950,831,2024-05-05,2025-04-24,354,0,0,0,78
685,2867,2023-06-18,2024-11-07,508,0,0,1,49
309,2403,2025-01-28,2024-08-01,-180,1,3,0,77
183,2370,2024-10-19,2024-06-15,-126,0,1,0,29
1219,76,2023-08-27,2024-07-01,309,0,0,3,26
2740,795,2024-08-03,2024-08-14,11,0,0,1,47
2320,2955,2024-03-14,2024-05-17,64,1,1,1,60
1279,2150,2024-06-18,2024-11-09,144,0,0,1,66
1772,1555,2023-05-10,2024-09-08,487,0,0,1,77
1959,2858,2024-08-23,2024-07-17,-37,0,0,0,20
2208,1610,2024-12-02,2024-11-24,-8,0,0,1,41
2574,995,2024-02-12,2024-12-16,308,0,0,0,26
2842,2373,2025-01-24,2025-04-04,70,0,1,0,25
159,1609,2025-04-08,2024-10-17,-173,0,1,0,77
2298,29,2024-12-08,2025-04-17,130,1,1,1,88
1838,580,2023-12-28,2024-11-23,331,0,0,2,16
2704,1145,2024-02-13,2024-08-29,198,0,0,0,53
569,2775,2023-05-06,2025-02-20,656,0,0,0,87
1489,558,2024-06-09,2024-08-13,65,0,0,0,32
1366,2099,2024-03-06,2025-04-19,409,1,1,2,47
2597,1717,2023-06-01,2025-01-20,599,0,0,2,84
989,2354,2023-11-13,2024-07-23,253,0,0,2,52
438,1581,2025-02-02,2024-08-14,-172,0,0,0,47
1458,374,2023-12-27,2024-09-20,268,0,0,0,27
1446,1502,2024-10-26,2024-08-11,-76,0,0,2,41
1585,2975,2025-02-11,2024-11-03,-100,0,1,0,32
338,502,2024-10-28,2024-10-21,-7,0,0,1,27
2151,2239,2024-04-11,2024-12-12,245,0,0,1,58
566,2729,2023-08-25,2025-03-31,584,0,0,1,20
825,1017,2023-09-23,2024-08-10,322,0,0,0,46
2439,2414,2024-01-14,2024-10-11,271,0,0,2,45
2849,1310,2024-01-27,2024-11-15,293,0,0,0,52
35,1356,2024-01-04,2024-10-11,281,0,0,0,29
2646,2317,2023-06-17,2024-08-10,420,0,0,0,24
1969,60,2024-02-23,2024-12-15,296,0,0,0,31
2945,2330,2024-01-15,2024-06-12,149,0,0,2,42
923,2737,2024-08-13,2025-02-12,183,0,0,2,89
757,140,2024-11-18,2024-05-30,-172,0,0,1,18
1846,1805,2024-01-03,2024-12-13,345,0,0,0,22
2447,2941,2024-05-16,2024-11-23,191,0,0,1,24
1606,2759,2025-03-19,2025-03-21,2,0,0,0,87
1070,394,2023-10-31,2024-06-10,223,0,0,0,65
1851,1517,2023-05-15,2024-09-18,492,0,0,2,49
2089,1073,2024-05-06,2025-03-05,303,1,1,0,89
56,2342,2024-10-05,2024-10-19,14,0,0,2,88
1782,698,2024-11-28,2024-07-22,-129,0,1,0,71
2090,1849,2024-11-20,2024-11-10,-10,0,0,0,62
282,1024,2023-08-01,2024-10-02,428,0,0,1,53
1096,1436,2023-09-09,2025-01-03,482,0,1,0,70
1311,1388,2023-05-07,2025-03-09,672,0,0,0,35
225,213,2024-12-07,2024-12-23,16,0,0,0,62
1780,316,2023-06-21,2025-01-04,563,0,0,1,74
2007,2306,2024-03-16,2024-07-09,115,0,0,0,76
1701,1657,2024-01-19,2024-08-08,202,1,1,2,17
2872,2614,2024-09-12,2024-07-11,-63,0,0,0,46
389,247,2024-07-08,2024-09-06,60,0,0,0,30
292,876,2024-11-15,2024-08-03,-104,0,0,0,21
1080,2094,2023-12-01,2024-09-02,276,0,0,1,45
1742,835,2025-02-04,2024-06-12,-237,0,1,0,19
2663,2874,2024-01-01,2025-02-07,403,0,1,0,33
95,208,2023-12-29,2025-01-26,394,0,0,1,58
2864,2639,2023-04-27,2025-02-18,663,0,0,0,32
862,1482,2024-07-25,2024-11-29,127,0,1,0,84
1029,2473,2023-09-11,2024-05-01,233,0,0,2,58
2596,1766,2024-04-21,2024-08-29,130,0,0,2,38
316,2527,2025-02-27,2024-08-17,-194,0,1,0,40
2169,2634,2023-07-25,2024-12-16,510,0,0,1,34
1112,2355,2024-12-10,2025-04-06,117,1,2,0,20
1627,1178,2024-09-09,2024-07-05,-66,1,2,0,19
1703,452,2023-12-23,2024-06-11,171,0,0,1,45
719,1465,2024-04-01,2025-01-18,292,1,2,0,27
2312,1976,2024-03-05,2025-02-18,350,0,0,1,74
734,40,2023-05-18,2025-02-09,633,0,1,0,77
2132,1910,2023-07-10,2024-05-04,299,0,0,0,81
854,2660,2023-06-27,2024-05-24,332,0,0,2,44
701,2120,2024-06-23,2025-03-16,266,0,0,0,58
238,836,2023-12-20,2024-10-15,300,1,1,1,82
1865,2723,2025-01-27,2025-03-13,45,1,3,0,59
653,454,2023-12-29,2024-12-10,347,0,0,0,58
736,133,2024-04-03,2025-01-14,286,0,0,0,47
1184,2294,2024-07-20,2024-10-02,74,0,0,1,33
2906,1636,2024-02-06,2024-04-30,84,0,0,0,25
2480,94,2023-11-08,2024-07-13,248,0,0,0,35
2893,1498,2023-11-07,2025-02-14,465,0,0,2,42
2579,710,2024-08-07,2025-03-12,217,0,0,0,49
2910,664,2023-11-12,2024-06-17,218,0,0,2,23
2210,1667,2025-03-27,2024-12-16,-101,0,1,0,83
2417,2430,2023-09-10,2024-10-03,389,1,1,0,73
273,1370,2024-09-21,2025-02-06,138,0,0,0,61
2469,431,2024-07-02,2024-06-09,-23,0,1,0,72
51,2073,2024-08-17,2024-09-18,32,1,2,2,70
1480,1087,2023-05-22,2024-12-05,563,0,0,2,51
2650,2631,2023-09-30,2024-06-28,272,0,0,2,46
181,220,2025-03-25,2024-05-08,-321,1,1,0,68
748,109,2024-12-27,2024-10-10,-78,0,0,0,64
819,792,2024-12-06,2024-07-17,-142,0,0,0,84
1205,702,2024-12-26,2024-10-14,-73,1,1,0,72
2742,461,2023-11-08,2024-07-24,259,0,0,1,43
1647,135,2023-07-21,2024-06-10,325,0,0,2,82
1597,1504,2023-08-23,2024-10-28,432,0,0,0,43
1502,1363,2024-01-28,2025-02-17,386,0,0,0,65
2012,2366,2023-06-20,2025-02-28,619,0,0,2,53
1906,436,2024-08-21,2025-03-28,219,0,1,0,75
485,2884,2023-05-06,2025-02-18,654,0,0,0,21
1200,2781,2023-06-05,2024-09-26,479,0,0,0,73
563,504,2023-11-21,2025-01-16,422,1,1,2,64
