admission_id,patient_id,admission_date,discharge_date,admission_reason,hospital_id,Readmitted
2139,372,2023-06-06,2025-02-01,Illness,21,1
1697,154,2023-09-06,2025-04-23,Injury,39,0
1243,302,2024-09-29,2024-06-26,Surgery,37,0
1498,838,2024-02-20,2024-10-17,Surgery,8,1
1187,1172,2024-09-16,2024-08-28,Check-up,11,0
716,580,2023-06-13,2025-04-24,Surgery,7,1
2889,25,2023-07-03,2025-01-22,Illness,31,1
2885,798,2025-04-22,2025-01-27,Surgery,2,0
2213,434,2023-10-09,2025-04-16,Injury,36,0
2710,864,2024-05-08,2024-12-16,Illness,49,1
1140,1089,2023-10-28,2025-04-23,Surgery,23,1
452,380,2024-07-07,2024-06-15,Illness,22,1
111,624,2025-02-25,2025-03-21,Injury,2,0
1020,1164,2024-06-11,2024-11-16,Check-up,11,0
1574,36,2023-08-24,2024-08-07,Illness,42,1
1719,1455,2023-06-11,2024-11-30,Surgery,25,0
1034,1119,2023-07-26,2025-04-08,Surgery,11,0
2055,398,2023-11-10,2025-03-29,Illness,18,0
1301,462,2025-01-31,2025-03-11,Surgery,21,1
2624,112,2024-06-01,2024-09-15,Surgery,11,0
2804,1399,2025-02-19,2025-03-19,Check-up,50,0
2967,82,2023-10-24,2025-04-19,Check-up,14,0
1645,1272,2023-11-29,2025-02-15,Injury,15,0
564,581,2024-09-29,2024-08-02,Illness,7,0
2258,198,2023-08-11,2025-02-11,Check-up,33,1
255,794,2023-07-07,2025-04-22,Check-up,28,0
573,876,2024-06-19,2025-03-02,Surgery,27,0
806,440,2024-02-17,2025-03-20,Injury,5,0
619,1283,2023-11-23,2024-10-03,Check-up,31,0
2891,1024,2023-07-08,2024-06-29,Surgery,11,1
2183,120,2024-03-20,2025-04-10,Check-up,41,0
2290,962,2024-10-26,2025-01-08,Injury,6,0
2810,78,2024-02-11,2025-01-06,Injury,29,0
861,1022,2025-04-09,2024-09-01,Illness,38,0
1356,671,2024-03-08,2024-05-25,Injury,1,0
2212,1248,2024-12-15,2024-12-07,Illness,39,0
506,24,2023-11-04,2024-09-15,Check-up,29,0
2932,1404,2024-04-07,2024-05-31,Illness,28,1
2617,806,2023-12-22,2024-09-03,Injury,9,0
284,282,2023-06-11,2025-01-14,Injury,26,0
1267,149,2023-07-31,2024-05-14,Surgery,24,0
1679,937,2025-03-13,2025-03-03,Check-up,32,1
336,914,2024-02-19,2024-08-03,Check-up,4,1
2078,1168,2024-01-19,2025-01-26,Illness,30,0
1942,192,2023-06-08,2024-12-05,Check-up,28,0
2623,830,2024-05-02,2024-12-05,Check-up,45,0
2458,975,2025-03-26,2024-08-19,Surgery,28,0
581,434,2025-01-22,2025-01-12,Surgery,25,0
2796,789,2023-08-27,2024-06-28,Illness,28,1
1674,1207,2023-12-04,2025-02-06,Surgery,16,1
2073,416,2024-12-06,2024-10-01,Surgery,20,0
1378,694,2024-02-04,2024-08-27,Surgery,23,1
74,496,2024-07-22,2024-07-21,Check-up,13,0
1773,1434,2024-08-26,2024-12-22,Surgery,8,0
1525,385,2024-10-17,2024-11-10,Illness,42,0
2342,643,2024-08-14,2024-07-05,Injury,14,0
212,1367,2024-09-15,2024-11-02,Illness,9,0
1453,1250,2024-07-25,2024-12-09,Injury,26,0
207,1057,2023-11-14,2025-03-28,Check-up,32,1
1955,1226,2023-05-29,2024-12-22,Check-up,1,0
1536,1121,2024-06-03,2025-04-17,Illness,2,0
2376,1090,2024-12-24,2024-10-06,Surgery,7,0
22,762,2024-09-26,2024-12-17,Surgery,37,0
1661,1412,2025-01-22,2025-03-03,Injury,6,1
979,1369,2024-09-24,2024-10-08,Surgery,20,0
480,281,2023-10-24,2024-05-04,Injury,12,0
2281,315,2023-09-07,2024-09-09,Injury,49,1
876,353,2025-04-04,2024-12-29,Injury,25,0
1019,895,2023-11-20,2024-10-12,Surgery,26,0
2159,158,2023-08-07,2024-09-28,Check-up,14,1
1474,916,2024-12-10,2024-09-21,Surgery,31,0
239,1414,2023-12-01,2024-09-24,Injury,37,0
1095,416,2023-09-24,2024-11-19,Surgery,3,0
264,578,2024-04-28,2024-10-02,Surgery,45,0
1129,179,2023-06-20,2025-02-09,Injury,49,1
790,551,2023-07-06,2024-05-12,Illness,5,1
2474,960,2024-11-28,2024-06-02,Surgery,15,1
2276,692,2024-05-15,2024-07-27,Illness,1,1
2184,827,2024-12-28,2024-11-02,Surgery,34,1
2268,1278,2023-10-23,2024-11-06,Injury,40,0
531,932,2024-04-14,2024-12-06,Surgery,11,0
1025,514,2023-09-05,2024-10-16,Injury,30,0
2698,1043,2024-04-21,2024-07-25,Check-up,37,0
1260,939,2024-10-31,2024-05-04,Check-up,6,0
1425,705,2025-01-28,2025-02-06,Injury,33,0
1307,1400,2023-10-09,2024-07-09,Check-up,46,0
700,592,2024-12-31,2025-04-13,Illness,13,0
1361,1479,2024-07-26,2024-09-16,Injury,37,1
386,928,2025-01-29,2024-09-02,Check-up,3,0
2355,1179,2025-02-10,2025-03-15,Check-up,50,1
2369,516,2024-04-21,2025-03-06,Illness,44,0
1117,732,2023-10-17,2024-07-16,Injury,45,0
1373,731,2024-08-23,2025-04-17,Illness,19,0
40,1413,2024-05-13,2024-12-27,Illness,32,0
208,1371,2025-02-24,2024-10-23,Illness,35,0
1426,27,2024-06-07,2025-04-18,Surgery,33,0
79,513,2024-09-26,2025-02-15,Illness,2,0
1914,647,2024-06-02,2024-11-20,Surgery,19,0
2909,1475,2025-01-08,2024-12-03,Check-up,32,0
1941,1233,2024-08-28,2025-03-02,Injury,15,0
2594,604,2024-01-16,2024-04-30,Illness,31,0
222,728,2025-01-11,2024-10-29,Check-up,33,0
813,59,2023-07-31,2025-04-01,Injury,48,0
1269,1077,2024-08-03,2024-08-21,Injury,41,0
1058,1490,2023-12-20,2024-12-31,Illness,45,0
308,334,2025-01-02,2024-12-26,Check-up,34,0
1987,52,2023-12-01,2024-07-30,Injury,26,0
85,843,2024-04-24,2024-05-01,Injury,18,1
2544,762,2024-02-14,2024-11-22,Injury,9,0
2311,1057,2024-05-03,2024-04-30,Check-up,42,1
2152,1128,2024-05-17,2024-06-06,Check-up,25,1
2968,463,2023-09-20,2025-03-29,Surgery,1,1
567,796,2023-09-08,2024-05-27,Illness,34,0
1651,759,2024-10-21,2024-05-02,Illness,1,0
2894,114,2023-08-29,2024-10-24,Surgery,40,0
2418,1291,2023-05-28,2024-08-31,Surgery,44,0
1604,1167,2024-12-18,2024-08-23,Surgery,40,1
751,854,2024-02-12,2024-06-06,Illness,35,1
802,921,2024-03-26,2025-03-08,Check-up,33,0
1030,273,2024-11-16,2025-01-12,Surgery,4,0
618,294,2023-11-16,2025-02-14,Illness,42,0
2771,1160,2023-05-06,2025-01-13,Surgery,39,0
453,490,2024-09-20,2024-07-13,Injury,32,0
870,1191,2023-12-28,2024-12-28,Surgery,2,0
206,117,2024-09-30,2025-01-23,Surgery,31,0
2200,81,2024-12-20,2024-09-28,Check-up,42,1
1250,17,2023-07-28,2025-03-05,Surgery,30,0
1293,361,2023-09-16,2025-01-29,Illness,38,0
1295,455,2023-09-03,2024-07-21,Injury,32,0
203,838,2024-06-02,2024-11-16,Illness,24,1
662,1141,2024-05-23,2024-05-29,Check-up,30,0
1717,1284,2024-01-11,2025-01-18,Injury,43,1
381,951,2024-03-10,2024-12-20,Injury,10,0
2832,844,2023-05-06,2024-05-27,Injury,46,0
1278,1142,2023-08-26,2024-12-08,Surgery,31,0
1027,1159,2023-10-22,2024-12-05,Check-up,18,0
2693,409,2024-12-14,2024-07-26,Check-up,30,0
1654,697,2023-05-23,2025-01-01,Surgery,39,0
1968,635,2025-01-15,2024-11-02,Injury,27,1
2895,1287,2023-11-05,2024-05-03,Check-up,44,0
2221,1077,2023-10-08,2024-09-24,Injury,49,0
349,158,2024-10-31,2025-04-12,Check-up,50,0
2225,726,2024-02-12,2024-12-27,Injury,17,0
2608,891,2023-09-15,2025-03-27,Surgery,5,1
991,924,2024-12-28,2024-12-13,Illness,24,1
922,1047,2025-04-17,2024-11-04,Surgery,40,0
2181,1280,2024-11-27,2024-10-10,Illness,45,0
1087,716,2023-11-18,2024-09-12,Check-up,6,0
2360,1012,2025-04-23,2024-06-15,Injury,14,0
670,713,2024-10-08,2024-05-24,Surgery,11,0
1210,272,2024-09-26,2025-03-04,Surgery,12,1
202,1283,2023-06-25,2025-04-02,Surgery,18,0
1994,1306,2023-11-26,2025-01-31,Check-up,1,0
2402,92,2025-04-12,2025-04-04,Injury,2,1
1609,1446,2024-10-31,2024-09-29,Injury,49,0
1993,1052,2024-04-27,2024-05-21,Check-up,50,0
912,276,2023-05-14,2025-01-14,Check-up,1,0
2270,1409,2024-11-22,2025-01-08,Surgery,4,0
1671,730,2023-06-23,2025-02-07,Surgery,43,1
2113,1369,2024-06-20,2024-07-23,Check-up,4,0
2568,1327,2023-11-04,2025-01-30,Surgery,35,1
1823,1105,2024-09-02,2024-05-04,Illness,1,0
318,590,2024-03-06,2024-07-29,Surgery,39,0
1882,1175,2024-11-08,2024-10-07,Surgery,29,0
896,552,2024-09-11,2025-04-11,Check-up,36,0
939,1275,2023-10-31,2024-08-02,Illness,6,0
1979,1387,2024-08-12,2024-10-26,Surgery,47,0
1304,659,2024-12-19,2024-06-11,Illness,3,0
774,157,2023-07-01,2025-04-01,Illness,43,0
1492,937,2023-12-15,2024-04-28,Injury,33,1
2451,399,2023-08-19,2025-01-18,Check-up,10,0
117,1342,2023-11-06,2025-04-13,Injury,24,0
2368,119,2024-08-06,2024-05-14,Surgery,21,0
2327,420,2023-05-28,2024-05-15,Injury,25,1
2128,220,2025-02-16,2025-02-01,Injury,39,0
1732,414,2023-09-16,2024-07-20,Surgery,23,0
220,998,2024-04-12,2025-03-23,Check-up,44,0
1347,229,2023-11-28,2024-06-06,Surgery,4,0
2370,341,2024-04-15,2025-01-16,Surgery,9,0
693,668,2025-03-31,2024-09-14,Check-up,25,0
2277,75,2024-10-17,2025-04-21,Check-up,15,0
947,524,2024-05-08,2024-05-21,Injury,15,0
2511,854,2024-01-04,2024-08-31,Surgery,16,1
1284,638,2024-12-25,2025-03-27,Illness,22,0
1508,701,2024-07-03,2025-03-12,Illness,12,0
706,68,2024-11-28,2024-09-11,Illness,46,0
865,510,2023-11-27,2024-08-04,Injury,48,0
2998,586,2023-11-01,2024-12-11,Illness,14,0
1777,1154,2023-10-09,2025-03-07,Surgery,3,1
1457,730,2025-01-01,2024-12-08,Injury,27,1
1840,621,2023-07-21,2024-09-09,Surgery,3,1
2423,833,2024-07-19,2024-11-20,Injury,7,0
383,686,2023-08-26,2024-12-30,Injury,48,0
2125,196,2024-07-28,2024-07-10,Surgery,32,0
433,1395,2023-07-08,2024-11-30,Check-up,4,1
2144,65,2024-05-24,2024-11-05,Surgery,19,0
44,465,2024-03-16,2025-03-22,Surgery,36,0
787,1496,2024-01-06,2024-08-18,Illness,24,1
2359,821,2024-05-14,2024-06-30,Check-up,43,0
2921,325,2023-11-16,2025-01-29,Surgery,29,1
733,478,2025-01-11,2024-10-04,Check-up,33,0
1841,1439,2024-12-10,2024-04-25,Injury,3,1
1900,1109,2024-09-06,2024-06-22,Injury,37,1
1826,1417,2024-05-17,2024-10-04,Illness,47,0
2066,1371,2024-03-21,2024-10-14,Illness,12,0
562,183,2023-06-29,2024-07-05,Surgery,16,0
2197,22,2024-06-07,2024-09-24,Surgery,8,0
2251,1056,2024-10-27,2025-04-08,Illness,29,0
1946,992,2023-05-07,2025-02-22,Surgery,20,0
1855,1089,2024-08-14,2025-01-20,Injury,38,1
50,1395,2024-01-07,2024-12-17,Illness,46,1
1206,1438,2024-05-06,2024-09-10,Illness,45,0
1079,732,2024-12-10,2025-02-16,Illness,16,0
754,543,2024-08-04,2024-08-08,Injury,36,0
34,1062,2024-05-03,2024-10-20,Illness,41,0
1915,1450,2024-07-19,2024-08-29,Illness,1,0
1382,332,2025-01-06,2025-02-08,Illness,34,0
2823,846,2025-04-03,2024-08-30,Illness,31,0
866,1160,2023-05-30,2024-05-13,Illness,47,0
213,856,2024-12-10,2025-01-19,Surgery,49,0
2928,1406,2024-02-26,2025-01-26,Illness,4,0
404,845,2024-08-05,2025-03-16,Check-up,37,1
2121,602,2023-08-28,2025-01-18,Injury,31,0
2733,1295,2024-09-22,2024-12-19,Surgery,17,1
63,844,2023-10-01,2024-05-24,Surgery,31,1
113,927,2024-11-10,2025-04-04,Surgery,43,0
463,478,2024-04-23,2025-02-15,Injury,13,0
1933,1058,2023-06-27,2025-02-05,Injury,28,0
1235,727,2025-02-17,2025-04-10,Illness,26,0
2508,115,2023-05-13,2024-10-06,Surgery,12,0
836,1031,2024-04-21,2024-11-15,Injury,8,0
405,680,2024-12-05,2024-08-26,Check-up,34,1
108,778,2023-06-29,2025-03-29,Surgery,37,0
1866,1026,2023-11-01,2024-07-21,Check-up,8,0
2198,672,2023-08-26,2024-11-26,Illness,37,0
910,551,2024-04-09,2025-01-29,Surgery,31,1
2660,784,2024-03-04,2024-05-05,Illness,8,0
123,880,2024-12-22,2024-08-06,Injury,26,0
1639,704,2025-01-29,2024-11-16,Surgery,20,0
503,774,2024-12-04,2025-03-28,Surgery,25,0
1754,1269,2023-05-06,2024-04-24,Check-up,36,1
2929,833,2025-02-21,2024-09-17,Illness,30,0
2209,375,2023-09-20,2024-11-22,Illness,17,1
246,1374,2024-10-29,2024-07-24,Surgery,27,1
771,31,2025-01-24,2025-04-20,Check-up,8,0
2207,560,2024-03-05,2024-12-10,Check-up,16,0
1075,462,2024-07-21,2025-03-07,Check-up,1,1
1104,736,2023-06-06,2024-08-16,Illness,18,0
1462,529,2024-09-13,2025-01-03,Surgery,37,1
1423,1092,2024-06-28,2025-04-16,Injury,44,0
2228,171,2024-12-06,2024-07-21,Surgery,48,0
2381,996,2023-11-29,2024-07-24,Check-up,7,0
1707,1018,2024-06-07,2024-10-30,Illness,3,0
1662,1044,2023-09-16,2024-10-01,Check-up,1,0
31,868,2024-07-11,2024-09-26,Check-up,30,1
2154,1500,2024-01-08,2024-08-23,Illness,30,1
1390,237,2023-10-17,2025-01-31,Injury,44,0
332,535,2024-12-23,2024-10-11,Surgery,19,0
138,431,2023-07-06,2024-05-29,Check-up,6,1
2566,1392,2024-09-11,2024-12-05,Surgery,21,0
1167,1491,2023-06-16,2024-06-26,Surgery,19,0
1333,332,2024-09-20,2024-12-30,Check-up,41,0
1318,1036,2024-05-07,2024-11-03,Check-up,7,0
482,1269,2024-05-17,2024-08-12,Injury,29,1
1370,53,2024-11-04,2024-08-22,Check-up,31,0
522,192,2024-10-26,2025-04-23,Illness,48,1
2206,102,2024-06-05,2025-01-16,Injury,15,1
997,750,2025-03-04,2024-11-10,Injury,25,0
2026,6,2025-03-30,2024-05-01,Illness,4,0
1161,972,2024-03-29,2024-06-26,Surgery,46,0
1813,237,2024-03-03,2025-03-26,Illness,9,0
511,175,2024-12-04,2024-10-31,Illness,29,0
1045,918,2025-03-21,2024-09-19,Injury,45,1
1024,126,2024-04-10,2024-09-06,Surgery,14,1
302,1482,2023-05-20,2025-04-14,Illness,31,1
1723,522,2023-08-05,2024-11-15,Illness,22,0
1272,533,2024-07-04,2024-08-02,Injury,49,0
821,1221,2024-01-23,2025-02-28,Check-up,40,0
1978,812,2024-05-13,2024-09-05,Illness,26,0
2997,1471,2023-09-06,2024-06-04,Check-up,31,1
526,268,2023-11-25,2024-12-23,Illness,34,0
2933,152,2024-08-03,2024-07-12,Illness,44,0
2068,126,2023-11-04,2024-12-18,Surgery,8,1
2344,278,2023-10-08,2025-01-09,Check-up,5,0
622,30,2023-09-22,2024-09-24,Illness,6,0
1204,215,2024-06-03,2024-08-24,Injury,46,0
341,481,2024-04-03,2024-06-17,Injury,42,1
1786,900,2023-08-29,2024-09-03,Surgery,43,0
1793,515,2023-09-22,2024-05-27,Injury,50,1
2163,172,2024-11-24,2024-07-09,Injury,17,0
1592,1150,2023-08-26,2024-07-28,Surgery,42,0
2805,776,2023-07-18,2024-12-26,Surgery,43,0
2476,72,2025-01-29,2024-06-08,Surgery,30,1
632,1261,2025-02-09,2024-06-28,Check-up,43,0
2291,1032,2023-04-28,2024-05-18,Surgery,3,0
585,986,2023-12-21,2025-01-07,Illness,40,0
674,1069,2024-11-05,2024-07-11,Surgery,22,0
2403,1145,2025-03-02,2024-12-28,Surgery,35,0
2191,225,2024-03-19,2025-02-09,Surgery,10,1
1299,407,2024-11-01,2025-03-01,Surgery,15,0
2021,1429,2024-12-25,2024-07-05,Surgery,44,1
1154,451,2024-04-05,2024-08-01,Surgery,29,0
1668,445,2023-06-11,2025-04-16,Injury,18,0
270,955,2024-05-24,2024-12-18,Check-up,45,0
2527,705,2025-02-15,2024-11-11,Check-up,17,0
968,384,2024-06-15,2024-06-01,Illness,11,1
691,706,2024-03-23,2024-07-05,Check-up,11,0
2972,1092,2023-04-26,2025-04-23,Injury,47,0
966,282,2024-09-20,2024-10-18,Check-up,9,0
1750,76,2024-10-25,2025-01-25,Injury,37,0
2242,1026,2024-07-23,2025-02-20,Surgery,21,0
2738,1051,2023-05-24,2024-08-04,Surgery,21,0
2214,960,2024-11-07,2024-08-27,Check-up,19,1
1816,119,2023-07-29,2024-11-27,Injury,48,1
2056,473,2023-10-12,2024-07-02,Surgery,14,0
527,393,2024-01-22,2024-09-08,Check-up,6,0
1183,935,2024-11-23,2024-06-07,Injury,3,0
994,564,2024-07-13,2024-06-06,Surgery,16,0
2031,545,2024-06-12,2024-05-09,Check-up,43,0
2865,1043,2023-05-16,2024-06-26,Surgery,3,0
2058,975,2023-11-07,2024-07-12,Illness,33,0
783,983,2025-01-04,2024-10-26,Check-up,18,0
1526,320,2023-07-27,2024-05-20,Illness,3,0
29,777,2025-01-16,2024-09-29,Surgery,13,0
2603,1182,2024-10-14,2024-05-19,Illness,44,1
502,1080,2023-08-17,2024-09-15,Injury,40,0
2908,145,2024-06-04,2025-04-05,Illness,7,0
2019,1374,2023-10-07,2025-03-04,Check-up,6,0
315,882,2025-04-22,2024-08-17,Injury,31,0
1764,83,2023-07-01,2024-07-02,Check-up,36,0
355,987,2023-11-13,2025-04-20,Check-up,40,1
2111,1098,2025-01-09,2024-12-05,Injury,20,0
1550,440,2023-10-28,2024-10-13,Illness,45,0
999,292,2024-01-10,2025-01-04,Illness,3,0
698,502,2023-08-01,2024-04-27,Illness,39,0
290,429,2024-04-21,2024-06-06,Check-up,25,0
1216,936,2024-11-24,2025-03-22,Injury,23,0
299,22,2025-01-24,2024-04-29,Check-up,17,0
1182,223,2023-06-11,2024-12-22,Illness,24,1
1392,1494,2023-09-28,2024-08-30,Illness,26,1
1895,1300,2024-06-19,2024-08-08,Injury,15,0
1317,1180,2024-08-07,2024-05-15,Surgery,49,0
609,959,2024-01-27,2025-02-11,Injury,37,1
613,454,2024-09-03,2024-06-29,Check-up,16,0
1090,199,2023-08-02,2024-12-21,Surgery,39,0
1263,30,2025-03-01,2024-12-02,Surgery,5,0
1571,1031,2024-12-04,2024-10-15,Injury,35,0
1334,773,2025-04-13,2024-09-02,Illness,21,0
2911,1364,2023-07-14,2024-08-13,Illness,48,0
2106,1168,2024-12-06,2025-04-21,Check-up,37,0
2590,950,2025-01-13,2024-09-17,Surgery,17,0
588,381,2024-12-07,2025-02-09,Check-up,19,0
1787,794,2024-03-30,2025-01-20,Illness,10,0
427,716,2024-10-04,2024-08-12,Illness,37,0
2563,758,2024-06-13,2024-06-25,Check-up,4,0
1055,94,2023-08-28,2024-08-10,Surgery,29,0
972,1326,2024-07-23,2024-05-09,Illness,15,0
888,200,2025-01-03,2025-01-22,Illness,23,0
874,160,2024-04-04,2024-05-27,Surgery,1,0
2231,806,2023-09-18,2025-03-11,Surgery,6,0
1513,239,2024-03-30,2025-04-11,Surgery,8,0
2648,1071,2024-11-30,2025-03-12,Illness,10,0
1538,978,2024-11-10,2025-01-12,Illness,4,0
1107,537,2024-12-18,2024-07-22,Illness,8,0
323,1283,2024-11-07,2024-11-16,Injury,13,0
1261,1352,2023-10-18,2025-01-22,Check-up,17,1
1657,1226,2024-11-20,2024-09-06,Surgery,4,0
834,774,2023-12-05,2024-10-25,Injury,3,0
1294,1281,2023-04-30,2024-12-03,Surgery,36,0
49,462,2025-02-05,2024-05-28,Illness,42,1
145,738,2024-02-07,2024-05-17,Check-up,40,0
2331,698,2024-01-29,2024-11-27,Illness,30,0
2385,135,2023-10-12,2024-09-10,Illness,20,0
247,1273,2024-07-22,2024-10-23,Injury,26,0
1442,301,2024-08-24,2024-06-16,Injury,12,0
2016,690,2023-05-19,2024-08-19,Injury,24,0
1655,1424,2023-10-05,2024-05-03,Surgery,45,0
1734,161,2024-10-14,2024-05-20,Surgery,16,1
2499,1063,2024-11-18,2024-08-02,Illness,6,1
1063,664,2023-12-08,2024-07-16,Surgery,29,0
1240,981,2025-04-24,2024-05-22,Check-up,20,0
2799,902,2023-09-17,2024-09-25,Injury,27,1
665,267,2024-04-02,2024-06-22,Illness,10,0
1700,839,2024-04-15,2024-06-28,Illness,35,0
873,1319,2025-02-09,2024-12-18,Surgery,50,0
776,78,2023-10-26,2024-10-20,Surgery,43,0
853,1156,2023-07-16,2024-11-18,Check-up,37,0
1486,1194,2024-02-09,2025-02-16,Surgery,25,1
803,1370,2024-09-25,2024-09-01,Check-up,6,0
943,310,2025-01-03,2024-05-26,Surgery,12,0
2595,602,2024-06-10,2025-01-31,Check-up,40,0
1556,498,2024-06-26,2024-07-22,Illness,1,0
293,857,2023-10-06,2025-01-29,Check-up,16,1
2767,1121,2023-04-27,2025-02-25,Check-up,25,0
810,211,2024-12-04,2025-02-19,Illness,5,0
1455,806,2024-08-26,2025-01-21,Check-up,42,0
2051,531,2024-10-19,2024-09-18,Check-up,26,0
513,1029,2025-02-24,2025-02-20,Illness,20,0
2393,1447,2023-08-22,2024-11-15,Injury,15,0
1984,492,2024-05-17,2024-05-23,Check-up,17,0
1810,745,2024-08-03,2025-03-25,Check-up,24,0
360,307,2023-08-28,2025-03-14,Illness,21,0
538,89,2024-06-26,2024-12-08,Injury,2,0
2692,969,2023-06-01,2025-04-20,Check-up,1,0
2713,222,2023-08-23,2024-08-18,Injury,23,0
1613,577,2024-06-20,2024-08-09,Check-up,22,1
933,114,2024-05-15,2024-07-17,Surgery,43,0
1646,1411,2025-04-10,2024-06-17,Check-up,6,0
1551,1246,2024-06-27,2024-06-19,Injury,12,0
1991,1442,2023-12-31,2025-04-23,Check-up,50,0
1371,893,2023-07-16,2024-12-15,Check-up,19,1
980,300,2024-11-08,2024-10-11,Illness,35,0
1339,570,2023-10-14,2024-12-18,Check-up,27,0
1581,226,2024-10-07,2024-07-06,Surgery,28,0
878,521,2023-05-25,2024-10-12,Illness,30,0
711,985,2024-12-12,2024-06-06,Surgery,33,0
2673,1184,2023-06-22,2025-01-04,Check-up,16,0
48,1146,2023-11-20,2024-11-23,Check-up,19,1
1939,977,2024-09-13,2024-08-05,Surgery,49,0
402,622,2024-08-30,2024-10-12,Illness,10,0
1666,684,2025-01-31,2024-10-26,Surgery,42,0
1973,195,2024-10-28,2024-08-20,Check-up,16,1
408,643,2023-09-05,2025-03-17,Illness,16,0
2787,232,2024-09-28,2025-02-20,Illness,33,0
2035,1025,2025-01-06,2024-10-28,Injury,31,1
125,547,2024-12-30,2025-03-09,Check-up,17,0
1084,1041,2024-07-19,2024-05-12,Injury,36,0
1934,472,2023-07-17,2024-09-29,Check-up,3,0
529,886,2024-01-13,2024-06-13,Illness,11,1
815,272,2024-03-11,2024-12-21,Surgery,29,1
643,79,2024-05-18,2024-10-06,Injury,11,0
1051,1374,2023-07-31,2024-11-24,Surgery,38,0
601,646,2025-02-03,2025-03-22,Check-up,5,0
148,1498,2024-05-15,2025-02-01,Surgery,32,0
510,648,2024-10-08,2024-12-20,Injury,36,0
1193,1059,2024-02-18,2024-08-28,Check-up,37,0
1807,392,2024-09-13,2024-11-20,Injury,22,0
2899,1495,2024-11-24,2025-04-13,Injury,45,0
359,506,2024-09-21,2024-09-19,Injury,23,0
1214,574,2024-09-19,2025-01-28,Illness,33,1
2509,766,2025-04-12,2024-07-29,Check-up,48,0
1065,832,2023-05-27,2024-06-15,Check-up,8,1
2177,312,2023-05-21,2024-07-05,Injury,9,1
1276,988,2024-07-31,2024-06-24,Injury,2,0
2592,1486,2023-09-01,2024-09-22,Check-up,28,0
2120,275,2023-06-05,2025-04-11,Illness,48,0
2788,178,2023-11-04,2024-12-16,Check-up,18,1
2308,210,2023-10-16,2024-12-23,Check-up,36,0
139,1405,2024-09-09,2024-04-26,Injury,34,0
128,494,2024-12-23,2024-07-17,Surgery,11,0
2766,433,2024-04-23,2024-08-21,Illness,38,1
1168,1424,2023-08-10,2024-08-31,Injury,42,1
2702,539,2023-07-19,2024-07-15,Check-up,31,0
2506,108,2024-01-13,2025-04-11,Illness,37,0
294,731,2023-12-20,2024-06-02,Injury,30,0
228,532,2023-11-01,2024-09-23,Surgery,50,0
1126,804,2023-08-23,2025-01-14,Injury,31,1
1207,333,2024-01-08,2024-06-29,Check-up,49,0
2524,707,2024-05-30,2024-10-06,Check-up,11,1
1440,154,2025-02-08,2025-04-08,Illness,44,0
1974,844,2024-01-24,2024-11-19,Check-up,2,0
2877,1162,2024-02-29,2025-03-18,Check-up,16,0
2054,656,2023-04-27,2024-07-17,Injury,43,0
441,1385,2024-02-16,2024-08-31,Injury,1,0
179,790,2024-07-01,2024-12-01,Check-up,25,0
1524,885,2024-09-05,2025-04-03,Check-up,32,0
2946,459,2023-11-14,2025-03-31,Surgery,43,0
1961,1234,2023-07-23,2024-12-16,Injury,36,0
1829,252,2023-11-28,2024-05-09,Check-up,29,0
1349,1023,2023-10-06,2025-04-15,Check-up,2,0
2020,202,2023-11-20,2024-10-05,Injury,49,0
1503,651,2024-05-06,2024-08-30,Injury,30,0
900,1394,2024-09-01,2024-07-22,Illness,7,0
33,70,2024-05-24,2024-05-23,Injury,3,1
2462,1215,2025-01-17,2024-05-11,Surgery,35,0
466,877,2024-10-11,2024-09-20,Illness,27,0
1427,531,2023-09-17,2024-04-24,Injury,33,0
2807,373,2023-10-17,2024-05-02,Check-up,1,0
610,61,2024-03-13,2024-05-08,Illness,49,0
1566,689,2025-03-09,2024-12-20,Surgery,40,0
472,514,2023-10-22,2024-05-17,Check-up,40,0
2504,532,2023-07-29,2025-02-12,Injury,19,0
2286,1423,2023-08-23,2024-08-04,Surgery,48,1
325,1280,2024-03-31,2024-08-19,Check-up,41,0
168,1303,2024-11-13,2024-05-16,Illness,22,0
1605,758,2024-08-29,2024-06-12,Surgery,32,0
449,257,2023-10-05,2024-11-16,Surgery,2,1
1889,1446,2024-04-29,2024-12-10,Injury,40,0
589,1055,2024-09-16,2024-06-03,Illness,3,0
807,1025,2024-05-03,2024-05-17,Injury,32,1
2244,240,2023-05-05,2024-12-13,Injury,20,0
2730,475,2024-12-13,2025-03-06,Surgery,1,0
193,878,2023-09-10,2024-04-27,Check-up,21,1
1099,1425,2025-03-26,2024-04-30,Surgery,24,1
75,347,2024-10-17,2024-05-10,Illness,40,0
2430,406,2024-03-22,2024-07-21,Injury,43,0
436,682,2024-05-07,2025-02-09,Check-up,42,0
394,885,2024-12-04,2024-06-24,Injury,27,0
576,509,2024-01-06,2024-05-15,Surgery,30,0
1950,93,2024-07-15,2024-12-17,Check-up,6,0
903,1010,2023-06-26,2024-11-15,Injury,40,1
1266,1497,2023-04-27,2024-05-02,Check-up,49,1
1231,166,2023-05-19,2024-05-10,Illness,4,1
1241,1373,2024-03-02,2024-10-16,Injury,9,0
2482,314,2024-08-02,2024-06-17,Injury,14,0
1355,1494,2023-09-25,2024-12-09,Check-up,10,0
2264,660,2024-02-08,2025-01-18,Surgery,4,1
69,799,2024-09-22,2024-11-20,Check-up,35,0
1792,1075,2023-05-03,2024-09-25,Illness,40,0
363,714,2024-12-15,2024-09-26,Illness,15,0
1573,522,2023-05-29,2024-07-14,Check-up,38,0
13,895,2024-05-18,2024-07-10,Illness,46,0
1890,346,2024-03-01,2025-02-09,Injury,26,1
426,366,2024-05-29,2024-10-22,Surgery,15,0
1337,750,2023-08-01,2024-11-26,Check-up,44,0
2199,990,2024-12-27,2024-10-23,Illness,3,0
1325,1462,2024-07-30,2025-03-24,Surgery,22,0
1881,782,2024-05-14,2024-08-17,Check-up,22,0
235,908,2023-10-19,2024-12-02,Surgery,42,1
1996,1207,2024-07-18,2024-04-29,Injury,2,1
382,1355,2023-07-01,2024-06-05,Surgery,27,1
2189,1264,2023-05-28,2025-03-10,Check-up,26,1
1918,989,2024-10-29,2025-01-12,Illness,16,0
1217,852,2024-08-28,2024-10-31,Check-up,2,0
504,399,2023-11-05,2024-05-16,Surgery,39,0
2993,118,2023-10-31,2024-07-28,Check-up,3,0
631,1378,2024-10-01,2025-03-07,Illness,4,0
291,200,2024-11-13,2025-04-06,Illness,36,0
1320,1191,2023-12-12,2025-04-02,Check-up,32,1
160,1368,2023-12-22,2025-02-14,Check-up,40,0
2707,450,2024-01-29,2024-06-11,Surgery,10,0
2717,273,2024-03-04,2024-09-08,Surgery,11,0
2723,405,2024-09-22,2024-05-22,Injury,44,0
1209,808,2024-08-03,2024-05-22,Check-up,16,0
1718,630,2024-08-31,2024-04-25,Surgery,30,0
350,219,2023-09-25,2024-05-07,Surgery,19,0
443,387,2023-10-08,2024-07-01,Illness,17,0
1561,144,2024-02-01,2025-02-10,Injury,23,1
231,647,2023-09-10,2025-02-14,Illness,4,1
2005,557,2024-07-11,2024-09-09,Surgery,14,0
2108,861,2025-03-25,2024-05-07,Illness,38,0
1680,149,2024-01-16,2024-07-17,Illness,28,0
1695,912,2024-07-17,2024-10-30,Check-up,13,0
2554,1279,2025-01-27,2024-12-13,Surgery,7,0
2364,1307,2023-11-27,2025-04-21,Illness,17,0
977,94,2024-05-08,2024-06-18,Illness,4,0
2306,938,2024-03-22,2024-11-16,Injury,24,0
2983,24,2025-01-24,2024-08-02,Illness,48,1
1659,1060,2023-08-09,2024-09-29,Injury,2,0
530,323,2023-07-25,2025-02-27,Illness,14,0
2765,28,2023-10-29,2025-01-15,Illness,24,0
1358,882,2024-05-23,2024-11-14,Injury,45,0
949,800,2023-07-30,2024-09-16,Check-up,15,0
2982,293,2024-04-29,2025-01-20,Illness,5,1
1929,661,2024-05-20,2024-05-01,Injury,17,0
1290,1198,2023-11-06,2024-11-01,Injury,4,0
2814,471,2024-10-05,2024-12-10,Injury,38,0
406,627,2024-08-25,2024-05-16,Surgery,28,1
840,406,2024-12-21,2024-08-30,Injury,29,0
2174,222,2024-04-26,2024-06-07,Illness,26,0
1917,1145,2024-06-20,2025-04-08,Illness,45,0
2614,240,2023-05-14,2024-06-21,Injury,11,0
1802,1127,2023-08-16,2025-03-16,Surgery,30,1
1785,143,2024-05-25,2025-02-14,Injury,21,1
1497,779,2023-08-21,2025-02-06,Check-up,7,0
1790,265,2023-09-14,2024-07-27,Check-up,41,1
215,588,2023-11-15,2025-04-21,Surgery,8,0
2571,369,2024-09-18,2025-02-28,Surgery,31,0
500,392,2024-03-18,2024-09-27,Illness,14,0
1022,1202,2023-05-06,2024-06-11,Illness,2,0
24,1239,2023-06-19,2024-10-07,Check-up,23,0
1062,366,2023-05-27,2025-04-08,Check-up,10,0
210,482,2024-07-06,2024-12-18,Surgery,27,0
1072,145,2024-05-03,2024-07-23,Illness,10,0
1482,625,2024-06-28,2025-01-14,Check-up,37,0
1755,457,2023-06-23,2025-02-20,Injury,45,0
1583,1475,2024-10-07,2024-11-14,Check-up,6,0
188,707,2024-03-01,2025-02-22,Check-up,50,1
2479,138,2023-10-30,2024-10-13,Check-up,28,0
2293,984,2023-08-01,2025-02-04,Injury,12,0
2136,992,2023-09-07,2025-03-03,Surgery,47,0
2776,1000,2024-04-15,2025-03-11,Surgery,13,0
98,248,2023-12-23,2024-09-13,Illness,1,0
2218,1367,2024-01-29,2025-01-16,Illness,38,0
1327,1162,2024-06-17,2024-06-20,Surgery,39,0
2659,1355,2023-06-12,2025-01-14,Check-up,18,1
708,1174,2023-05-25,2024-10-04,Surgery,45,1
1468,56,2024-06-10,2025-01-30,Illness,37,0
2400,1492,2023-05-21,2025-01-14,Injury,29,1
2701,670,2023-10-29,2025-03-30,Injury,18,0
978,1239,2025-03-07,2025-04-23,Surgery,5,0
1089,1175,2023-09-24,2025-03-16,Injury,2,1
2341,1395,2023-08-23,2025-02-26,Illness,7,1
2560,32,2025-03-14,2024-05-06,Injury,14,0
2532,610,2025-01-21,2024-12-09,Illness,37,1
454,95,2024-11-20,2024-06-13,Injury,48,0
2720,245,2023-10-31,2024-12-11,Check-up,46,0
2475,17,2023-11-02,2025-02-04,Surgery,44,0
2977,1210,2024-06-24,2024-09-22,Injury,27,0
1860,715,2025-03-16,2025-01-20,Surgery,11,1
2079,21,2024-01-24,2024-09-23,Illness,14,0
627,1272,2024-05-26,2025-03-08,Check-up,37,0
2839,312,2025-02-22,2024-10-19,Check-up,47,0
30,914,2024-04-13,2025-04-23,Surgery,10,1
32,450,2024-01-08,2024-05-21,Injury,42,0
710,16,2024-02-21,2025-02-26,Illness,9,0
1567,249,2024-04-25,2024-12-21,Illness,19,0
1539,1490,2024-06-12,2025-03-05,Illness,9,0
1634,69,2024-01-25,2025-02-23,Injury,20,1
2578,291,2024-12-28,2024-06-12,Illness,41,0
1147,43,2025-04-24,2025-01-06,Injury,5,0
785,1391,2025-02-22,2024-09-09,Check-up,12,0
830,272,2023-10-12,2025-02-15,Check-up,22,1
577,1364,2023-09-04,2025-02-19,Surgery,25,0
2547,328,2023-10-07,2024-11-21,Check-up,1,0
2440,1457,2025-03-31,2024-07-15,Surgery,35,0
1340,864,2024-05-21,2025-01-31,Check-up,39,0
615,1249,2023-05-17,2024-06-08,Check-up,32,1
2501,319,2024-04-16,2024-12-27,Surgery,21,0
906,1478,2023-06-20,2024-05-12,Illness,21,0
1730,580,2024-12-13,2024-12-18,Illness,31,0
2426,966,2023-09-02,2024-06-17,Illness,27,1
1071,138,2024-01-28,2024-05-12,Check-up,8,0
1832,1383,2024-11-22,2024-10-31,Check-up,40,0
1923,510,2025-01-05,2024-10-18,Surgery,38,0
368,1428,2025-01-31,2024-07-17,Illness,34,0
705,1163,2024-04-30,2025-03-12,Illness,13,0
431,1147,2024-12-08,2024-05-21,Illness,38,0
1016,1496,2023-07-07,2025-03-21,Injury,14,0
2041,1239,2023-07-03,2025-04-22,Illness,46,0
2431,387,2024-01-31,2024-10-12,Check-up,12,0
2557,417,2025-02-04,2025-02-04,Illness,35,0
419,211,2024-10-16,2024-12-30,Injury,11,1
1064,1325,2023-06-18,2024-12-30,Illness,4,1
2555,61,2025-03-02,2025-01-10,Illness,32,0
1056,234,2023-08-15,2025-02-09,Illness,8,0
1324,361,2024-05-16,2024-05-01,Illness,33,0
1848,425,2023-05-04,2025-03-12,Injury,23,0
1069,733,2023-11-16,2024-07-20,Check-up,10,0
2083,1084,2023-11-04,2024-11-10,Illness,11,0
1601,219,2024-12-11,2024-06-09,Illness,48,0
2696,563,2024-01-06,2024-11-13,Injury,33,0
1856,912,2024-11-26,2024-07-30,Check-up,39,0
1097,763,2025-01-04,2025-01-13,Check-up,4,1
663,327,2023-12-28,2025-01-23,Injury,44,0
2460,972,2023-09-20,2024-07-28,Surgery,10,0
2539,1466,2025-04-13,2024-12-27,Check-up,48,0
2642,475,2023-11-08,2024-08-25,Check-up,23,0
428,1496,2024-01-13,2025-04-23,Illness,14,1
133,1220,2025-03-18,2024-06-27,Surgery,33,0
1465,950,2023-12-31,2024-05-21,Injury,26,0
2525,1097,2024-11-09,2024-07-13,Check-up,23,0
165,532,2024-11-24,2025-01-23,Injury,46,0
2756,309,2025-01-12,2024-11-03,Injury,11,0
1452,872,2023-07-02,2024-08-13,Surgery,31,1
1338,949,2024-12-27,2024-05-25,Injury,6,0
932,750,2024-02-12,2025-03-19,Injury,8,0
860,1211,2023-05-29,2024-11-21,Injury,15,0
2074,784,2024-01-27,2024-09-01,Surgery,19,0
717,254,2023-05-19,2024-11-16,Injury,37,0
668,1057,2024-07-23,2024-09-02,Check-up,13,1
2907,1337,2024-11-10,2025-03-01,Injury,15,0
2001,1475,2025-03-18,2024-07-12,Surgery,8,0
2351,959,2023-06-08,2024-04-26,Injury,31,0
1884,1147,2023-11-25,2024-08-13,Surgery,44,0
1684,1023,2025-04-23,2024-05-22,Illness,15,0
2962,33,2024-12-19,2024-11-14,Injury,29,0
2674,1041,2024-06-23,2024-11-13,Surgery,40,0
2129,1003,2024-04-18,2024-05-11,Surgery,24,0
2217,927,2023-09-29,2025-03-15,Check-up,35,0
1908,714,2025-02-19,2024-12-20,Surgery,12,0
233,392,2023-09-09,2025-02-06,Illness,11,0
109,967,2023-12-01,2025-01-02,Check-up,13,1
366,1177,2024-07-06,2024-09-27,Surgery,42,0
261,937,2023-06-24,2024-05-02,Surgery,21,1
688,673,2024-02-23,2024-09-26,Surgery,16,1
1164,1266,2023-06-05,2024-09-26,Injury,17,1
1568,1472,2023-12-01,2024-06-26,Illness,2,0
140,1107,2024-06-15,2024-12-07,Surgery,36,0
638,851,2023-12-14,2024-10-11,Surgery,6,0
1173,1187,2024-09-26,2024-12-14,Check-up,2,1
766,359,2024-11-05,2024-05-12,Injury,20,1
1367,900,2024-10-10,2025-03-21,Surgery,29,0
671,1279,2024-06-25,2025-02-03,Surgery,35,1
1395,500,2024-02-21,2024-08-07,Check-up,46,1
1309,1396,2024-10-16,2024-05-04,Illness,21,0
2003,534,2024-12-04,2024-11-22,Surgery,4,0
957,1054,2023-09-10,2024-07-12,Illness,33,0
2309,422,2023-08-19,2024-08-07,Illness,21,0
1879,198,2024-09-23,2025-01-07,Surgery,39,0
1201,682,2023-08-15,2024-09-16,Surgery,3,0
1699,778,2024-05-25,2024-12-08,Check-up,37,0
885,34,2023-11-14,2024-07-17,Illness,16,0
692,732,2024-10-24,2025-01-26,Illness,16,0
1751,1283,2024-02-04,2024-08-03,Check-up,25,0
2897,1403,2024-05-30,2024-11-20,Surgery,28,0
1903,901,2025-03-21,2024-10-18,Injury,14,0
2230,307,2024-10-14,2024-05-29,Injury,48,0
1271,788,2024-09-10,2024-09-08,Injury,2,0
256,560,2023-11-13,2024-08-19,Injury,27,0
2165,1226,2024-02-22,2025-03-19,Surgery,26,0
1353,1241,2024-03-17,2025-02-19,Illness,10,0
546,553,2025-01-05,2024-12-24,Injury,2,0
2384,183,2025-03-27,2024-12-29,Illness,45,0
154,1363,2025-03-01,2024-05-20,Illness,49,0
20,969,2023-05-10,2025-01-20,Illness,14,0
1245,1061,2025-04-21,2024-10-22,Injury,4,0
412,998,2024-11-07,2024-08-10,Injury,42,1
348,719,2024-02-14,2024-09-22,Surgery,16,0
1485,235,2023-11-14,2024-12-07,Surgery,6,0
468,1242,2024-06-10,2025-03-09,Illness,38,0
2049,341,2024-01-27,2024-11-01,Injury,31,0
2782,788,2024-04-06,2025-03-17,Illness,44,0
358,703,2024-01-27,2024-06-03,Illness,45,0
1516,1363,2024-09-14,2024-06-08,Illness,46,0
2570,109,2023-07-28,2024-11-18,Surgery,5,0
2024,244,2025-02-10,2024-07-26,Illness,34,0
1947,113,2023-05-02,2024-09-17,Check-up,47,0
1302,1049,2023-11-02,2024-08-20,Check-up,4,0
553,70,2024-04-05,2025-04-05,Check-up,43,1
1808,1452,2023-08-21,2025-02-01,Surgery,43,0
1945,558,2024-10-17,2024-12-29,Injury,5,0
892,875,2024-08-22,2024-05-19,Surgery,37,0
928,991,2024-11-21,2024-10-11,Check-up,6,0
1715,986,2025-03-05,2024-11-27,Injury,24,0
122,690,2023-10-02,2024-07-12,Check-up,9,0
2455,120,2025-02-14,2024-09-04,Injury,23,0
2265,1294,2024-10-23,2025-03-16,Check-up,33,0
792,144,2023-09-02,2024-06-30,Check-up,35,1
2150,702,2023-07-30,2024-10-02,Surgery,46,0
303,1364,2024-01-22,2024-07-02,Injury,3,0
1692,1214,2024-08-19,2025-03-11,Surgery,30,0
1017,34,2023-11-29,2024-08-16,Check-up,9,0
1937,609,2024-07-21,2024-10-04,Surgery,13,0
1122,316,2024-03-25,2024-08-14,Check-up,43,0
1198,212,2024-06-14,2024-05-04,Illness,32,0
2180,1345,2025-01-14,2024-10-04,Check-up,27,1
714,659,2025-04-14,2025-02-12,Check-up,26,0
1405,1154,2023-10-14,2025-01-15,Surgery,28,1
1842,1050,2023-05-16,2024-06-16,Injury,31,1
2387,591,2025-02-04,2024-05-16,Injury,22,0
1316,1096,2024-04-07,2024-09-23,Surgery,16,1
1086,769,2024-09-14,2025-02-23,Illness,28,0
1132,337,2023-08-18,2025-03-17,Surgery,32,0
2927,1274,2024-08-28,2024-10-08,Illness,41,0
1944,184,2024-01-04,2024-05-12,Injury,27,0
1081,1253,2024-04-20,2025-01-17,Illness,6,0
1854,260,2024-12-31,2024-07-02,Surgery,42,1
1588,849,2024-12-12,2025-03-15,Illness,31,1
38,1379,2024-03-02,2025-01-11,Check-up,11,0
2138,188,2024-08-25,2024-05-25,Illness,13,0
2356,11,2024-01-25,2024-11-08,Check-up,19,0
2580,303,2024-06-18,2025-03-09,Injury,34,0
1377,591,2024-09-22,2025-03-24,Illness,48,0
37,1336,2023-12-28,2025-03-01,Check-up,28,0
867,884,2023-12-04,2024-09-29,Injury,41,0
2496,1043,2023-06-02,2024-05-25,Illness,14,0
1982,525,2024-12-22,2024-06-10,Surgery,21,0
2324,48,2023-11-05,2025-02-25,Check-up,36,0
2432,778,2023-11-04,2024-05-17,Illness,14,0
2379,518,2024-12-29,2025-02-17,Surgery,17,0
1057,135,2024-07-27,2024-09-17,Injury,41,0
2093,1106,2024-02-14,2024-09-25,Injury,41,0
1495,943,2023-11-10,2024-05-03,Illness,30,0
1237,1267,2024-02-01,2024-11-07,Surgery,37,0
2900,1203,2024-08-28,2024-06-09,Check-up,29,0
2337,1236,2023-11-29,2024-12-02,Illness,2,1
1014,1043,2024-06-13,2024-08-23,Check-up,43,0
103,1003,2024-02-19,2024-09-17,Injury,4,0
2576,190,2024-12-15,2024-09-24,Check-up,34,0
289,1078,2024-11-30,2025-04-05,Injury,17,0
1756,66,2024-08-19,2025-04-08,Check-up,40,0
2234,375,2024-10-20,2024-12-04,Illness,3,1
1614,59,2025-03-13,2024-08-27,Injury,40,0
1422,844,2025-01-22,2025-01-20,Illness,23,0
2500,1264,2024-10-21,2025-01-16,Surgery,26,0
2254,1311,2023-05-07,2024-12-03,Illness,27,0
1119,867,2023-12-22,2024-05-01,Illness,18,0
2075,325,2024-04-28,2024-11-12,Injury,6,1
1171,828,2024-10-20,2024-11-07,Surgery,19,0
2922,1315,2025-04-09,2024-05-24,Illness,18,0
2757,1015,2023-09-22,2024-08-29,Illness,13,1
21,1379,2023-11-22,2025-01-02,Illness,49,0
1054,1163,2024-07-03,2025-03-20,Check-up,36,0
1504,671,2023-11-17,2024-12-31,Illness,15,0
2790,1413,2023-09-05,2025-01-22,Check-up,32,0
914,1286,2023-11-13,2024-05-29,Injury,10,0
544,1066,2024-09-05,2025-04-08,Check-up,35,0
2406,682,2023-10-20,2024-05-24,Illness,25,0
151,303,2024-09-18,2024-07-01,Surgery,44,0
2445,926,2023-08-27,2025-03-31,Check-up,34,0
2375,343,2025-01-17,2024-09-14,Check-up,37,0
1505,823,2025-04-04,2025-03-29,Check-up,1,1
2322,1105,2024-01-23,2024-12-16,Check-up,42,0
817,1089,2024-02-08,2024-05-27,Injury,34,1
1226,430,2025-02-18,2024-09-09,Illness,6,0
2102,557,2025-04-08,2024-09-14,Check-up,3,0
2629,754,2024-04-09,2024-11-21,Injury,19,0
2245,138,2023-05-10,2024-12-22,Surgery,43,0
2099,259,2024-05-13,2024-10-28,Illness,15,0
36,1360,2023-09-06,2024-05-27,Illness,8,0
1517,1028,2024-08-08,2024-10-23,Surgery,45,1
1729,1057,2024-01-11,2025-01-10,Check-up,34,1
392,998,2023-12-23,2024-06-29,Illness,34,0
2457,599,2024-05-20,2024-06-28,Surgery,21,1
1148,1293,2024-11-23,2024-04-26,Injury,8,0
2952,1476,2024-07-15,2024-09-28,Injury,47,0
2854,1162,2025-01-11,2024-04-27,Injury,19,0
2323,416,2023-10-08,2024-05-10,Illness,41,0
891,160,2024-06-14,2024-06-26,Injury,40,0
636,1421,2025-02-13,2024-06-11,Injury,10,0
1228,1361,2023-10-30,2024-09-25,Surgery,4,0
226,1422,2024-02-11,2025-03-21,Illness,45,0
684,473,2024-01-06,2024-11-26,Injury,43,0
1872,600,2023-11-24,2024-12-02,Surgery,14,0
1256,703,2024-03-17,2024-07-05,Illness,1,0
460,1114,2025-03-19,2024-12-28,Injury,28,0
676,1034,2024-03-14,2024-11-01,Injury,4,0
378,377,2023-09-24,2025-02-07,Illness,3,0
214,356,2024-10-17,2024-10-20,Injury,45,0
831,280,2024-08-28,2024-10-19,Surgery,15,0
829,851,2024-11-15,2024-12-08,Surgery,49,0
955,162,2023-10-25,2024-12-30,Check-up,37,0
1518,126,2024-09-23,2024-11-29,Surgery,40,1
2420,748,2023-06-12,2025-03-27,Injury,30,0
1169,1429,2024-09-08,2025-04-13,Check-up,29,1
2017,886,2023-06-29,2024-12-13,Check-up,27,1
1,1468,2024-07-27,2024-10-30,Surgery,20,0
276,255,2023-12-20,2024-08-06,Injury,47,0
1767,1453,2023-08-22,2024-12-04,Surgery,7,0
1852,969,2024-07-12,2024-05-27,Injury,4,1
679,588,2023-07-16,2025-01-29,Illness,12,0
416,1320,2024-03-05,2024-07-20,Illness,10,0
1357,1093,2024-11-30,2025-03-23,Injury,40,0
2015,1269,2025-02-17,2024-05-24,Injury,8,1
2846,287,2024-05-05,2024-06-06,Surgery,8,0
2295,569,2024-07-18,2024-07-04,Surgery,16,0
2778,815,2024-03-16,2025-01-16,Injury,24,1
1675,1174,2024-02-28,2025-03-11,Check-up,37,1
1869,1270,2024-07-16,2025-01-21,Illness,50,0
808,1327,2024-05-30,2024-11-21,Illness,5,0
2275,392,2024-04-16,2024-05-22,Check-up,18,0
476,933,2024-09-15,2024-12-17,Injury,45,1
104,534,2023-07-08,2025-02-05,Check-up,10,0
1103,284,2025-02-07,2025-02-03,Injury,34,0
1332,106,2024-01-22,2024-07-03,Surgery,6,0
791,1338,2024-12-17,2025-01-04,Illness,27,0
743,55,2024-04-13,2024-11-26,Injury,33,0
2433,617,2023-05-04,2024-09-01,Check-up,18,0
1584,97,2024-07-26,2024-05-31,Surgery,23,1
489,850,2023-08-13,2024-12-16,Illness,43,0
2357,939,2023-08-17,2024-07-08,Injury,16,0
881,440,2023-10-12,2025-03-11,Illness,1,0
2179,905,2023-05-04,2024-12-12,Surgery,38,0
2239,307,2023-11-07,2025-03-17,Injury,11,0
559,786,2023-11-18,2024-08-08,Surgery,17,0
1484,522,2024-01-01,2024-05-08,Illness,23,0
593,243,2024-07-10,2025-04-21,Surgery,44,0
2104,35,2024-06-06,2024-05-06,Illness,7,0
1254,1150,2025-03-01,2025-04-16,Illness,24,0
2859,82,2024-05-14,2024-05-03,Check-up,10,0
2287,328,2024-05-31,2025-04-03,Injury,48,1
1983,466,2023-08-10,2024-08-04,Check-up,33,0
1229,1229,2024-11-11,2025-04-23,Surgery,24,0
2248,1221,2025-04-18,2024-12-06,Illness,48,0
1722,493,2023-08-03,2025-03-02,Check-up,41,0
2913,1445,2025-03-05,2024-11-16,Surgery,42,0
828,949,2024-07-17,2024-07-29,Check-up,31,0
2103,1168,2023-07-21,2024-08-30,Check-up,32,0
1018,808,2025-02-05,2024-10-13,Surgery,48,0
990,70,2024-05-23,2024-07-12,Injury,6,1
1223,404,2023-07-17,2024-10-12,Check-up,23,0
1116,767,2024-03-12,2025-02-02,Illness,44,0
1586,57,2024-01-09,2024-05-17,Surgery,50,0
2477,11,2023-07-03,2025-01-29,Illness,43,0
682,1060,2023-10-08,2024-06-01,Illness,26,0
793,379,2024-07-03,2025-01-24,Injury,32,1
2978,1160,2025-02-26,2025-02-21,Illness,6,0
2744,493,2024-11-21,2025-02-06,Injury,18,0
913,210,2024-11-01,2024-08-09,Illness,39,0
1094,1171,2024-06-14,2024-10-18,Illness,39,0
72,516,2024-08-27,2024-05-10,Surgery,14,0
800,629,2023-12-23,2025-04-19,Illness,17,0
1397,505,2023-06-25,2025-02-19,Check-up,28,0
2350,1210,2024-01-17,2025-03-20,Surgery,27,0
2543,1460,2024-10-17,2024-07-28,Illness,31,0
1905,1432,2024-01-30,2025-04-02,Surgery,40,1
1521,638,2023-11-02,2025-04-18,Injury,11,0
1637,1307,2023-08-12,2024-12-11,Surgery,38,0
1658,301,2024-04-15,2024-11-01,Injury,6,0
1124,264,2023-07-30,2024-07-18,Illness,47,1
661,908,2024-04-23,2025-03-11,Check-up,33,0
895,577,2024-11-28,2024-07-03,Surgery,38,1
2471,109,2024-11-03,2024-07-30,Injury,4,0
2853,111,2024-05-09,2025-02-15,Illness,3,0
1667,1154,2025-01-10,2024-10-03,Check-up,10,0
1410,662,2024-12-07,2024-11-28,Check-up,38,0
969,500,2024-07-20,2024-06-21,Surgery,4,1
2340,472,2024-10-18,2025-03-23,Injury,18,0
2486,49,2024-09-23,2025-01-12,Injury,34,0
1975,1165,2024-08-06,2024-07-23,Injury,17,0
2876,742,2023-06-28,2024-07-13,Surgery,24,1
1010,744,2023-06-20,2024-12-01,Injury,41,1
2395,662,2024-02-26,2024-07-25,Surgery,48,0
2745,665,2024-11-24,2024-10-17,Check-up,29,1
882,1354,2024-01-13,2024-08-27,Check-up,44,1
2503,200,2024-09-13,2024-11-17,Injury,38,0
2708,267,2023-05-31,2024-12-30,Surgery,42,1
2380,458,2025-01-06,2024-12-17,Check-up,50,1
1287,270,2024-08-27,2024-10-02,Injury,24,0
252,1030,2023-11-04,2025-02-06,Illness,8,0
1005,1080,2023-06-01,2024-07-19,Illness,28,0
524,959,2024-06-16,2024-07-20,Illness,11,1
591,376,2024-05-23,2024-07-22,Illness,31,1
1418,1143,2024-09-14,2025-03-01,Illness,6,0
2681,1123,2025-03-26,2024-08-29,Illness,18,1
92,337,2024-04-16,2025-04-07,Check-up,25,0
2652,505,2023-10-15,2025-03-11,Illness,18,0
1412,315,2023-09-14,2024-08-28,Injury,36,1
1702,40,2023-10-07,2025-03-09,Check-up,13,0
379,587,2023-04-25,2025-02-02,Illness,26,1
1048,1405,2024-11-29,2024-09-05,Injury,43,1
2416,295,2023-09-06,2025-02-25,Surgery,2,0
2636,369,2024-02-03,2024-10-25,Illness,39,0
2725,419,2025-01-23,2025-02-28,Injury,47,0
1436,972,2024-04-10,2024-10-29,Surgery,26,0
1522,414,2024-01-09,2024-05-08,Surgery,6,0
2410,1120,2024-01-25,2024-09-25,Check-up,40,0
2353,586,2023-09-05,2024-05-07,Surgery,22,1
2472,840,2024-07-13,2024-11-21,Surgery,19,0
600,46,2025-03-15,2025-01-02,Check-up,15,0
2382,1154,2024-03-26,2025-02-06,Illness,38,1
1768,365,2024-01-26,2025-03-12,Check-up,33,0
142,792,2024-08-28,2024-06-26,Surgery,41,1
2545,48,2023-11-21,2024-07-13,Check-up,10,0
2307,897,2024-04-28,2024-05-20,Injury,14,0
1727,153,2024-06-16,2025-03-31,Check-up,22,0
219,193,2024-06-24,2024-08-22,Surgery,20,0
241,795,2024-01-14,2024-06-19,Illness,7,0
272,1279,2023-11-23,2024-08-17,Injury,45,1
1399,758,2023-06-27,2025-01-19,Injury,6,0
1694,1085,2025-02-11,2024-05-30,Illness,7,1
694,240,2023-08-15,2024-08-30,Illness,37,0
1512,58,2024-05-30,2025-03-22,Illness,49,0
1454,1456,2025-04-22,2025-02-27,Check-up,5,0
1142,1496,2024-01-26,2024-11-26,Check-up,45,1
137,1399,2025-04-01,2024-07-03,Check-up,38,0
106,135,2023-07-22,2024-12-22,Injury,44,0
1781,72,2023-09-08,2025-01-19,Surgery,8,1
2013,972,2023-12-19,2024-09-12,Injury,49,0
2263,992,2024-01-25,2024-05-13,Check-up,38,0
99,623,2024-07-17,2024-06-12,Illness,48,1
1330,440,2025-03-08,2025-03-22,Surgery,49,0
462,1269,2025-03-09,2024-06-27,Surgery,18,0
274,974,2024-06-10,2025-04-17,Check-up,24,0
1255,1143,2023-08-04,2024-12-22,Injury,36,0
162,1436,2024-11-22,2024-06-28,Check-up,3,0
352,635,2024-10-06,2024-10-12,Surgery,49,0
2873,819,2024-10-04,2024-12-26,Illness,4,0
1032,1253,2024-07-31,2025-01-02,Injury,32,0
1558,1373,2024-08-09,2024-10-27,Illness,21,0
127,591,2024-09-18,2025-01-11,Surgery,14,0
880,101,2024-04-12,2024-07-14,Surgery,7,0
967,1031,2023-09-22,2024-07-11,Surgery,22,0
1607,1049,2023-09-10,2024-11-30,Injury,37,0
1242,516,2023-08-03,2024-09-09,Surgery,20,0
508,1102,2023-06-04,2024-08-09,Injury,38,0
2768,1469,2023-06-16,2024-09-28,Illness,26,0
673,947,2023-07-10,2024-06-21,Check-up,12,0
2211,1169,2024-10-07,2024-04-25,Injury,15,1
465,1477,2024-03-25,2025-03-11,Surgery,12,0
52,314,2024-05-13,2024-04-29,Check-up,39,0
45,1388,2024-11-06,2024-06-05,Check-up,25,0
1281,711,2025-02-05,2024-12-11,Injury,20,0
15,428,2023-08-16,2024-06-16,Injury,46,0
1861,418,2024-07-03,2024-12-28,Check-up,35,0
1818,93,2023-07-01,2025-01-31,Surgery,42,0
2310,1339,2024-06-25,2025-04-04,Check-up,2,0
2857,1050,2025-01-25,2025-01-19,Check-up,2,0
2662,978,2024-08-03,2024-07-14,Illness,35,0
185,1059,2024-05-09,2025-01-02,Check-up,39,0
704,864,2024-08-28,2024-11-17,Check-up,2,0
1328,664,2024-03-11,2024-08-17,Check-up,35,0
421,643,2024-11-10,2024-07-26,Injury,34,0
672,269,2024-06-22,2024-10-15,Illness,23,0
2334,142,2023-11-14,2024-11-04,Illness,6,0
1106,778,2024-07-22,2024-11-21,Injury,25,0
2057,1029,2023-11-14,2025-02-06,Injury,22,0
2419,457,2023-07-17,2024-06-08,Injury,12,0
2834,220,2023-05-30,2024-05-27,Surgery,29,0
121,298,2025-03-14,2024-07-25,Injury,5,0
2279,554,2023-06-28,2024-05-06,Check-up,33,0
983,37,2024-03-01,2024-11-08,Surgery,3,0
2498,788,2024-12-02,2024-10-20,Check-up,40,0
1954,518,2023-09-22,2024-08-15,Injury,19,0
2256,534,2023-09-15,2025-02-06,Injury,33,0
3000,286,2023-06-15,2024-08-29,Illness,46,0
1744,1266,2023-09-10,2025-04-17,Surgery,14,1
295,59,2023-04-30,2024-10-22,Check-up,29,0
1749,660,2025-04-17,2024-11-22,Surgery,35,0
1580,1261,2024-09-06,2024-05-30,Surgery,49,0
2202,273,2025-01-28,2024-12-15,Check-up,46,0
1544,185,2024-03-16,2024-10-13,Surgery,5,0
2538,1191,2024-07-02,2024-05-30,Check-up,23,0
1052,1003,2024-09-16,2024-10-31,Check-up,12,0
114,1177,2024-03-02,2024-07-01,Illness,29,0
2831,241,2024-01-17,2024-11-14,Illness,1,1
2262,271,2024-05-19,2024-06-15,Illness,46,0
689,1114,2024-05-06,2024-06-06,Surgery,29,0
1652,512,2024-03-21,2025-02-16,Check-up,15,0
2969,406,2023-08-21,2024-08-30,Illness,10,0
2269,1222,2023-12-24,2024-09-18,Injury,30,0
667,1026,2024-07-11,2025-02-22,Injury,20,0
410,962,2025-04-20,2024-09-15,Check-up,27,1
572,638,2023-12-18,2024-05-27,Surgery,28,0
2492,1083,2025-02-13,2024-07-05,Injury,50,0
1172,449,2025-04-09,2025-01-26,Illness,16,0
1002,772,2024-05-03,2025-01-10,Check-up,11,0
1540,739,2025-03-30,2024-07-22,Illness,7,0
2411,765,2024-01-11,2024-12-30,Injury,27,0
2634,964,2023-12-08,2024-11-19,Illness,23,0
2390,570,2024-03-05,2025-01-06,Surgery,33,0
2167,1390,2024-11-02,2024-10-23,Illness,16,1
2101,846,2023-10-17,2024-04-29,Injury,32,0
391,641,2023-10-11,2025-02-07,Surgery,49,0
1125,674,2023-06-07,2024-09-05,Illness,34,0
2605,1460,2025-02-04,2025-03-27,Illness,47,0
2519,3,2023-05-31,2024-06-02,Check-up,10,0
2964,956,2024-03-24,2024-10-26,Injury,43,0
924,1315,2024-12-25,2025-04-23,Surgery,44,0
278,1372,2025-02-23,2024-07-04,Surgery,22,0
275,1450,2023-11-07,2024-11-24,Check-up,39,0
872,8,2023-12-12,2025-04-01,Illness,18,0
935,970,2025-04-07,2024-07-10,Illness,14,0
1015,1045,2025-02-11,2025-04-24,Check-up,17,0
2494,953,2024-02-05,2024-10-17,Illness,23,0
2201,274,2025-02-05,2024-08-21,Check-up,6,0
1391,1303,2023-07-29,2024-06-07,Injury,40,0
2226,463,2024-12-18,2024-07-05,Check-up,31,0
1596,1191,2023-09-12,2025-03-14,Surgery,49,0
205,842,2024-10-07,2024-11-28,Check-up,25,0
1303,521,2023-11-07,2024-06-18,Injury,18,0
816,1461,2025-04-01,2024-12-18,Surgery,28,0
351,702,2024-09-03,2024-06-24,Illness,3,0
2413,249,2023-10-26,2024-10-20,Injury,14,0
2588,827,2024-10-28,2024-09-01,Injury,30,0
1259,503,2023-12-28,2024-10-01,Injury,19,0
1393,45,2024-09-06,2025-02-14,Check-up,35,0
1577,1500,2025-01-28,2024-09-14,Injury,2,0
556,1192,2023-10-15,2024-08-28,Illness,4,0
598,411,2024-09-29,2025-03-08,Illness,46,0
248,1376,2023-10-22,2024-11-25,Surgery,45,0
1386,374,2024-05-09,2025-01-10,Check-up,13,0
119,1441,2024-01-01,2024-06-21,Injury,50,0
2391,323,2024-11-08,2024-05-02,Illness,43,0
2905,483,2025-01-17,2025-03-21,Injury,10,0
324,192,2024-10-16,2024-10-02,Injury,20,1
1878,926,2023-12-13,2024-08-10,Surgery,32,0
2896,1304,2023-10-08,2024-09-19,Illness,5,0
2793,457,2024-10-07,2024-09-27,Illness,25,0
1759,1394,2024-06-12,2024-08-31,Check-up,22,0
2442,880,2024-10-01,2025-01-26,Check-up,32,0
326,232,2024-10-19,2024-12-23,Injury,37,0
1624,438,2023-10-24,2024-06-13,Check-up,40,0
375,1158,2024-05-06,2024-08-10,Check-up,7,0
2691,78,2024-12-15,2024-12-02,Injury,15,0
2961,1013,2024-02-19,2025-03-21,Surgery,31,0
2986,47,2024-02-06,2024-11-20,Illness,13,0
1640,31,2023-07-07,2025-02-16,Surgery,35,0
2517,1243,2024-08-31,2025-04-07,Illness,43,0
763,825,2024-11-19,2024-12-22,Illness,11,0
721,466,2024-05-11,2024-06-27,Injury,31,0
1591,266,2024-11-19,2024-12-30,Illness,27,0
115,644,2023-12-21,2024-11-12,Check-up,15,0
629,873,2025-01-22,2025-04-09,Injury,19,0
2124,415,2024-07-29,2024-05-16,Surgery,33,0
1283,933,2023-08-21,2024-07-08,Illness,37,0
2534,516,2023-10-25,2024-12-24,Injury,12,0
1876,843,2023-10-23,2024-10-12,Illness,21,0
536,452,2024-09-18,2024-08-27,Illness,18,0
65,274,2025-02-24,2025-02-17,Injury,28,0
1305,108,2023-08-05,2024-11-01,Check-up,9,0
535,1140,2024-12-10,2024-04-25,Surgery,38,0
1178,289,2023-08-28,2024-08-19,Injury,9,1
1009,608,2024-03-09,2024-11-09,Surgery,50,0
617,991,2024-12-25,2025-01-27,Check-up,30,0
2902,562,2023-11-12,2024-06-23,Injury,1,0
371,1257,2025-01-08,2024-07-09,Check-up,1,0
1067,962,2025-04-18,2025-01-20,Surgery,17,1
1451,180,2025-03-17,2024-10-10,Illness,3,0
1461,879,2024-06-26,2024-10-10,Check-up,7,1
505,1191,2025-03-05,2024-12-03,Surgery,1,0
1042,678,2024-01-20,2025-03-29,Check-up,50,0
164,180,2023-05-24,2025-03-03,Check-up,42,0
2863,143,2025-03-15,2025-03-18,Surgery,23,0
76,1412,2023-12-11,2024-06-09,Illness,50,1
1190,541,2024-07-08,2024-12-04,Illness,50,0
2684,1173,2024-06-10,2024-08-15,Injury,22,0
1066,497,2023-09-06,2024-06-16,Illness,25,1
1720,598,2024-10-26,2025-02-07,Injury,48,0
575,1083,2023-07-17,2024-08-10,Illness,22,0
1821,138,2023-09-24,2024-10-07,Surgery,43,0
735,1315,2025-02-04,2024-11-03,Illness,45,0
2345,251,2024-09-13,2025-02-18,Check-up,6,0
2987,1181,2023-11-04,2024-07-11,Surgery,36,1
2288,160,2025-03-04,2024-05-06,Check-up,13,0
847,10,2024-10-13,2024-05-13,Injury,38,1
369,1026,2024-01-24,2024-08-27,Illness,28,0
2283,30,2023-11-14,2024-04-24,Injury,45,0
2675,660,2024-04-11,2024-11-21,Surgery,5,0
2593,916,2024-05-01,2024-11-11,Check-up,27,0
2801,80,2025-01-05,2025-01-12,Check-up,14,0
1791,1182,2024-06-23,2024-04-27,Injury,13,0
2609,117,2024-04-17,2024-12-12,Surgery,25,0
89,1252,2024-01-27,2024-08-09,Illness,17,0
982,1218,2024-09-16,2025-02-06,Injury,38,0
541,1065,2024-07-20,2024-07-06,Injury,22,0
2033,1480,2023-07-30,2025-04-01,Injury,19,1
170,915,2023-07-28,2024-09-07,Illness,2,0
2512,1464,2024-10-09,2025-02-12,Injury,44,0
1137,140,2024-06-16,2025-03-02,Injury,33,0
2903,700,2023-08-10,2024-12-12,Surgery,20,0
769,948,2024-04-27,2025-04-09,Illness,4,0
2491,1104,2024-03-15,2024-07-30,Injury,14,1
1820,995,2023-09-23,2024-06-20,Surgery,22,0
2653,502,2025-01-08,2024-05-13,Surgery,4,0
628,376,2023-10-21,2024-09-07,Check-up,24,0
2763,723,2025-04-05,2025-01-22,Surgery,10,0
232,108,2023-11-06,2024-11-07,Illness,37,0
1859,840,2023-11-18,2024-11-09,Surgery,14,0
1093,432,2024-09-02,2024-09-16,Surgery,38,0
2611,446,2023-04-26,2024-10-18,Surgery,4,1
1763,22,2023-08-03,2025-01-17,Illness,50,1
2647,518,2024-06-08,2025-03-17,Injury,46,0
1487,90,2024-12-04,2024-07-04,Illness,3,0
190,1010,2023-11-29,2024-07-07,Illness,47,1
2754,707,2025-03-28,2025-03-18,Illness,41,0
1076,915,2024-04-25,2025-02-02,Surgery,47,0
894,1298,2025-02-17,2024-09-10,Illness,9,0
532,531,2024-03-12,2024-06-11,Injury,27,0
646,597,2024-09-23,2024-10-14,Check-up,17,0
2396,587,2024-01-17,2025-01-31,Injury,25,1
2153,450,2024-05-10,2024-10-20,Illness,27,0
722,694,2023-12-07,2024-06-09,Check-up,44,1
1765,798,2024-03-14,2024-12-06,Check-up,20,1
1006,580,2023-09-19,2024-11-26,Illness,40,1
2456,563,2023-11-02,2024-10-26,Check-up,9,0
1111,963,2025-03-26,2024-07-02,Check-up,44,0
2252,347,2023-09-27,2025-01-31,Surgery,41,0
2541,1288,2024-07-01,2024-12-19,Injury,16,1
5,943,2024-01-27,2024-12-06,Check-up,34,0
1656,68,2023-05-05,2025-04-18,Illness,35,0
1762,648,2025-04-08,2025-03-19,Injury,1,0
2470,48,2024-05-16,2024-09-02,Illness,33,0
877,1496,2023-11-14,2024-09-11,Illness,43,1
788,649,2025-04-17,2025-01-09,Surgery,32,1
1252,1413,2024-04-18,2024-10-14,Surgery,37,0
2452,288,2024-08-02,2024-05-28,Surgery,38,0
612,1020,2025-01-10,2024-05-28,Surgery,28,0
2975,311,2023-07-26,2024-06-10,Injury,40,0
1931,1262,2024-07-06,2025-04-10,Injury,45,1
516,1218,2024-05-29,2024-08-15,Illness,37,0
1528,519,2025-03-20,2025-03-07,Illness,7,0
1037,97,2024-07-05,2024-11-25,Injury,6,1
455,1356,2023-10-16,2025-03-12,Injury,15,0
2349,229,2024-04-07,2024-12-13,Check-up,8,0
778,1479,2024-11-12,2024-07-23,Check-up,40,0
1036,1389,2024-03-11,2024-07-31,Surgery,44,0
651,29,2023-11-05,2024-08-02,Illness,43,0
260,960,2023-08-25,2024-06-04,Injury,18,1
2843,1008,2023-06-26,2024-08-27,Surgery,44,0
652,124,2024-06-15,2024-05-07,Illness,17,0
1795,1396,2024-06-23,2025-01-08,Injury,8,0
172,717,2025-01-01,2024-07-08,Illness,44,0
173,1421,2023-11-28,2024-09-07,Check-up,3,1
2680,1495,2023-12-18,2025-03-07,Illness,39,0
339,1422,2024-04-28,2024-08-12,Surgery,10,0
2722,1452,2024-11-03,2024-10-06,Check-up,34,0
310,45,2023-12-18,2025-03-09,Check-up,41,0
697,184,2024-09-26,2024-12-26,Illness,6,0
1074,568,2024-03-09,2024-07-13,Injury,26,1
2070,271,2023-09-24,2024-06-24,Illness,28,0
2444,961,2023-10-16,2024-07-03,Illness,14,0
1227,895,2024-01-08,2024-10-04,Injury,11,1
1398,326,2023-07-08,2025-01-22,Check-up,41,1
2421,1231,2024-10-07,2024-07-01,Check-up,30,0
1300,1254,2024-04-05,2024-12-08,Injury,47,0
1867,570,2024-11-18,2024-07-12,Check-up,8,0
784,1455,2024-09-27,2024-07-28,Surgery,48,0
1264,1190,2024-08-07,2024-12-08,Check-up,28,0
1569,1435,2024-12-08,2024-08-02,Injury,37,1
1389,820,2023-08-29,2025-02-09,Illness,19,0
201,1198,2024-02-11,2024-05-25,Surgery,31,0
1725,1009,2025-03-21,2024-12-27,Illness,27,1
2882,1305,2024-08-06,2024-12-04,Illness,40,0
2,437,2023-05-21,2025-02-24,Injury,22,0
1007,1147,2024-02-03,2024-09-22,Injury,45,0
945,610,2024-05-03,2024-09-22,Illness,20,1
1757,1420,2024-12-16,2024-06-01,Illness,9,1
1133,1290,2024-10-03,2024-12-26,Illness,49,0
565,1220,2024-10-29,2024-10-27,Check-up,20,1
1467,1027,2023-10-13,2024-05-13,Surgery,5,0
823,389,2025-02-02,2024-06-06,Surgery,37,1
2131,521,2025-02-27,2024-08-16,Injury,34,0
300,600,2024-04-29,2025-04-16,Surgery,25,1
2424,198,2024-03-21,2025-01-30,Injury,35,1
775,1301,2024-07-18,2024-10-09,Check-up,8,0
2261,199,2023-09-13,2024-11-29,Injury,44,0
976,39,2024-03-30,2024-10-21,Surgery,8,0
654,1154,2024-12-10,2024-09-01,Illness,39,1
1883,169,2024-01-13,2024-07-05,Surgery,14,0
2880,863,2024-06-15,2024-09-18,Check-up,50,0
509,579,2024-12-07,2025-03-16,Illness,6,0
435,35,2024-08-30,2025-01-17,Surgery,21,0
1321,1427,2024-07-06,2024-07-05,Surgery,6,0
1952,376,2024-11-07,2024-09-05,Injury,35,0
2739,142,2024-05-22,2024-08-05,Illness,7,0
1100,175,2023-09-28,2024-05-14,Injury,30,0
2549,1460,2024-01-25,2025-01-28,Injury,16,0
1617,1228,2023-06-12,2025-04-08,Surgery,37,0
2328,694,2023-12-06,2024-12-24,Illness,46,0
182,484,2024-07-31,2025-01-15,Injury,20,1
2343,1457,2023-05-19,2024-05-23,Injury,35,0
2548,1086,2024-12-30,2024-11-17,Surgery,10,1
833,399,2024-10-23,2024-04-29,Illness,27,0
557,184,2024-03-06,2024-09-06,Check-up,26,0
1092,837,2024-08-29,2024-10-08,Surgery,12,0
2443,952,2025-02-26,2025-01-02,Check-up,29,0
1572,630,2024-10-30,2025-01-19,Injury,7,0
561,1339,2024-06-10,2025-04-11,Injury,18,0
814,258,2024-03-25,2025-02-14,Surgery,33,0
2314,559,2025-01-27,2024-06-14,Illness,26,0
473,147,2024-11-17,2024-12-31,Check-up,20,1
886,211,2023-07-28,2024-04-24,Illness,6,1
422,468,2023-09-21,2024-09-19,Illness,12,1
1105,252,2024-05-24,2024-09-24,Injury,18,0
450,1465,2024-02-26,2024-09-09,Check-up,21,0
2635,24,2024-07-11,2024-12-20,Illness,28,0
1050,733,2024-03-21,2024-08-23,Surgery,8,0
2059,740,2025-01-17,2025-03-24,Illness,29,0
2700,1213,2024-04-14,2024-04-27,Check-up,3,0
2979,1264,2024-08-28,2024-11-06,Check-up,40,0
311,320,2024-04-09,2025-04-03,Check-up,33,0
1310,652,2023-08-20,2024-09-13,Injury,15,1
669,1116,2024-08-11,2024-10-26,Illness,20,1
2769,310,2023-04-29,2025-01-03,Surgery,7,0
331,1319,2024-01-18,2024-09-09,Illness,11,0
2060,662,2023-09-06,2024-11-02,Surgery,18,0
942,745,2024-04-02,2024-06-25,Illness,4,0
2168,844,2024-12-22,2024-08-14,Surgery,43,0
120,737,2024-08-25,2025-03-28,Surgery,9,0
973,723,2024-07-31,2024-11-30,Injury,36,0
1407,714,2024-06-25,2025-03-02,Illness,48,0
2995,367,2023-04-27,2024-05-06,Surgery,1,0
2333,100,2024-11-19,2025-02-12,Injury,44,0
2670,1426,2023-11-01,2025-01-27,Check-up,13,0
1769,127,2024-02-24,2025-03-24,Injury,12,0
1874,1457,2024-05-15,2025-04-21,Illness,44,0
2071,1218,2024-07-18,2025-01-11,Injury,32,0
579,787,2024-12-12,2024-08-15,Surgery,36,0
1162,1366,2024-03-05,2025-02-11,Illness,1,0
2032,914,2024-09-17,2024-06-16,Surgery,22,0
448,1004,2023-11-04,2024-06-10,Surgery,20,0
941,140,2025-02-13,2025-04-15,Check-up,45,1
1372,307,2024-09-23,2024-07-01,Check-up,36,0
2386,1034,2023-09-01,2024-09-23,Surgery,1,0
2043,334,2024-09-20,2024-11-02,Illness,9,0
2628,541,2023-08-21,2025-02-23,Illness,37,0
799,440,2024-12-22,2024-11-28,Illness,21,0
921,826,2023-08-08,2024-07-24,Injury,6,0
2490,962,2024-07-06,2024-09-11,Check-up,28,0
583,408,2024-03-13,2024-12-29,Check-up,19,0
1830,491,2023-05-16,2024-10-20,Check-up,25,1
2405,309,2024-12-15,2024-12-27,Injury,47,0
1833,1118,2023-12-24,2024-12-08,Surgery,10,1
648,898,2023-08-29,2025-02-13,Surgery,1,0
2372,466,2025-02-24,2024-06-10,Check-up,1,0
2278,789,2024-04-12,2025-02-24,Illness,2,0
2425,1046,2024-08-20,2025-03-06,Illness,28,0
1871,998,2024-08-02,2024-09-29,Surgery,4,0
1951,100,2024-05-01,2024-09-15,Illness,35,0
2959,298,2024-07-24,2024-12-17,Surgery,6,0
1404,417,2025-04-22,2024-06-19,Surgery,10,0
1706,348,2025-03-08,2024-12-22,Surgery,30,0
1943,474,2024-04-01,2024-10-22,Check-up,44,0
1998,888,2023-09-03,2025-01-18,Surgery,1,0
623,616,2024-06-02,2024-07-14,Injury,8,1
1587,1158,2025-01-17,2025-01-30,Surgery,28,0
2980,577,2025-04-20,2025-01-03,Check-up,18,0
850,1114,2024-12-13,2024-10-10,Surgery,4,0
2999,388,2025-01-09,2025-03-06,Illness,37,1
259,987,2023-11-05,2024-11-06,Check-up,41,1
586,347,2024-12-29,2024-04-28,Injury,29,0
2030,1211,2024-09-08,2025-02-05,Illness,37,0
1322,854,2024-08-25,2024-09-16,Illness,38,0
730,572,2024-08-25,2024-11-09,Surgery,14,0
1602,523,2023-10-13,2024-12-16,Check-up,17,0
398,1477,2024-07-02,2024-10-03,Injury,22,0
174,592,2023-10-06,2025-01-18,Illness,33,0
1849,904,2025-03-27,2024-09-11,Illness,18,0
1932,933,2024-03-03,2024-04-29,Injury,21,0
2205,1252,2025-03-20,2024-11-17,Injury,42,1
2145,1280,2025-03-26,2024-05-18,Illness,15,0
1177,37,2024-09-29,2024-05-14,Check-up,17,0
1359,408,2024-10-20,2024-05-22,Check-up,27,0
958,1365,2024-03-30,2024-09-27,Illness,19,0
594,751,2023-09-19,2024-11-24,Check-up,37,0
1500,1307,2024-10-29,2024-07-30,Injury,14,0
1593,840,2025-01-29,2024-08-08,Surgery,28,0
2222,131,2023-06-07,2024-05-11,Surgery,34,1
1354,1342,2025-04-06,2024-10-04,Surgery,46,0
1350,127,2024-08-06,2024-10-29,Illness,22,0
414,405,2023-12-30,2024-07-08,Injury,39,0
2728,1199,2023-08-30,2025-01-16,Surgery,42,1
856,940,2023-12-13,2024-10-23,Illness,15,0
2361,1433,2024-06-07,2024-04-28,Illness,43,0
2631,997,2023-07-28,2024-12-18,Check-up,40,0
2042,355,2024-06-19,2024-12-01,Injury,43,0
596,459,2024-07-17,2024-11-20,Injury,45,0
1964,886,2024-08-28,2025-02-04,Check-up,23,1
2564,761,2023-05-17,2024-11-19,Injury,5,0
2942,231,2024-03-03,2024-11-11,Surgery,39,0
2802,2,2024-09-17,2024-12-14,Injury,40,0
2664,36,2023-12-28,2025-02-04,Illness,20,0
2009,339,2025-04-16,2024-06-22,Surgery,15,0
1970,166,2025-01-15,2025-02-26,Illness,19,0
2819,672,2023-08-26,2025-03-22,Injury,6,0
153,996,2024-01-28,2024-11-06,Illness,1,0
507,421,2024-07-06,2025-01-12,Injury,34,0
2820,199,2024-05-19,2024-12-03,Surgery,4,0
2883,224,2023-09-23,2025-02-09,Surgery,50,1
2143,225,2023-06-10,2025-03-29,Surgery,50,1
1203,873,2024-06-02,2024-11-02,Check-up,27,0
2338,542,2024-10-02,2024-08-10,Illness,24,0
2727,194,2023-11-17,2024-09-23,Check-up,40,0
2856,819,2023-11-23,2024-10-14,Illness,15,0
237,1446,2025-04-06,2024-11-26,Check-up,22,0
1352,1081,2023-08-26,2025-02-11,Check-up,48,0
2552,424,2024-01-28,2024-06-14,Check-up,16,1
329,958,2023-08-28,2024-12-03,Check-up,4,0
2232,199,2023-10-09,2024-09-27,Surgery,28,0
1907,504,2024-03-30,2025-01-30,Injury,45,0
187,562,2023-04-28,2024-09-14,Illness,26,0
2112,594,2024-12-06,2024-05-07,Check-up,18,0
756,654,2023-08-03,2024-09-14,Illness,26,0
843,530,2025-02-21,2024-08-04,Check-up,30,0
2170,638,2023-09-14,2024-06-16,Injury,42,0
951,342,2024-04-10,2024-09-13,Check-up,48,0
2530,711,2023-10-22,2025-03-09,Check-up,27,0
1191,543,2024-06-26,2024-05-24,Illness,7,0
812,38,2024-07-08,2024-06-12,Surgery,12,0
543,1227,2024-04-07,2024-06-20,Illness,14,0
2954,374,2023-12-08,2024-06-21,Injury,15,0
1789,601,2024-01-26,2025-03-09,Injury,2,0
1249,281,2023-10-06,2025-01-03,Surgery,22,0
1224,1303,2024-09-30,2024-06-03,Injury,26,0
1130,312,2023-10-21,2024-12-06,Check-up,32,1
570,360,2023-09-19,2024-11-24,Injury,15,0
2025,897,2023-07-13,2024-12-18,Injury,30,1
2130,6,2025-02-21,2024-07-07,Surgery,29,0
2280,1315,2023-12-19,2024-09-05,Surgery,6,0
2134,1390,2024-10-14,2024-06-20,Check-up,49,1
2446,1284,2023-06-06,2024-07-12,Surgery,37,1
1743,971,2023-11-14,2024-07-18,Check-up,20,0
884,1314,2024-12-26,2024-09-27,Illness,20,0
863,955,2024-05-18,2024-12-21,Illness,42,0
2992,532,2023-05-26,2024-07-02,Check-up,16,0
2459,198,2024-06-15,2024-11-28,Illness,25,1
211,1162,2023-10-17,2024-06-14,Illness,24,0
2948,1338,2023-06-24,2024-06-29,Check-up,37,0
1288,1006,2023-05-06,2024-06-16,Injury,10,0
2649,1428,2024-07-21,2024-11-14,Illness,27,0
2427,653,2024-10-01,2024-07-24,Check-up,23,0
1033,884,2024-09-13,2024-09-22,Injury,2,0
2938,1109,2024-03-27,2024-12-29,Injury,9,1
279,729,2025-02-11,2025-02-25,Injury,3,0
2178,129,2024-03-16,2024-08-29,Injury,32,1
2711,1492,2024-05-23,2024-11-10,Injury,2,1
1783,712,2023-05-29,2024-05-16,Injury,13,0
2746,862,2024-03-28,2024-05-12,Check-up,37,0
846,577,2023-08-07,2025-04-03,Injury,9,1
901,62,2023-05-04,2024-05-16,Check-up,33,0
16,36,2023-12-12,2025-04-14,Surgery,26,0
1368,1075,2024-01-12,2024-12-18,Surgery,46,0
1938,798,2023-09-06,2024-09-06,Injury,45,1
2429,1121,2023-06-04,2024-11-10,Illness,25,0
459,77,2024-09-13,2025-02-16,Surgery,50,0
470,816,2023-08-10,2024-09-18,Illness,49,1
2523,1089,2024-09-24,2024-06-28,Surgery,12,0
2011,1403,2024-11-23,2024-06-24,Surgery,27,1
533,357,2025-02-17,2025-02-05,Surgery,22,0
1663,1360,2023-09-28,2025-04-19,Surgery,28,0
1213,812,2025-01-30,2024-05-14,Check-up,17,0
724,31,2024-09-21,2025-01-03,Injury,26,0
2467,1232,2024-03-09,2024-06-18,Check-up,6,0
2127,514,2025-01-11,2024-11-06,Illness,30,0
1053,377,2024-12-20,2024-05-25,Injury,49,0
467,123,2024-02-16,2025-01-12,Injury,11,0
2105,402,2024-12-17,2024-05-22,Surgery,6,0
887,855,2024-10-06,2024-09-09,Injury,48,1
2401,117,2023-07-27,2024-08-12,Injury,15,0
2317,1069,2025-03-06,2025-04-13,Check-up,1,1
2468,887,2023-07-19,2024-11-20,Injury,25,1
337,936,2023-10-22,2025-03-11,Illness,47,1
2550,491,2024-10-13,2024-05-26,Check-up,10,0
2901,367,2024-03-06,2024-11-09,Illness,20,0
2142,1434,2023-06-27,2024-12-16,Illness,49,0
1108,753,2023-10-05,2024-11-01,Injury,7,0
2289,1173,2024-07-22,2025-02-06,Check-up,35,0
845,1308,2025-04-10,2024-05-21,Check-up,12,0
1001,198,2024-11-04,2024-07-25,Surgery,42,1
2126,213,2024-10-25,2024-09-21,Surgery,22,0
1443,355,2024-02-24,2024-08-30,Check-up,44,0
1698,951,2024-05-18,2024-12-09,Injury,23,0
1775,391,2024-02-24,2024-07-04,Surgery,25,0
918,245,2023-06-22,2025-01-21,Injury,7,0
1369,964,2023-07-27,2024-05-26,Injury,46,0
2514,48,2024-07-04,2024-05-24,Illness,2,0
1650,1313,2024-09-20,2024-10-03,Injury,26,0
2735,1344,2024-12-19,2024-11-04,Injury,42,1
649,687,2025-03-30,2024-12-05,Injury,38,0
141,392,2025-04-02,2024-12-16,Injury,29,0
2862,607,2024-10-15,2024-07-20,Injury,10,0
167,877,2023-10-11,2025-03-09,Check-up,49,0
2373,782,2024-07-18,2025-01-20,Injury,3,0
2187,849,2024-02-22,2024-06-28,Check-up,40,0
2366,1335,2023-09-14,2024-11-26,Surgery,15,0
481,389,2023-10-01,2025-01-06,Check-up,8,1
1815,200,2025-01-06,2024-12-19,Injury,33,0
537,43,2023-05-17,2024-12-14,Surgery,49,1
1230,676,2023-10-02,2025-03-15,Check-up,24,1
1088,502,2025-01-30,2025-02-15,Injury,44,0
2643,736,2024-09-19,2024-08-04,Injury,29,0
2850,1240,2024-02-23,2024-08-16,Check-up,44,0
1253,123,2023-08-14,2024-12-22,Check-up,14,0
630,366,2023-12-28,2024-09-01,Illness,50,0
198,1148,2024-05-21,2025-02-16,Surgery,46,0
1481,690,2024-04-11,2024-05-26,Injury,40,0
1061,1354,2024-08-11,2024-06-02,Injury,37,0
2671,617,2024-05-08,2025-01-19,Check-up,37,0
1527,841,2024-10-26,2024-05-05,Surgery,9,1
2606,450,2025-03-16,2024-05-14,Check-up,5,0
2988,873,2023-08-25,2025-02-22,Injury,43,0
2791,22,2024-08-07,2025-02-06,Check-up,21,0
2339,186,2024-10-29,2025-04-17,Illness,43,0
1059,319,2024-12-31,2024-06-30,Injury,37,0
1463,638,2024-06-23,2025-01-13,Injury,8,0
1406,116,2023-11-30,2024-06-19,Check-up,15,0
245,55,2024-12-20,2024-07-02,Surgery,3,0
820,780,2023-09-03,2024-10-16,Illness,6,0
8,683,2024-07-15,2024-12-14,Illness,36,1
758,1132,2024-10-04,2024-05-18,Illness,41,0
1306,389,2025-02-12,2024-12-23,Injury,40,1
2858,1238,2024-10-12,2024-09-06,Illness,7,0
2918,697,2023-05-26,2024-05-07,Illness,12,0
327,513,2023-12-30,2024-05-18,Illness,29,0
54,1357,2023-05-27,2024-09-28,Surgery,29,0
2463,1475,2023-05-16,2024-08-24,Surgery,2,0
1313,881,2025-01-24,2024-11-16,Illness,24,0
620,71,2023-09-30,2024-06-18,Check-up,2,0
1887,1137,2024-12-16,2024-06-24,Illness,16,0
849,852,2023-11-13,2024-09-10,Check-up,12,0
1557,1280,2023-07-29,2025-04-10,Injury,24,0
869,378,2024-02-29,2024-09-15,Illness,33,1
1196,560,2023-06-17,2025-02-26,Injury,9,0
1479,1091,2025-04-17,2024-06-01,Check-up,40,0
1286,1011,2023-11-12,2025-01-14,Injury,31,1
77,1310,2024-09-21,2025-02-02,Surgery,10,0
975,1010,2023-09-16,2025-01-22,Illness,35,1
2699,274,2024-04-02,2024-05-16,Illness,5,0
875,1096,2024-08-25,2024-09-13,Surgery,14,0
1753,522,2023-06-16,2024-08-13,Check-up,48,0
2950,538,2024-10-01,2024-08-13,Surgery,43,0
1488,559,2024-01-11,2025-01-21,Check-up,1,0
132,1021,2025-02-27,2024-05-12,Illness,15,0
2712,724,2025-01-14,2025-03-28,Surgery,49,0
501,741,2025-03-09,2025-03-02,Check-up,50,0
1696,202,2023-10-08,2024-10-27,Surgery,9,0
487,120,2023-07-26,2024-05-30,Check-up,25,0
1850,1370,2024-05-26,2024-05-14,Surgery,11,0
889,470,2023-07-12,2024-07-16,Check-up,32,0
285,1145,2023-09-13,2024-06-29,Injury,20,0
1387,1473,2023-05-30,2024-09-27,Illness,45,0
1078,1417,2024-01-08,2025-04-23,Illness,16,0
744,1227,2024-10-17,2024-10-20,Check-up,29,0
752,1417,2024-11-24,2024-09-01,Check-up,28,0
1466,948,2023-10-04,2024-08-17,Illness,24,0
1635,448,2023-04-29,2025-02-15,Surgery,4,0
2887,111,2023-12-22,2024-09-09,Surgery,5,0
2622,116,2023-08-25,2025-01-01,Surgery,27,0
851,94,2023-05-28,2025-01-13,Check-up,40,0
1682,1152,2024-12-25,2025-01-31,Check-up,49,0
1927,453,2025-01-27,2024-10-13,Injury,23,0
116,910,2024-12-23,2024-05-06,Surgery,42,0
1380,1159,2024-08-25,2024-12-07,Surgery,13,0
1275,1194,2023-11-20,2024-09-08,Check-up,36,0
2688,1107,2024-04-03,2024-12-13,Illness,47,0
1678,1331,2024-09-08,2024-11-06,Check-up,10,0
587,1040,2024-06-07,2025-01-06,Check-up,41,0
2718,42,2024-11-03,2025-02-14,Check-up,5,0
451,1335,2023-09-27,2024-11-21,Injury,17,0
2526,151,2024-03-15,2024-11-04,Illness,43,0
156,655,2024-06-23,2024-06-27,Surgery,22,1
478,826,2024-06-06,2025-01-02,Check-up,9,0
60,1340,2023-10-16,2025-02-12,Illness,30,0
223,910,2024-01-23,2025-03-04,Injury,9,0
126,1214,2024-08-21,2024-08-11,Injury,1,0
1151,344,2025-01-05,2024-07-31,Surgery,39,1
2274,700,2023-11-01,2024-06-23,Check-up,33,0
1776,772,2025-02-24,2024-04-30,Injury,33,0
1721,190,2025-03-14,2025-02-15,Illness,30,0
2272,793,2023-11-02,2024-12-03,Illness,26,0
519,446,2024-11-18,2025-04-11,Injury,11,1
1537,1058,2024-05-31,2024-10-14,Check-up,1,0
2958,819,2024-03-05,2024-10-19,Illness,8,0
2483,635,2024-02-11,2024-04-27,Illness,44,1
2069,1141,2024-05-06,2024-07-06,Injury,46,0
81,182,2024-04-13,2024-05-05,Illness,23,0
2536,1474,2024-07-28,2024-10-25,Check-up,3,0
2971,74,2023-05-13,2025-04-13,Surgery,48,0
2304,1141,2023-10-23,2025-04-15,Injury,34,0
424,63,2024-10-19,2024-10-01,Illness,40,0
143,1100,2024-07-25,2024-11-14,Check-up,34,0
2063,51,2024-04-05,2025-03-13,Illness,16,0
344,1379,2025-03-12,2024-09-03,Check-up,9,0
2348,1489,2024-07-01,2024-05-21,Check-up,23,0
916,1398,2023-07-20,2024-10-04,Check-up,9,0
2599,843,2025-03-23,2024-06-19,Surgery,33,0
2094,1100,2024-02-21,2024-10-17,Surgery,38,0
844,754,2023-05-31,2024-09-10,Surgery,7,0
2679,514,2025-01-04,2025-03-28,Illness,32,0
2347,1154,2023-11-12,2024-07-22,Surgery,5,1
1899,684,2024-06-16,2025-02-06,Illness,9,0
2529,624,2024-06-13,2024-06-19,Illness,6,1
68,683,2024-09-09,2024-07-28,Check-up,45,0
90,496,2023-11-18,2025-02-15,Surgery,37,0
2602,1349,2024-04-03,2024-10-01,Illness,1,1
1251,448,2024-09-03,2024-07-12,Injury,7,0
1748,1422,2025-04-08,2025-01-25,Surgery,22,0
1362,156,2024-10-22,2024-08-11,Check-up,1,0
2141,1133,2023-06-05,2024-10-24,Surgery,4,0
1344,650,2023-10-18,2024-06-25,Injury,2,0
2240,607,2024-12-30,2024-07-31,Surgery,45,1
1644,1356,2025-02-24,2024-07-25,Illness,11,0
1546,435,2024-03-09,2024-08-13,Surgery,11,0
1549,1181,2024-06-14,2024-11-18,Surgery,27,1
2006,993,2023-12-11,2024-08-12,Injury,33,0
625,328,2023-11-10,2024-05-13,Check-up,46,1
2989,1246,2024-07-21,2024-06-30,Injury,50,0
1297,963,2024-05-04,2025-03-08,Surgery,4,1
2743,1001,2023-08-26,2024-11-19,Check-up,34,0
444,1085,2024-09-13,2024-06-27,Illness,36,0
1985,1182,2024-11-16,2024-10-29,Surgery,2,0
2388,542,2024-08-17,2024-12-08,Injury,5,1
192,1214,2024-04-03,2025-03-09,Injury,45,0
998,16,2023-12-13,2025-03-25,Surgery,41,0
2196,178,2023-10-08,2024-09-10,Illness,2,1
2149,262,2023-07-25,2025-03-16,Surgery,13,1
1576,208,2024-07-22,2024-06-24,Surgery,36,1
2898,157,2024-10-17,2024-08-21,Injury,2,0
163,958,2023-08-07,2025-01-29,Illness,48,0
984,570,2025-02-06,2025-02-14,Illness,34,0
280,1342,2024-12-06,2024-07-12,Illness,12,0
1519,578,2023-05-19,2024-11-15,Check-up,34,0
740,1334,2023-12-12,2025-03-01,Surgery,34,0
2064,1388,2024-09-09,2025-04-18,Illness,40,0
2985,1051,2024-11-29,2025-03-15,Injury,28,0
1314,899,2024-07-20,2025-03-24,Injury,34,0
1277,15,2024-07-10,2024-10-17,Illness,7,0
1649,637,2024-10-17,2024-11-07,Check-up,18,0
595,95,2024-09-14,2024-10-30,Check-up,7,0
1351,390,2023-09-09,2024-08-30,Illness,7,1
2156,404,2023-06-26,2024-10-05,Check-up,46,0
2119,648,2023-08-29,2025-01-28,Injury,34,0
1746,309,2024-03-02,2024-09-19,Injury,44,0
1533,1259,2024-12-27,2024-11-25,Injury,14,0
1021,1099,2024-02-14,2024-07-04,Check-up,41,0
1083,1483,2024-11-26,2025-04-11,Illness,34,0
1940,949,2023-08-29,2025-02-06,Surgery,8,0
2721,1462,2023-10-14,2024-10-28,Illness,3,0
2255,1444,2024-05-31,2024-10-25,Injury,33,0
605,924,2025-02-23,2025-01-07,Injury,16,1
1633,512,2023-05-16,2024-06-26,Illness,12,0
1402,346,2024-02-27,2024-08-21,Illness,35,1
956,1035,2024-01-21,2025-04-20,Surgery,5,0
2147,1104,2023-09-04,2025-03-21,Check-up,12,1
1745,1172,2023-10-05,2024-08-05,Surgery,42,1
2188,1115,2024-07-02,2024-09-06,Injury,28,0
1155,1091,2024-10-01,2024-07-13,Illness,36,0
1490,532,2024-05-28,2024-12-14,Surgery,50,0
2082,568,2023-07-17,2024-07-10,Illness,48,1
1312,994,2024-11-03,2024-06-09,Check-up,36,0
1653,223,2024-03-07,2024-05-27,Injury,13,1
497,1358,2025-01-15,2024-10-30,Injury,4,0
1180,1310,2025-01-24,2025-04-17,Injury,50,0
221,1373,2024-08-28,2025-03-15,Surgery,48,0
2994,762,2023-12-18,2024-07-21,Surgery,22,0
307,664,2025-04-22,2024-05-31,Injury,6,0
946,99,2024-06-12,2025-01-28,Illness,39,1
498,1339,2024-02-07,2025-04-23,Injury,50,0
2847,1132,2024-12-12,2025-03-23,Check-up,14,0
1570,526,2023-06-27,2024-11-02,Illness,28,0
2936,1094,2023-10-07,2024-05-15,Check-up,21,0
1285,1022,2023-06-28,2024-08-28,Check-up,12,0
317,456,2024-11-30,2024-04-28,Illness,23,0
2302,410,2024-03-15,2025-03-07,Check-up,31,0
2516,622,2024-10-15,2024-07-04,Injury,31,0
699,137,2024-08-06,2025-01-02,Surgery,29,0
1891,364,2024-05-05,2024-06-27,Surgery,37,0
2448,1336,2023-09-27,2025-04-21,Check-up,3,0
2092,1077,2024-09-21,2024-06-19,Check-up,9,0
2321,638,2024-03-03,2025-03-23,Surgery,47,0
2813,869,2023-10-22,2024-09-28,Surgery,34,0
2409,42,2023-05-12,2024-09-01,Illness,47,0
2924,191,2023-07-16,2024-05-04,Check-up,1,0
962,217,2024-09-06,2024-11-25,Check-up,44,0
2981,1220,2023-09-01,2024-07-10,Illness,4,0
2318,750,2023-08-04,2024-10-25,Injury,39,0
1374,736,2023-10-02,2025-04-11,Illness,46,1
2148,1269,2023-05-04,2025-02-07,Injury,9,1
1676,422,2024-01-15,2024-07-26,Injury,46,0
2826,174,2024-01-04,2024-07-10,Check-up,31,0
390,550,2024-07-24,2024-07-02,Injury,33,1
1144,1088,2025-04-18,2024-08-11,Injury,31,0
418,678,2023-07-27,2024-06-01,Injury,9,0
727,399,2023-12-20,2025-01-06,Illness,2,0
1163,1382,2024-03-12,2025-02-24,Illness,41,0
57,585,2024-06-10,2025-01-17,Injury,22,0
488,433,2024-03-18,2024-07-28,Injury,30,0
795,234,2023-11-17,2024-06-04,Illness,26,0
1409,544,2025-02-28,2024-12-25,Injury,39,0
2963,975,2024-12-01,2024-06-02,Surgery,33,0
558,45,2024-04-06,2024-11-29,Surgery,6,1
39,1104,2023-10-20,2025-02-27,Surgery,4,1
2220,798,2023-09-28,2025-02-05,Check-up,22,0
1677,422,2023-12-10,2024-07-20,Illness,24,0
2224,1479,2023-05-01,2024-12-09,Check-up,23,0
388,81,2024-07-12,2025-02-28,Surgery,45,1
218,1481,2023-11-25,2024-09-24,Illness,30,0
746,908,2024-10-05,2024-10-13,Injury,38,0
1138,53,2024-12-10,2024-04-26,Injury,29,0
1128,423,2024-09-16,2024-05-10,Injury,4,1
1687,771,2024-07-13,2024-06-24,Check-up,35,0
1963,320,2025-04-01,2025-03-02,Check-up,35,0
2940,1360,2025-01-27,2024-11-13,Surgery,17,0
772,714,2023-09-15,2025-01-03,Surgery,46,0
403,167,2023-05-17,2024-11-13,Check-up,28,0
2241,756,2024-12-07,2025-03-20,Check-up,49,1
346,389,2024-08-26,2024-10-30,Check-up,31,0
1408,436,2023-10-06,2024-08-24,Surgery,44,0
1953,1472,2024-09-23,2025-03-01,Illness,22,0
2553,1151,2023-07-30,2024-06-27,Surgery,21,0
1834,367,2024-04-10,2024-11-29,Illness,8,0
384,250,2024-07-04,2024-04-26,Check-up,29,0
1685,571,2024-11-30,2024-12-29,Injury,8,0
2374,129,2024-08-06,2025-01-10,Check-up,31,1
639,329,2023-07-16,2024-06-26,Injury,26,0
2243,289,2023-04-25,2025-01-20,Illness,17,1
1562,1354,2023-09-18,2025-03-25,Check-up,16,0
1958,809,2025-01-10,2024-11-01,Surgery,16,1
158,105,2024-01-13,2024-09-11,Surgery,28,0
2966,1113,2025-03-26,2025-03-09,Injury,31,0
2140,152,2023-08-26,2024-07-18,Illness,1,0
2088,85,2023-12-05,2025-03-25,Illness,36,0
726,229,2023-07-08,2024-08-03,Injury,1,0
1444,127,2023-08-30,2024-11-07,Injury,17,0
2729,238,2023-05-18,2024-07-23,Injury,2,1
2110,1355,2024-10-03,2024-10-28,Injury,7,0
1437,1081,2025-01-14,2025-02-06,Injury,2,0
1012,1214,2024-02-02,2024-10-27,Illness,39,0
554,156,2023-04-26,2024-08-09,Injury,36,0
1962,1333,2023-05-01,2024-08-24,Illness,49,0
1847,404,2024-03-03,2024-12-25,Check-up,48,0
2352,860,2024-01-13,2025-04-19,Surgery,23,1
1794,650,2024-05-06,2024-11-03,Injury,11,0
1496,847,2025-02-03,2024-09-24,Check-up,36,0
1726,1425,2024-10-16,2024-12-29,Illness,48,1
2672,635,2024-11-16,2025-03-11,Surgery,45,0
1728,1335,2024-04-17,2024-08-12,Illness,35,0
1346,736,2023-05-24,2024-10-23,Check-up,14,0
1936,962,2024-09-21,2024-06-01,Illness,42,1
265,91,2024-02-28,2024-05-20,Injury,35,1
2316,1247,2024-08-25,2025-03-20,Check-up,38,0
2162,1306,2024-11-18,2025-02-14,Injury,11,1
2253,18,2023-08-17,2024-09-14,Illness,20,0
1494,1471,2024-02-02,2024-09-25,Injury,5,1
1003,1221,2023-06-14,2025-01-05,Illness,37,0
2246,20,2023-09-25,2024-05-04,Surgery,7,0
723,1072,2024-01-22,2025-02-19,Surgery,14,1
2319,1125,2023-12-25,2024-06-21,Injury,5,0
621,1453,2024-01-13,2024-12-09,Check-up,11,0
1686,382,2024-04-21,2024-06-06,Illness,15,0
2943,1067,2024-01-27,2024-11-06,Injury,35,0
2365,299,2024-01-15,2024-12-10,Illness,7,0
1218,897,2024-10-29,2024-09-07,Injury,4,0
1441,1456,2024-06-12,2025-03-04,Injury,1,0
1877,469,2024-07-07,2025-02-08,Surgery,43,0
1292,604,2024-10-08,2024-11-09,Illness,22,0
1175,1247,2023-08-05,2024-08-14,Check-up,6,0
313,354,2024-02-24,2025-01-27,Illness,13,0
1626,215,2023-10-10,2024-08-29,Injury,16,0
578,608,2023-11-12,2024-07-16,Surgery,46,0
931,381,2023-10-20,2024-12-12,Injury,25,0
356,338,2024-01-13,2025-02-12,Injury,17,1
996,977,2023-12-20,2024-04-27,Illness,41,0
852,879,2024-04-08,2025-01-05,Check-up,44,0
1336,1079,2023-06-11,2024-12-01,Check-up,50,0
1348,90,2024-12-29,2024-10-23,Check-up,11,0
2837,798,2023-09-27,2024-07-30,Surgery,4,1
93,1358,2024-05-12,2025-03-03,Surgery,21,0
2665,455,2024-04-25,2025-02-28,Surgery,26,0
1202,577,2024-03-26,2024-07-12,Injury,50,1
2759,938,2023-08-21,2024-10-23,Illness,20,0
555,847,2024-01-19,2024-07-20,Check-up,25,0
2651,1449,2024-09-13,2024-06-22,Injury,18,0
184,247,2025-04-17,2024-12-24,Illness,22,0
377,396,2023-05-10,2025-04-01,Injury,37,0
1547,561,2023-09-19,2024-04-27,Surgery,45,1
2881,399,2024-03-07,2024-09-14,Injury,47,0
186,474,2024-06-28,2025-03-12,Surgery,30,0
796,839,2024-04-23,2024-10-20,Surgery,50,1
759,1202,2024-12-26,2024-06-15,Surgery,23,0
2367,611,2024-06-30,2024-11-28,Surgery,45,0
1911,1215,2024-08-13,2024-10-05,Injury,37,0
1898,103,2023-10-05,2025-01-05,Injury,16,1
2161,827,2023-11-21,2024-10-24,Illness,33,0
607,1133,2023-08-17,2024-05-02,Surgery,37,0
2575,1381,2025-02-10,2024-08-01,Illness,35,0
737,121,2024-03-09,2024-09-22,Injury,30,0
539,421,2024-10-01,2024-11-12,Check-up,25,0
2107,1375,2024-08-01,2025-02-03,Injury,2,0
745,779,2023-10-11,2024-11-25,Surgery,23,0
91,1122,2024-09-10,2025-02-04,Check-up,31,0
268,379,2023-05-17,2024-09-21,Surgery,17,1
760,682,2024-09-29,2024-04-26,Surgery,18,0
1013,98,2024-05-25,2025-01-30,Check-up,4,1
1375,885,2023-04-30,2025-02-19,Surgery,8,0
1738,753,2023-11-13,2024-11-08,Surgery,10,0
442,133,2023-10-26,2024-06-28,Surgery,39,0
1473,887,2024-08-01,2024-11-18,Illness,35,0
655,1063,2023-08-05,2025-04-02,Check-up,36,1
2668,941,2024-11-25,2025-04-09,Illness,49,0
1420,996,2024-08-02,2024-10-21,Illness,8,0
659,617,2025-01-22,2024-08-03,Surgery,4,0
1472,1440,2024-10-07,2025-04-12,Illness,37,0
2122,1210,2024-01-06,2024-08-05,Illness,30,0
2203,300,2025-03-07,2024-10-28,Injury,20,0
718,1126,2024-11-14,2024-09-10,Surgery,34,0
135,348,2023-12-21,2024-05-16,Illness,6,0
2666,886,2024-05-13,2024-05-27,Surgery,3,1
2655,1371,2025-03-15,2024-10-19,Injury,22,0
2621,195,2023-06-18,2024-05-25,Check-up,25,0
738,950,2023-11-30,2024-10-11,Check-up,28,0
1631,718,2024-11-03,2024-11-04,Illness,32,0
2305,1200,2023-06-03,2025-03-25,Check-up,22,0
1828,1044,2023-10-03,2024-08-01,Surgery,21,1
2229,253,2023-09-05,2024-09-23,Injury,35,0
1724,643,2025-01-05,2024-05-28,Check-up,9,0
779,1037,2025-02-02,2024-07-25,Check-up,3,1
2050,1084,2024-08-21,2024-07-11,Illness,18,0
1615,779,2023-05-19,2024-08-18,Check-up,23,0
2657,625,2025-04-12,2024-05-02,Surgery,7,0
1008,1214,2023-09-14,2025-02-20,Injury,37,0
1909,252,2023-07-30,2024-06-04,Surgery,12,0
1910,611,2024-07-17,2024-05-16,Surgery,16,0
11,1057,2025-02-25,2024-09-29,Illness,25,1
2741,381,2024-01-24,2024-09-09,Illness,38,0
839,1098,2024-10-11,2024-12-10,Injury,3,0
547,460,2023-05-28,2024-05-14,Injury,25,0
2237,1172,2024-07-31,2025-04-10,Check-up,36,1
157,1446,2024-04-20,2024-12-02,Illness,25,0
686,1243,2024-02-23,2024-09-28,Check-up,10,0
1174,1161,2025-01-30,2024-12-24,Illness,25,0
1564,385,2025-01-13,2024-12-18,Illness,49,0
2022,1361,2024-11-05,2024-06-12,Injury,23,0
1520,80,2025-03-09,2024-12-25,Surgery,45,0
420,332,2025-04-04,2024-10-16,Check-up,7,0
568,533,2024-07-03,2025-03-29,Illness,39,0
2816,252,2023-06-28,2025-03-28,Surgery,2,0
1774,407,2023-07-14,2024-06-26,Check-up,25,1
2639,958,2023-10-09,2024-10-04,Injury,3,0
2097,1302,2024-08-05,2024-10-29,Surgery,44,1
1232,1191,2024-05-03,2025-04-12,Illness,48,0
46,418,2024-03-19,2025-03-06,Injury,11,0
571,1258,2024-02-02,2024-10-31,Injury,14,0
320,505,2025-03-05,2024-05-10,Check-up,22,0
2726,1455,2024-03-19,2025-01-03,Injury,39,0
18,117,2024-07-09,2025-01-07,Injury,49,0
2086,85,2023-05-14,2024-11-12,Illness,24,0
2535,1015,2024-11-16,2024-12-26,Check-up,48,0
486,127,2024-10-29,2024-11-22,Check-up,45,0
2667,1335,2024-07-31,2024-09-11,Illness,23,0
2363,153,2023-06-15,2024-11-17,Check-up,43,0
55,405,2025-02-19,2025-03-28,Check-up,21,0
2173,1306,2024-02-16,2025-03-03,Check-up,46,0
2414,915,2025-03-12,2024-12-13,Injury,40,0
960,1050,2024-04-16,2024-08-20,Injury,39,0
1113,841,2024-07-16,2024-04-24,Illness,41,1
857,1218,2023-08-28,2024-09-06,Check-up,41,0
1559,231,2024-04-25,2024-05-24,Illness,17,0
2028,575,2023-08-23,2025-04-09,Illness,28,0
1579,835,2025-01-23,2024-12-06,Injury,47,0
2892,58,2024-11-23,2024-10-10,Surgery,42,1
1761,224,2025-04-19,2025-04-24,Check-up,7,1
1990,1274,2023-08-31,2024-10-31,Surgery,20,1
2779,1494,2023-12-03,2025-04-03,Check-up,42,1
1194,107,2024-08-02,2024-07-28,Surgery,31,0
1421,668,2025-04-24,2025-04-24,Check-up,21,0
934,5,2023-10-29,2024-12-25,Injury,35,0
970,662,2024-01-12,2025-02-27,Check-up,10,0
2185,1009,2023-07-30,2024-05-22,Injury,18,1
2114,228,2024-02-29,2024-06-10,Surgery,43,1
2434,1309,2024-12-08,2025-02-14,Injury,21,0
2753,392,2023-05-08,2024-10-22,Check-up,6,0
2397,1332,2023-05-29,2024-05-13,Illness,23,0
2845,1428,2024-04-27,2024-12-22,Surgery,16,0
637,819,2024-09-09,2024-09-27,Injury,49,0
2192,654,2024-06-10,2025-04-19,Illness,6,0
1560,990,2023-06-23,2025-02-08,Check-up,18,0
993,1478,2024-12-13,2024-05-04,Injury,30,0
1060,1067,2024-10-19,2025-01-23,Check-up,50,0
2607,575,2024-01-22,2024-05-16,Illness,5,1
1403,98,2025-01-31,2024-04-25,Check-up,19,0
2036,71,2024-02-05,2025-02-23,Surgery,36,0
2296,621,2023-11-28,2024-08-15,Illness,12,1
1989,65,2023-09-18,2024-10-10,Illness,29,1
1475,338,2025-01-31,2025-01-06,Illness,29,0
2811,33,2024-10-18,2025-01-08,Surgery,32,1
1208,737,2023-09-11,2024-07-26,Surgery,13,0
1582,710,2023-06-29,2024-08-14,Check-up,17,1
1238,305,2023-11-05,2025-01-01,Surgery,23,0
1195,1052,2024-09-29,2024-08-12,Surgery,18,0
1134,1422,2024-10-10,2025-02-24,Illness,50,0
1411,1108,2024-08-23,2024-10-12,Illness,24,0
2182,213,2024-01-12,2024-12-13,Surgery,39,0
2683,252,2023-08-02,2024-10-07,Surgery,10,0
189,830,2024-07-31,2024-12-29,Check-up,8,0
695,1223,2023-09-29,2024-05-17,Injury,21,0
2800,1453,2024-02-01,2025-01-17,Illness,37,0
1530,1040,2023-05-30,2025-03-10,Illness,34,0
23,201,2024-06-24,2025-01-04,Surgery,46,0
2299,25,2023-05-08,2024-09-13,Check-up,36,1
1153,22,2024-04-20,2025-03-01,Check-up,14,0
1335,1221,2024-12-14,2024-06-16,Surgery,11,0
1199,276,2024-02-13,2025-03-02,Surgery,36,0
1957,959,2023-07-18,2024-10-14,Surgery,1,0
2676,120,2023-05-15,2025-03-08,Injury,47,0
83,1486,2024-09-03,2024-10-13,Check-up,41,0
361,285,2025-02-14,2024-08-27,Illness,26,0
169,996,2024-03-29,2025-03-22,Illness,30,0
171,250,2024-08-06,2025-03-09,Illness,14,1
2613,458,2023-08-12,2025-04-22,Surgery,23,1
2216,134,2023-05-05,2024-08-23,Injury,22,0
236,1489,2024-01-16,2024-12-14,Check-up,41,0
262,1496,2024-09-18,2024-08-01,Surgery,43,0
925,339,2024-05-02,2024-12-10,Check-up,32,0
2748,311,2024-02-19,2025-02-01,Check-up,47,0
1629,1384,2024-08-07,2024-07-28,Injury,37,0
196,1205,2024-05-21,2024-06-22,Surgery,14,0
747,296,2023-06-21,2025-02-15,Check-up,49,0
1638,1216,2025-04-13,2024-07-27,Injury,45,0
584,623,2024-06-07,2025-03-29,Check-up,33,0
822,471,2025-03-24,2024-07-08,Surgery,12,1
1433,273,2024-05-05,2024-07-02,Injury,11,0
1146,631,2023-11-17,2024-11-07,Illness,44,0
1157,602,2025-01-30,2024-10-22,Injury,10,0
948,620,2025-03-20,2025-04-07,Injury,33,0
1186,352,2024-06-24,2024-07-10,Injury,45,0
1239,334,2024-07-26,2025-01-16,Illness,1,0
1507,86,2024-05-08,2024-11-04,Check-up,38,0
1385,487,2024-04-09,2024-12-18,Check-up,25,1
2487,578,2025-04-03,2024-07-30,Illness,1,0
1291,1240,2024-04-10,2024-11-29,Injury,17,0
2081,846,2024-12-20,2024-09-11,Injury,15,0
2038,1014,2024-02-19,2025-03-22,Check-up,31,0
2803,635,2024-02-16,2025-04-08,Illness,21,0
2616,1262,2024-07-06,2024-09-04,Surgery,23,0
2792,163,2024-12-06,2024-09-01,Illness,9,1
2780,1281,2024-04-02,2024-05-15,Surgery,25,0
1986,463,2023-09-17,2025-03-16,Illness,34,0
1158,1178,2024-01-18,2024-11-01,Illness,34,0
890,33,2024-11-19,2025-01-28,Illness,40,0
1149,221,2024-03-01,2024-09-21,Illness,41,0
2186,410,2024-09-08,2024-05-06,Injury,26,0
490,408,2024-07-21,2025-01-16,Injury,12,0
2937,381,2023-12-20,2024-07-15,Surgery,19,0
2223,738,2025-01-21,2024-07-11,Illness,34,0
312,1352,2023-08-05,2024-11-27,Surgery,47,1
335,474,2024-04-11,2024-11-02,Illness,23,0
1280,743,2024-08-04,2025-04-19,Illness,44,1
2874,424,2023-05-13,2024-11-15,Check-up,27,1
1150,767,2023-11-21,2024-10-28,Injury,20,1
859,8,2023-11-05,2025-03-04,Illness,12,0
2957,543,2025-04-09,2024-10-18,Injury,18,0
879,858,2024-09-16,2024-09-26,Surgery,4,0
25,626,2025-03-21,2024-07-03,Surgery,8,0
959,136,2024-04-29,2025-02-04,Surgery,1,0
2939,1350,2023-12-25,2024-10-01,Check-up,37,0
1136,1197,2024-12-23,2024-05-30,Surgery,35,0
1799,1182,2024-03-15,2024-12-12,Illness,21,1
2654,1476,2024-03-24,2024-05-24,Surgery,48,0
1145,1421,2024-04-18,2024-10-23,Illness,34,0
1616,1106,2024-07-26,2025-02-06,Injury,40,0
4,58,2024-10-15,2025-04-17,Check-up,13,0
1709,995,2023-12-11,2024-06-30,Surgery,1,0
253,658,2024-09-03,2024-11-26,Injury,16,0
1268,1027,2025-04-10,2025-02-15,Injury,33,0
2394,1038,2025-03-20,2024-12-02,Surgery,49,0
64,836,2024-07-26,2024-09-24,Injury,2,0
2236,941,2024-12-15,2025-03-28,Surgery,21,0
494,909,2023-09-16,2024-11-14,Illness,14,0
2678,1407,2023-12-08,2025-03-25,Injury,13,0
2084,1296,2025-03-24,2024-05-28,Illness,48,0
100,60,2024-07-14,2025-01-15,Illness,24,0
645,971,2025-02-18,2025-01-04,Check-up,13,0
112,690,2024-05-18,2024-12-20,Injury,25,0
2326,993,2023-05-08,2024-07-30,Check-up,49,0
254,678,2024-07-01,2024-11-07,Injury,42,1
2215,1034,2023-06-21,2025-04-13,Injury,35,0
741,112,2023-06-20,2025-02-17,Illness,37,0
2661,834,2024-07-25,2025-03-28,Check-up,9,0
1543,242,2024-03-23,2024-10-03,Injury,44,0
940,1453,2024-03-08,2024-11-23,Injury,27,0
1102,311,2023-12-24,2025-01-20,Surgery,8,0
1594,1479,2023-11-15,2024-09-06,Injury,10,0
400,911,2024-06-17,2024-08-20,Injury,15,0
1181,1463,2025-02-07,2024-07-12,Injury,27,0
66,1491,2023-05-03,2024-10-12,Illness,21,0
599,998,2025-01-08,2025-01-14,Check-up,31,0
2520,336,2023-10-05,2024-12-08,Illness,37,0
2955,1014,2023-11-11,2024-06-29,Illness,34,1
2267,837,2023-07-21,2024-06-02,Surgery,42,0
2037,586,2024-08-15,2024-09-02,Surgery,39,0
1641,1114,2023-08-24,2024-11-03,Illness,39,0
243,181,2024-12-10,2025-02-06,Surgery,47,0
634,106,2023-12-25,2025-04-19,Check-up,48,0
1023,491,2024-12-01,2024-05-24,Surgery,42,1
1835,911,2023-09-29,2025-04-02,Injury,48,0
43,774,2024-07-27,2024-05-24,Surgery,12,0
2488,695,2025-04-23,2024-10-27,Injury,10,0
915,1395,2024-03-28,2025-03-22,Check-up,4,0
2567,468,2025-01-04,2024-10-08,Injury,44,0
963,134,2024-02-19,2025-03-12,Illness,33,0
1621,741,2024-04-29,2024-06-21,Illness,15,0
909,275,2023-07-21,2025-03-26,Illness,14,0
777,70,2024-08-26,2025-02-22,Injury,4,1
2840,466,2024-02-20,2025-01-31,Surgery,1,0
2686,1284,2024-02-26,2024-10-21,Illness,25,1
2953,805,2023-05-23,2025-01-01,Surgery,40,1
2303,1476,2023-05-12,2024-07-15,Injury,46,0
1590,1022,2024-10-28,2024-09-27,Injury,47,0
666,572,2024-08-08,2025-02-01,Check-up,34,0
2852,957,2024-04-26,2024-11-08,Check-up,47,0
1665,405,2023-07-02,2025-03-01,Injury,40,0
2513,91,2024-09-18,2025-01-03,Illness,17,0
2627,1177,2024-06-11,2024-07-30,Check-up,26,0
1599,1172,2024-10-03,2024-09-20,Surgery,34,1
1630,835,2024-04-18,2024-09-12,Check-up,17,0
2398,291,2025-02-03,2024-12-25,Injury,26,0
1225,993,2024-03-11,2024-10-07,Illness,49,0
2542,1280,2024-03-23,2024-10-03,Surgery,39,0
1965,324,2023-05-05,2024-11-23,Illness,16,0
2783,730,2023-11-24,2024-10-07,Check-up,16,1
134,385,2024-11-29,2024-06-12,Surgery,42,0
681,876,2025-04-12,2024-06-22,Check-up,19,0
88,558,2024-03-14,2024-11-09,Injury,20,0
798,867,2023-10-12,2024-06-16,Check-up,27,0
1733,374,2023-06-12,2024-05-10,Injury,15,0
1438,1323,2024-05-28,2024-11-07,Surgery,2,0
102,1158,2024-04-02,2025-02-14,Check-up,40,0
374,548,2023-08-18,2024-05-26,Surgery,21,0
2990,184,2025-04-23,2025-03-10,Check-up,37,0
2615,396,2024-08-22,2024-05-11,Surgery,4,0
2956,300,2025-03-05,2024-11-14,Illness,29,0
842,1299,2023-09-04,2025-01-02,Check-up,29,0
1360,259,2025-01-04,2024-10-27,Injury,30,0
209,464,2024-03-05,2024-12-09,Illness,25,0
2404,316,2023-12-28,2024-10-27,Injury,41,0
804,1017,2024-07-27,2024-06-21,Injury,50,0
2951,167,2024-09-16,2024-05-16,Surgery,41,0
1031,1346,2025-02-09,2024-06-22,Illness,40,1
1779,1315,2024-08-21,2024-06-11,Injury,50,0
479,320,2024-02-13,2024-10-20,Illness,4,0
2335,753,2024-05-18,2024-12-29,Illness,23,0
1273,1141,2023-09-25,2025-03-21,Illness,16,1
2598,134,2024-09-07,2024-10-25,Illness,28,0
680,962,2023-09-09,2024-10-10,Check-up,28,1
1670,891,2024-06-17,2024-06-19,Illness,29,0
258,1499,2024-09-01,2025-02-04,Check-up,26,0
1690,740,2023-12-12,2025-03-12,Illness,45,0
2325,1433,2024-10-24,2024-06-22,Injury,36,0
417,1338,2023-07-26,2024-07-28,Surgery,50,0
1523,375,2024-08-15,2024-06-26,Illness,31,0
2640,408,2025-01-28,2025-02-02,Injury,39,0
950,1258,2023-06-19,2024-06-21,Illness,31,0
685,1065,2024-08-15,2025-01-12,Check-up,33,0
309,410,2024-07-10,2025-01-27,Surgery,6,0
183,841,2025-01-22,2024-08-03,Illness,38,1
1219,402,2024-06-12,2024-12-07,Surgery,20,1
2740,222,2023-08-21,2025-01-19,Illness,35,0
2320,510,2023-10-20,2024-05-16,Illness,32,0
1279,193,2024-09-13,2025-02-19,Surgery,21,0
1772,1254,2025-02-19,2024-12-20,Injury,25,0
1959,1029,2023-09-10,2024-10-05,Surgery,32,0
2208,135,2024-12-21,2025-01-11,Illness,19,0
2574,791,2024-11-16,2025-03-18,Illness,43,0
2842,1017,2023-04-26,2024-05-01,Illness,45,0
159,716,2025-03-16,2024-05-14,Check-up,32,0
2298,478,2023-06-26,2024-08-12,Check-up,40,0
1838,291,2025-01-09,2025-03-06,Illness,31,0
2704,578,2024-10-23,2024-09-16,Injury,8,0
569,978,2024-12-11,2024-05-30,Illness,30,0
1489,167,2024-01-23,2024-06-23,Injury,29,0
1366,641,2024-11-28,2025-03-20,Surgery,31,0
2597,1053,2024-12-13,2025-01-28,Surgery,6,0
989,1340,2023-12-04,2024-11-21,Illness,28,0
438,686,2023-12-07,2024-10-23,Surgery,39,0
1458,1243,2024-11-03,2024-11-27,Injury,18,0
1446,11,2023-11-20,2025-02-13,Illness,44,0
1585,1354,2023-10-25,2024-07-08,Illness,39,0
338,1097,2023-08-01,2025-02-05,Check-up,34,0
2151,955,2024-09-27,2024-09-30,Injury,44,0
566,331,2023-05-10,2024-06-25,Surgery,46,0
825,1482,2025-01-26,2025-04-04,Injury,19,1
2439,1418,2023-06-26,2024-05-11,Injury,27,1
2849,572,2024-04-23,2025-03-13,Surgery,35,0
35,558,2024-06-02,2025-01-05,Check-up,15,0
2646,703,2023-06-07,2024-09-13,Illness,14,0
1969,1179,2024-12-30,2025-03-22,Check-up,16,0
2945,1321,2023-05-15,2025-01-28,Surgery,5,0
923,1489,2023-08-29,2025-01-21,Check-up,27,0
757,819,2024-07-19,2025-04-22,Injury,16,0
1846,151,2023-05-16,2024-11-28,Surgery,26,0
2447,1152,2024-02-08,2025-03-27,Surgery,17,0
1606,894,2025-04-01,2024-07-16,Surgery,28,0
1070,679,2023-05-19,2024-12-30,Surgery,15,0
1851,1330,2024-07-18,2024-09-18,Surgery,10,0
2089,999,2023-12-07,2024-08-01,Surgery,32,0
56,785,2023-09-17,2024-08-04,Illness,31,0
1782,596,2023-12-18,2024-11-20,Surgery,50,0
2090,673,2023-10-24,2025-02-26,Check-up,43,0
282,1121,2024-10-06,2024-09-13,Injury,9,0
1096,933,2023-05-09,2024-07-11,Check-up,1,0
1311,369,2024-06-20,2024-12-27,Surgery,27,0
225,1158,2024-09-04,2025-04-05,Check-up,29,0
1780,978,2023-09-22,2024-07-16,Surgery,5,0
2007,133,2023-12-21,2025-03-27,Illness,11,0
1701,594,2024-07-11,2025-02-02,Injury,16,0
2872,636,2024-11-09,2025-01-24,Surgery,50,0
389,1187,2024-09-20,2024-07-03,Illness,2,1
292,1129,2024-07-17,2025-01-27,Check-up,12,0
1080,350,2023-10-30,2025-03-14,Check-up,4,1
1742,95,2024-10-02,2025-01-01,Surgery,19,0
2663,857,2024-10-10,2025-01-24,Check-up,3,1
95,878,2024-08-06,2025-02-24,Injury,9,0
2864,576,2023-04-27,2025-03-20,Check-up,21,0
862,883,2023-10-30,2025-03-13,Surgery,21,0
1029,782,2024-12-19,2024-12-08,Illness,27,0
2596,995,2024-05-08,2024-10-04,Check-up,47,0
316,138,2023-07-19,2025-02-06,Injury,17,0
2169,1404,2023-09-29,2025-04-16,Check-up,25,1
1112,986,2024-09-07,2024-06-01,Surgery,21,0
1627,125,2024-05-03,2024-07-15,Check-up,19,0
1703,192,2024-01-05,2024-11-20,Illness,35,0
719,40,2023-08-30,2024-11-06,Check-up,36,0
2312,1433,2025-02-28,2024-10-10,Check-up,22,0
734,1266,2023-11-26,2025-02-09,Surgery,31,1
2132,973,2024-11-14,2024-09-01,Surgery,36,0
854,964,2023-06-05,2024-06-29,Illness,48,0
701,1136,2023-07-10,2025-03-30,Illness,1,0
238,1440,2025-03-19,2025-02-28,Check-up,35,0
1865,272,2025-01-15,2024-06-20,Surgery,44,1
653,296,2024-04-22,2024-11-19,Check-up,11,0
736,713,2024-01-10,2025-01-12,Surgery,46,0
1184,62,2024-07-16,2024-10-12,Check-up,11,0
2906,1033,2023-09-29,2024-05-25,Illness,46,1
2480,1306,2024-06-07,2024-12-26,Check-up,23,0
2893,75,2024-09-01,2024-09-16,Surgery,36,0
2579,27,2024-12-25,2024-06-13,Check-up,15,0
2910,33,2024-06-18,2024-08-22,Illness,12,0
2210,1303,2023-05-09,2024-07-16,Illness,4,0
2417,67,2024-06-12,2025-04-21,Surgery,27,0
273,257,2023-11-02,2024-08-04,Illness,42,1
2469,67,2025-04-09,2024-11-15,Injury,9,0
51,1008,2024-08-04,2024-10-20,Check-up,10,0
1480,1437,2023-05-16,2024-09-04,Illness,22,0
2650,274,2024-12-03,2024-06-19,Injury,24,0
181,12,2024-01-29,2025-02-18,Illness,30,0
748,1183,2024-01-17,2024-10-09,Illness,47,0
819,724,2023-07-07,2025-01-01,Surgery,31,0
1205,398,2025-02-22,2024-05-13,Surgery,14,0
2742,330,2023-10-02,2024-11-28,Injury,29,0
1647,947,2025-01-04,2024-12-22,Surgery,8,0
1597,671,2024-01-09,2025-03-01,Injury,48,0
1502,772,2025-04-04,2024-08-05,Injury,15,0
2012,1484,2024-05-21,2024-06-25,Illness,16,1
1906,101,2024-10-20,2025-02-07,Illness,32,0
485,1029,2024-08-28,2024-08-23,Check-up,21,0
1200,281,2024-07-25,2024-11-01,Check-up,37,0
563,670,2024-06-08,2025-01-10,Surgery,38,0
