customer_id,signup_date,current_plan,upsell_potential,change_in_monthly_spending_after_last_upsell_offer,average_number_of_service_inquiries_over_6_months,device_upgrade_tendencies_over_past_year
2139,2020-10-01,Premium,0,6.467500,0.166667,0
1697,2021-06-16,Standard,0,-59.596398,0.166667,0
1243,2020-12-21,Premium,1,66.506803,0.666667,0
1498,2024-02-20,Premium,1,37.090409,0.333333,0
1187,2024-09-18,Standard,0,-37.269475,0.333333,0
716,2023-07-25,Standard,0,32.797368,0.333333,0
2889,2024-01-10,Standard,0,-32.771336,0.333333,1
2885,2023-01-28,Basic,0,-45.389340,0.500000,0
2213,2025-02-06,Premium,0,-20.261391,0.166667,0
2710,2022-10-26,Basic,0,59.002206,0.000000,0
1140,2022-02-05,Standard,0,21.142762,0.333333,0
452,2024-05-26,Standard,0,-47.569229,0.500000,0
111,2020-02-15,Basic,0,-5.905951,1.166667,0
1020,2020-08-19,Standard,0,17.939897,0.166667,0
1574,2024-03-11,Standard,0,-32.005453,0.166667,0
1719,2020-01-24,Premium,0,-10.211502,0.333333,0
1034,2023-11-03,Premium,0,61.709233,0.166667,1
2055,2021-02-03,Premium,1,62.232701,0.166667,1
1301,2021-10-22,Basic,0,-3.779046,0.333333,0
2624,2023-02-17,Standard,0,-22.066482,0.333333,0
2804,2021-02-05,Basic,0,-36.494373,0.666667,0
2967,2023-02-17,Standard,1,32.435083,0.166667,1
1645,2021-05-06,Basic,0,-43.544332,0.833333,2
564,2021-11-14,Premium,1,64.199173,0.333333,0
2258,2022-07-29,Premium,0,-4.985489,0.666667,0
255,2024-04-10,Basic,0,3.025790,0.000000,0
573,2021-12-29,Standard,0,15.525843,0.166667,0
806,2020-02-22,Premium,0,-18.763944,0.000000,0
619,2022-01-21,Basic,0,-33.245645,0.333333,0
2891,2021-01-02,Basic,0,-5.579236,0.166667,0
2183,2020-06-07,Standard,0,-39.565576,0.166667,0
2290,2023-05-25,Premium,0,4.184338,0.166667,0
2810,2023-09-24,Basic,0,-34.071081,0.000000,0
861,2020-01-28,Standard,0,7.178203,0.333333,0
1356,2021-06-05,Basic,0,-18.862581,0.333333,0
2212,2022-12-16,Premium,0,-54.259037,0.500000,0
506,2020-12-23,Basic,0,6.569093,0.500000,0
2932,2020-07-24,Standard,0,-18.132650,0.500000,1
2617,2024-06-01,Premium,0,-50.420280,0.500000,1
284,2020-08-28,Basic,0,-13.490896,0.833333,0
1267,2020-11-19,Basic,1,71.428583,0.166667,0
1679,2023-04-26,Standard,1,56.252090,0.333333,0
336,2022-09-12,Basic,0,-6.956126,0.500000,0
2078,2023-01-08,Standard,1,64.541912,0.166667,0
1942,2024-01-21,Standard,0,-42.310614,0.000000,0
2623,2023-01-28,Premium,0,-32.944061,0.500000,1
2458,2020-02-04,Standard,0,-22.215359,0.166667,0
581,2023-08-15,Basic,0,16.215659,0.333333,0
2796,2021-10-14,Premium,0,8.492523,0.166667,0
1674,2020-04-29,Standard,0,-47.210756,0.333333,0
2073,2024-09-08,Standard,0,5.676115,0.166667,0
1378,2023-08-06,Premium,0,-35.163172,0.000000,0
74,2021-01-05,Basic,1,76.534159,0.166667,0
1773,2022-01-21,Premium,0,30.605077,0.000000,0
1525,2024-08-23,Basic,0,-40.331767,0.333333,1
2342,2024-06-13,Standard,1,62.375087,0.666667,0
212,2021-09-04,Basic,0,-39.642861,0.500000,0
1453,2024-04-12,Premium,0,-6.820170,0.500000,1
207,2024-05-21,Basic,1,26.066402,0.500000,0
1955,2024-07-04,Basic,0,-30.582790,1.000000,0
1536,2022-09-25,Standard,0,-11.755667,0.500000,1
2376,2022-01-04,Basic,0,42.772767,0.000000,0
22,2021-01-28,Premium,1,26.269151,0.333333,0
1661,2024-08-09,Basic,0,-22.904733,0.166667,0
979,2024-07-06,Standard,0,-26.129485,0.333333,0
480,2021-04-18,Premium,0,-40.587977,0.166667,1
2281,2022-01-16,Basic,0,2.303491,0.166667,0
876,2025-02-09,Basic,0,-39.647621,0.333333,0
1019,2021-12-29,Basic,0,-22.591750,0.333333,0
2159,2025-04-16,Basic,0,-26.765806,0.333333,0
1474,2024-04-14,Standard,1,45.340522,0.000000,0
239,2022-02-18,Basic,0,31.921889,0.000000,0
1095,2024-08-25,Basic,1,68.940871,0.000000,1
264,2020-01-07,Standard,0,-51.960174,0.500000,0
1129,2020-05-30,Standard,0,-17.913523,0.166667,1
790,2024-09-03,Premium,0,-1.569285,0.666667,0
2474,2020-05-21,Standard,1,55.369610,0.333333,0
2276,2024-12-07,Premium,0,-28.433445,0.333333,0
2184,2021-04-05,Premium,0,-23.272204,0.166667,0
2268,2024-10-03,Basic,0,-28.193439,0.833333,1
531,2020-03-19,Premium,0,-10.506596,0.333333,0
1025,2022-07-10,Basic,1,17.117263,0.833333,0
2698,2025-03-21,Premium,1,41.506492,0.166667,1
1260,2023-12-20,Basic,0,-43.886382,0.500000,0
1425,2021-06-29,Standard,0,-30.960803,0.666667,0
1307,2024-12-23,Premium,0,-28.783151,0.000000,0
700,2021-06-07,Standard,0,25.522129,0.166667,0
1361,2024-04-25,Premium,0,-40.568860,0.333333,0
386,2022-04-22,Standard,0,-51.266136,0.000000,1
2355,2025-01-10,Premium,0,14.362213,0.333333,0
2369,2023-02-01,Premium,0,-0.512430,0.500000,0
1117,2022-06-15,Premium,0,43.856498,0.000000,0
1373,2020-03-30,Basic,0,-9.829805,0.166667,0
40,2020-04-22,Premium,0,-6.927223,0.500000,0
208,2021-03-20,Basic,0,-4.704403,0.166667,0
1426,2020-09-22,Basic,0,10.938652,0.333333,0
79,2021-02-20,Premium,0,67.113760,0.000000,0
1914,2021-01-13,Premium,0,-13.927292,0.500000,1
2909,2021-06-09,Basic,0,47.714804,0.500000,0
1941,2023-03-15,Standard,0,-53.219188,0.000000,0
2594,2020-09-01,Basic,0,0.148006,0.833333,0
222,2024-05-26,Basic,0,-7.257692,0.500000,1
813,2021-10-12,Premium,0,-47.011978,0.000000,0
1269,2025-03-12,Premium,0,3.846297,0.333333,0
1058,2020-10-06,Standard,0,-2.607201,0.500000,0
308,2024-03-22,Premium,0,-16.309567,0.333333,0
1987,2021-07-21,Basic,0,-72.985092,0.333333,0
85,2023-01-01,Standard,0,-11.377549,0.500000,1
2544,2025-04-02,Basic,0,-31.127639,0.333333,2
2311,2024-11-16,Premium,1,61.480662,0.000000,0
2152,2023-03-05,Premium,0,-49.786803,0.166667,0
2968,2024-01-23,Standard,0,15.393059,0.166667,0
567,2020-07-02,Standard,0,-5.053771,0.000000,0
1651,2022-04-01,Standard,1,-7.938361,0.166667,2
2894,2024-08-11,Basic,0,-49.452808,0.500000,0
2418,2023-10-22,Standard,1,5.909140,0.166667,1
1604,2021-03-11,Standard,0,-34.203682,0.500000,0
751,2020-04-11,Basic,0,-56.317552,0.166667,0
802,2021-09-05,Standard,0,-49.517772,0.166667,0
1030,2023-10-08,Premium,0,-8.396012,0.500000,0
618,2022-09-23,Standard,1,6.001988,0.500000,0
2771,2025-03-10,Standard,1,39.416675,0.333333,1
453,2024-04-10,Basic,1,59.367042,0.166667,0
870,2022-05-15,Premium,1,41.436836,0.666667,0
206,2020-07-16,Premium,0,-47.682343,0.166667,1
2200,2023-01-27,Premium,0,-20.338162,0.333333,0
1250,2022-06-02,Basic,0,-31.210568,0.500000,0
1293,2024-01-22,Standard,0,-24.501154,0.000000,0
1295,2024-05-12,Premium,0,3.044637,0.333333,1
203,2020-11-17,Basic,0,10.740659,0.333333,0
662,2024-09-10,Standard,0,-21.302408,0.166667,1
1717,2024-06-15,Standard,0,28.311284,0.166667,0
381,2020-09-27,Basic,0,-55.265907,0.166667,0
2832,2021-11-08,Basic,0,-60.655995,0.500000,0
1278,2020-01-01,Standard,1,63.375561,0.333333,0
1027,2021-01-15,Premium,1,55.531364,0.333333,0
2693,2020-10-26,Standard,0,0.685109,0.166667,0
1654,2020-05-07,Standard,0,35.634627,0.333333,0
1968,2025-03-18,Standard,0,-52.350708,0.333333,0
2895,2020-03-14,Basic,0,-19.143406,0.500000,0
2221,2021-11-16,Standard,1,9.020293,0.666667,2
349,2021-01-18,Basic,1,34.763062,0.166667,1
2225,2023-06-15,Basic,0,-28.696149,0.500000,0
2608,2024-07-22,Standard,0,29.069613,0.333333,0
991,2023-10-01,Basic,0,-43.489209,0.833333,0
922,2022-10-26,Premium,1,35.178185,0.333333,1
2181,2024-02-26,Standard,0,-4.749678,0.000000,0
1087,2023-07-15,Premium,0,-30.061033,0.333333,0
2360,2022-05-29,Premium,0,46.874648,0.166667,0
670,2022-06-24,Basic,0,-3.309139,0.333333,0
1210,2024-06-29,Premium,0,-51.061118,0.500000,0
202,2020-09-18,Premium,0,-31.499428,0.500000,0
1994,2020-12-10,Premium,0,44.950056,0.166667,1
2402,2024-07-19,Standard,0,47.682816,0.000000,0
1609,2024-06-16,Basic,0,-2.968868,0.333333,0
1993,2024-04-16,Basic,0,-50.012372,0.333333,0
912,2022-06-28,Basic,0,-4.666029,0.166667,0
2270,2020-12-01,Standard,0,-30.312043,0.166667,1
1671,2024-06-18,Basic,0,20.732842,0.333333,0
2113,2022-05-29,Basic,0,-4.971131,0.333333,0
2568,2023-04-08,Standard,0,-17.636227,0.166667,0
1823,2022-12-16,Standard,1,52.166318,0.500000,0
318,2023-11-04,Premium,0,-35.180227,0.333333,0
1882,2022-07-11,Premium,0,55.135744,0.166667,1
896,2022-11-19,Standard,0,-14.214583,0.500000,0
939,2024-03-27,Basic,0,-20.366815,0.166667,0
1979,2020-11-23,Premium,0,-36.051795,0.333333,0
1304,2020-01-16,Basic,1,53.449619,0.333333,0
774,2024-02-04,Basic,0,14.259645,0.000000,0
1492,2022-03-10,Premium,0,12.699828,0.333333,0
2451,2023-05-12,Basic,0,53.573889,0.166667,1
117,2020-09-25,Premium,0,29.446489,0.500000,0
2368,2023-05-12,Premium,0,-19.766626,0.000000,0
2327,2021-05-07,Premium,0,-21.815230,0.666667,0
2128,2025-02-20,Standard,1,51.058102,0.166667,0
1732,2021-03-02,Standard,0,-22.305411,0.666667,0
220,2024-04-13,Standard,0,40.863987,0.500000,0
1347,2025-01-17,Standard,0,23.761774,0.000000,1
2370,2020-08-10,Basic,1,72.528197,1.000000,0
693,2025-02-15,Basic,0,-12.789111,0.333333,1
2277,2022-10-22,Standard,0,-30.930988,0.166667,1
947,2024-07-22,Premium,0,14.753470,0.000000,0
2511,2021-10-21,Premium,0,-17.517746,0.333333,1
1284,2020-09-05,Basic,0,18.439389,0.166667,0
1508,2024-12-26,Standard,0,4.136720,0.500000,1
706,2020-01-28,Standard,0,-44.721909,0.166667,1
865,2024-06-27,Premium,0,33.894269,0.166667,0
2998,2022-08-20,Basic,0,-5.866165,0.333333,0
1777,2025-02-07,Premium,1,51.226734,0.666667,1
1457,2024-04-04,Basic,0,-10.793167,0.166667,1
1840,2023-09-02,Premium,0,-44.673273,0.000000,0
2423,2020-04-02,Basic,0,-35.902702,0.333333,0
383,2023-01-22,Standard,0,-29.426636,0.333333,0
2125,2024-02-12,Standard,0,32.207423,0.166667,2
433,2022-02-11,Standard,0,55.628312,0.166667,0
2144,2022-08-26,Basic,0,39.746777,0.333333,0
44,2023-05-27,Basic,0,-11.601737,0.500000,0
787,2021-12-09,Standard,0,-8.787318,0.000000,1
2359,2020-12-13,Premium,0,-6.866362,0.333333,1
2921,2024-10-12,Standard,1,55.359893,0.333333,0
733,2023-03-26,Basic,0,37.644862,0.166667,0
1841,2023-08-28,Premium,0,-6.770308,0.000000,0
1900,2023-05-15,Premium,1,39.302626,0.666667,0
1826,2020-06-05,Standard,0,-1.830919,0.166667,0
2066,2023-12-30,Premium,0,-41.965181,0.333333,0
562,2021-08-15,Basic,0,-12.247419,0.166667,0
2197,2024-01-13,Basic,0,-5.664223,0.166667,0
2251,2021-09-09,Basic,0,-8.655848,0.666667,1
1946,2024-03-23,Basic,0,-45.380040,0.000000,0
1855,2024-11-05,Standard,0,39.172571,0.166667,1
50,2021-12-19,Premium,0,-50.873838,0.500000,0
1206,2021-08-23,Basic,0,-17.785020,0.333333,0
1079,2022-05-18,Standard,1,75.475698,0.666667,0
754,2022-05-12,Premium,1,37.872170,0.666667,0
34,2021-04-04,Premium,1,65.943898,0.000000,1
1915,2020-10-01,Standard,0,-1.828866,0.666667,0
1382,2023-05-21,Standard,0,-8.672003,0.166667,0
2823,2020-02-02,Basic,0,2.969686,0.000000,0
866,2022-09-26,Basic,0,39.462472,0.000000,0
213,2023-09-02,Standard,0,-10.188969,0.333333,0
2928,2024-09-01,Basic,0,-20.280907,0.500000,1
404,2022-01-06,Standard,0,51.176183,0.000000,0
2121,2022-10-06,Basic,0,-20.578476,0.500000,1
2733,2021-02-16,Basic,0,1.145247,1.000000,0
63,2024-12-02,Standard,1,50.905815,0.166667,0
113,2020-06-17,Premium,0,-14.687315,0.333333,0
463,2022-09-09,Standard,0,-31.331112,0.000000,0
1933,2022-08-01,Premium,1,26.429414,0.500000,0
1235,2020-03-12,Premium,0,12.421990,0.166667,1
2508,2024-05-27,Standard,1,59.911798,0.333333,1
836,2025-04-02,Basic,0,-16.749241,0.166667,1
405,2024-11-16,Premium,1,56.776848,0.333333,2
108,2021-09-05,Basic,1,44.435547,0.333333,0
1866,2020-04-15,Standard,0,-3.713074,0.333333,0
2198,2024-07-20,Standard,0,-48.736468,0.166667,0
910,2023-03-04,Premium,0,-39.835136,0.166667,0
2660,2024-09-23,Basic,0,38.847050,0.333333,0
123,2021-10-30,Premium,0,-21.133047,0.166667,1
1639,2020-07-15,Basic,0,0.564366,0.000000,0
503,2021-04-15,Basic,0,42.874663,0.166667,1
1754,2021-03-13,Basic,0,-19.941595,0.000000,0
2929,2025-01-27,Basic,0,46.517847,0.333333,0
2209,2025-04-16,Basic,0,49.404461,0.666667,0
246,2021-09-29,Basic,0,-18.739982,0.000000,0
771,2022-08-26,Premium,0,9.558077,0.333333,0
2207,2025-04-20,Premium,0,-18.146239,0.333333,0
1075,2023-07-17,Basic,0,-2.007155,0.166667,1
1104,2022-04-12,Basic,0,59.735556,0.166667,0
1462,2020-11-06,Premium,0,32.046559,0.500000,0
1423,2020-05-29,Standard,0,52.880985,0.000000,1
2228,2021-12-04,Basic,0,-34.705258,0.500000,2
2381,2021-05-05,Basic,0,-70.538469,0.333333,0
1707,2023-08-27,Basic,0,-0.326175,0.166667,0
1662,2025-02-13,Premium,0,-25.222733,0.333333,0
31,2025-01-25,Premium,0,-8.288861,0.166667,0
2154,2023-05-11,Premium,1,50.228796,0.333333,0
1390,2023-09-10,Standard,1,45.315722,0.500000,2
332,2020-06-09,Standard,0,37.113937,0.166667,0
138,2022-02-01,Basic,0,-17.794501,0.333333,2
2566,2025-03-30,Premium,1,58.995006,0.666667,0
1167,2023-06-04,Basic,0,15.652106,0.166667,0
1333,2020-05-22,Premium,0,-14.945138,0.166667,0
1318,2023-07-24,Premium,0,-33.058073,0.000000,0
482,2022-05-12,Premium,0,-50.819298,0.166667,0
1370,2024-05-03,Standard,0,12.764969,0.666667,0
522,2020-03-25,Basic,0,-4.210147,0.166667,0
2206,2020-04-10,Premium,0,-33.356350,0.166667,1
997,2022-03-24,Premium,0,6.701829,0.500000,0
2026,2022-09-08,Premium,0,-30.425281,0.000000,0
1161,2024-07-17,Basic,1,40.808757,0.333333,0
1813,2023-02-27,Basic,0,-35.080247,0.333333,0
511,2020-11-12,Standard,1,6.618964,0.500000,1
1045,2022-02-09,Premium,0,-53.677681,0.166667,0
1024,2021-11-17,Standard,0,31.546375,0.166667,0
302,2023-03-01,Premium,0,-5.407626,0.833333,0
1723,2022-01-07,Standard,0,-8.984536,0.500000,0
1272,2022-05-31,Premium,0,-16.024727,0.333333,1
821,2022-06-03,Basic,1,102.508587,0.333333,1
1978,2021-03-05,Basic,0,3.760275,0.166667,0
2997,2023-05-15,Basic,0,33.063618,0.166667,1
526,2023-01-02,Basic,0,-2.664407,0.166667,0
2933,2024-06-24,Basic,0,-17.261122,0.500000,0
2068,2020-03-22,Basic,0,-26.412981,0.333333,0
2344,2024-03-25,Basic,0,28.521579,0.166667,0
622,2021-04-04,Basic,0,11.381894,0.333333,0
1204,2020-05-02,Basic,1,48.376625,0.000000,0
341,2024-06-02,Premium,1,32.364598,1.500000,0
1786,2021-04-20,Basic,0,-5.103545,0.166667,2
1793,2025-01-22,Premium,1,41.129118,0.333333,1
2163,2020-09-19,Basic,1,60.094481,0.166667,0
1592,2021-02-01,Basic,0,-50.471620,0.166667,0
2805,2020-05-02,Premium,0,-2.848354,0.333333,0
2476,2020-05-15,Premium,0,15.085199,0.166667,0
632,2023-02-20,Basic,0,-34.841129,0.500000,0
2291,2021-03-26,Standard,0,-0.481060,0.166667,0
585,2023-12-29,Basic,1,59.818417,0.166667,0
674,2021-06-29,Premium,0,-30.698129,0.166667,0
2403,2021-01-07,Basic,0,-30.302658,0.666667,1
2191,2024-05-24,Basic,0,5.644670,0.333333,1
1299,2024-10-29,Standard,1,56.086457,0.166667,0
2021,2024-06-08,Standard,0,-4.838548,0.500000,0
1154,2021-11-17,Premium,1,58.915284,0.500000,0
1668,2025-03-19,Basic,0,-4.839566,0.166667,0
270,2024-12-11,Premium,0,-58.819847,0.333333,1
2527,2022-09-05,Basic,0,7.263674,0.666667,0
968,2023-12-31,Premium,0,-34.800573,0.166667,0
691,2023-04-10,Basic,0,25.152786,0.000000,0
2972,2021-11-21,Basic,0,-49.814676,0.166667,0
966,2021-03-09,Standard,0,48.491608,0.333333,0
1750,2022-06-30,Standard,0,-10.123800,0.166667,0
2242,2022-02-14,Standard,0,-42.080340,0.166667,0
2738,2021-02-19,Premium,0,-54.525560,0.833333,0
2214,2020-03-15,Standard,1,40.232590,0.333333,0
1816,2020-12-05,Standard,0,-13.476943,0.166667,1
2056,2024-05-15,Basic,0,-51.304446,0.666667,1
527,2021-04-25,Premium,0,3.892249,0.166667,0
1183,2020-09-04,Basic,0,-21.207385,1.000000,0
994,2020-08-27,Standard,0,45.273034,0.166667,1
2031,2024-07-14,Standard,0,-2.224661,0.166667,0
2865,2020-09-08,Premium,0,-26.031517,0.666667,0
2058,2020-01-25,Basic,0,-45.228905,0.000000,0
783,2024-07-12,Standard,0,0.000000,0.333333,0
1526,2023-08-15,Premium,0,-47.192367,0.666667,0
29,2020-01-24,Basic,1,37.794983,0.333333,0
2603,2024-07-05,Standard,0,-44.342656,0.333333,0
502,2020-08-23,Standard,0,4.426378,0.000000,1
2908,2024-11-18,Basic,0,-69.343362,0.166667,1
2019,2023-01-10,Premium,0,-57.114404,0.833333,0
315,2024-03-08,Basic,0,8.029961,0.666667,0
1764,2021-01-05,Standard,0,-43.476578,0.333333,1
355,2020-10-26,Basic,0,56.846849,0.500000,0
2111,2020-11-20,Basic,0,-3.931338,0.000000,0
1550,2022-05-04,Basic,0,-35.581016,0.333333,0
999,2020-01-03,Premium,1,51.028311,0.500000,1
698,2021-06-13,Standard,0,-7.929422,0.166667,0
290,2020-08-16,Basic,0,-22.050020,0.333333,0
1216,2021-02-03,Premium,1,58.944362,0.000000,0
299,2024-12-19,Basic,0,49.756363,0.166667,0
1182,2023-01-09,Premium,0,19.686734,0.166667,0
1392,2023-08-18,Premium,0,-26.416452,0.166667,0
1895,2020-03-11,Premium,0,-12.527470,0.500000,0
1317,2023-11-08,Premium,0,6.758961,0.166667,0
609,2024-06-22,Premium,0,-33.579875,0.333333,0
613,2024-10-15,Standard,0,-34.923554,0.166667,0
1090,2021-01-08,Basic,0,-30.002202,0.166667,1
1263,2023-03-10,Premium,0,-0.960221,0.166667,0
1571,2023-08-21,Standard,0,17.622629,0.500000,0
1334,2023-07-17,Standard,0,-30.005937,0.666667,1
2911,2024-10-14,Standard,0,-2.176815,0.500000,1
2106,2021-02-09,Premium,0,-16.430503,0.333333,2
2590,2021-01-01,Premium,0,-37.312684,0.166667,0
588,2023-03-25,Premium,0,-2.432974,0.500000,0
1787,2020-05-12,Basic,0,31.329649,0.333333,0
427,2021-08-13,Premium,0,-12.916184,0.500000,0
2563,2023-03-23,Basic,0,-58.638134,0.833333,0
1055,2020-04-03,Standard,0,5.808225,0.000000,1
972,2023-01-04,Basic,0,-38.107440,0.333333,1
888,2022-11-08,Standard,1,45.744563,0.500000,1
874,2022-10-02,Premium,0,15.045987,0.166667,0
2231,2024-05-27,Standard,0,-2.491769,0.833333,2
1513,2023-04-21,Premium,0,-21.960950,0.333333,0
2648,2021-05-24,Premium,0,-14.962067,0.166667,1
1538,2022-05-10,Premium,0,0.000000,0.166667,1
1107,2023-08-31,Standard,0,-2.037553,0.166667,0
323,2020-05-09,Basic,0,-16.123648,0.166667,0
1261,2022-10-17,Premium,0,-26.701468,0.000000,0
1657,2024-12-10,Standard,0,-9.210597,0.500000,0
834,2022-10-11,Basic,0,41.291120,0.166667,1
1294,2025-04-22,Premium,0,-75.996526,0.000000,0
49,2023-07-22,Basic,1,75.710493,0.166667,0
145,2020-10-07,Premium,1,11.105081,0.166667,2
2331,2022-02-26,Standard,1,45.072430,0.000000,2
2385,2023-06-29,Premium,0,-26.323421,0.500000,1
247,2024-04-18,Standard,0,-60.487738,0.500000,0
1442,2023-09-28,Basic,1,65.260748,0.166667,0
2016,2022-02-02,Standard,0,-29.984492,0.500000,1
1655,2022-01-21,Standard,1,66.857329,0.333333,0
1734,2020-12-13,Premium,0,-16.281286,0.500000,0
2499,2021-10-23,Premium,0,-0.688551,0.000000,0
1063,2021-01-03,Standard,1,99.739429,0.000000,0
1240,2022-01-07,Premium,0,4.088518,0.000000,0
2799,2025-04-22,Premium,0,-26.709515,0.166667,2
665,2021-12-23,Standard,0,-37.021127,0.000000,0
1700,2023-08-09,Premium,1,60.939151,0.833333,1
873,2023-02-10,Basic,1,21.500886,0.500000,0
776,2023-04-17,Standard,0,-48.672038,0.166667,1
853,2023-12-26,Standard,0,-15.704389,0.000000,0
1486,2024-06-03,Basic,0,-15.922264,0.166667,0
803,2020-12-20,Premium,0,51.050016,0.333333,0
943,2021-06-29,Standard,0,-4.035877,0.166667,0
2595,2022-11-28,Premium,0,46.689828,0.166667,0
1556,2020-12-17,Standard,0,-51.875394,0.166667,0
293,2024-07-22,Standard,0,-7.700057,0.666667,0
2767,2022-11-04,Premium,0,-1.348909,0.000000,2
810,2023-08-03,Standard,0,-39.871603,0.166667,0
1455,2021-08-20,Premium,0,-21.149228,0.166667,1
2051,2022-04-17,Premium,0,-40.810678,0.166667,0
513,2020-11-28,Standard,1,48.993401,0.500000,0
2393,2024-11-19,Premium,0,-83.851174,0.166667,0
1984,2023-06-13,Standard,0,-27.666354,0.166667,0
1810,2024-06-02,Basic,1,53.689402,0.166667,0
360,2022-12-27,Standard,1,39.565691,0.333333,2
538,2022-05-15,Basic,0,44.572865,0.166667,0
2692,2023-07-28,Basic,0,14.186656,0.666667,0
2713,2023-01-30,Premium,0,17.419563,0.000000,1
1613,2022-01-24,Premium,0,45.578680,0.000000,0
933,2025-04-22,Basic,1,40.167205,1.000000,1
1646,2024-04-22,Basic,0,16.752943,0.166667,0
1551,2022-01-11,Standard,0,43.788399,0.000000,0
1991,2020-07-14,Basic,0,22.967197,0.000000,1
1371,2022-07-19,Basic,1,52.676071,0.333333,0
980,2024-03-05,Standard,0,-19.317836,0.000000,0
1339,2023-12-18,Basic,0,-36.313137,0.500000,0
1581,2022-12-20,Basic,0,-45.188317,0.666667,0
878,2023-07-28,Standard,0,-13.769051,0.833333,0
711,2020-11-24,Basic,0,-34.689969,0.000000,0
2673,2020-04-23,Premium,0,6.934267,0.500000,0
48,2021-10-08,Premium,0,-35.912468,0.333333,0
1939,2023-10-20,Premium,1,39.074320,0.166667,1
402,2025-01-02,Standard,0,-18.901525,0.000000,1
1666,2021-01-06,Basic,0,-19.026610,0.333333,0
1973,2022-12-15,Basic,0,15.335954,0.166667,0
408,2023-06-01,Standard,0,-34.311537,0.333333,0
2787,2025-03-24,Basic,0,-17.852570,0.333333,0
2035,2022-01-20,Premium,0,-8.505019,0.333333,0
125,2020-03-20,Standard,1,45.779555,0.166667,1
1084,2020-12-05,Basic,1,51.365902,0.166667,0
1934,2023-10-08,Standard,0,-9.024707,0.500000,0
529,2020-04-05,Basic,0,-31.463244,0.333333,0
815,2020-12-27,Basic,1,72.804966,0.000000,0
643,2023-06-19,Premium,0,23.325893,0.333333,0
1051,2024-10-30,Standard,0,3.918875,0.500000,0
601,2020-10-06,Premium,0,-27.702814,0.000000,1
148,2025-01-20,Basic,0,-0.503738,0.333333,0
510,2023-03-22,Standard,1,48.853335,1.166667,0
1193,2020-05-07,Premium,1,43.220194,0.500000,1
1807,2023-03-02,Standard,0,-5.872277,0.333333,0
2899,2024-06-19,Basic,0,-7.359423,0.666667,0
359,2023-06-27,Standard,0,-42.753442,1.000000,0
1214,2020-07-13,Basic,0,-14.413418,0.333333,0
2509,2023-09-09,Premium,0,-25.421285,0.500000,1
1065,2021-11-16,Standard,0,47.647552,0.166667,0
2177,2023-10-11,Standard,1,60.254023,0.333333,0
1276,2022-05-12,Premium,0,39.934193,0.000000,0
2592,2021-05-23,Standard,1,43.838663,0.333333,0
2120,2020-10-27,Basic,1,40.915747,0.166667,0
2788,2023-12-30,Basic,0,-7.304314,0.333333,0
2308,2024-01-21,Standard,0,2.262023,0.500000,0
139,2021-08-31,Basic,1,55.243719,0.333333,1
128,2023-05-20,Standard,0,2.051167,0.666667,0
2766,2021-02-08,Standard,0,0.041982,0.166667,0
1168,2022-11-27,Standard,0,-5.703281,0.166667,0
2702,2024-02-15,Premium,1,41.893376,0.166667,0
2506,2020-07-16,Standard,0,-47.420494,0.000000,0
294,2023-03-06,Standard,0,4.821646,0.166667,0
228,2020-11-01,Standard,0,-32.455849,0.000000,0
1126,2024-03-14,Standard,0,8.998504,0.000000,0
1207,2020-05-09,Standard,0,52.575350,0.166667,0
2524,2024-01-06,Basic,1,43.264831,0.500000,0
1440,2024-09-24,Basic,0,-5.896597,0.000000,1
1974,2022-11-21,Basic,0,-7.642274,0.666667,0
2877,2020-07-10,Basic,1,49.515704,0.333333,1
2054,2022-10-06,Basic,0,28.244984,0.333333,0
441,2021-08-12,Premium,0,-42.795547,0.166667,0
179,2025-03-29,Standard,1,46.892201,0.500000,1
1524,2022-05-09,Standard,0,17.991648,0.166667,0
2946,2023-04-24,Premium,1,47.086732,0.166667,0
1961,2024-09-08,Premium,0,-20.648219,0.000000,1
1829,2020-12-12,Standard,0,-16.027722,0.166667,0
1349,2025-03-21,Premium,0,-48.526423,0.166667,0
2020,2021-01-11,Premium,0,-8.188794,0.333333,0
1503,2025-03-16,Basic,1,61.389658,0.500000,1
900,2021-11-06,Premium,0,-23.775839,0.166667,0
33,2021-08-02,Premium,1,28.363367,0.333333,0
2462,2022-03-25,Premium,0,-20.593922,0.333333,0
466,2024-07-02,Basic,0,46.863600,0.000000,0
1427,2022-11-19,Basic,0,-26.741820,0.000000,0
2807,2021-06-05,Premium,1,36.049037,0.500000,0
610,2022-10-24,Basic,0,-8.645618,0.333333,0
1566,2024-04-24,Basic,0,-40.233310,0.833333,0
472,2023-05-27,Standard,1,57.484573,0.000000,0
2504,2022-03-10,Basic,0,-29.684942,0.500000,1
2286,2020-11-19,Basic,0,-9.012466,0.000000,0
325,2022-08-26,Basic,0,-37.798850,0.833333,0
168,2022-04-18,Standard,0,-9.787838,0.666667,1
1605,2024-06-15,Standard,0,-3.201589,0.333333,0
449,2022-04-20,Standard,0,44.067226,0.000000,1
1889,2024-09-23,Standard,0,-23.496214,0.666667,1
589,2024-01-18,Basic,1,71.896377,0.333333,0
807,2021-11-14,Premium,0,-76.120883,0.666667,0
2244,2021-05-08,Premium,0,-46.142492,0.333333,0
2730,2021-07-27,Premium,1,36.544096,0.666667,0
193,2024-07-03,Premium,0,-17.168935,0.333333,0
1099,2025-04-16,Standard,0,-28.153395,0.333333,0
75,2024-03-04,Standard,0,-7.862262,0.000000,0
2430,2024-05-01,Standard,0,4.598216,0.333333,0
436,2021-09-10,Basic,0,-13.787114,0.500000,1
394,2023-12-28,Basic,0,3.381913,0.500000,0
576,2021-02-07,Basic,0,-61.032095,1.000000,0
1950,2024-09-16,Standard,1,-0.935720,0.500000,0
903,2020-09-07,Basic,0,-34.429134,0.166667,0
1266,2025-01-18,Premium,0,-78.585901,0.500000,0
1231,2020-12-27,Standard,1,39.160102,0.166667,0
1241,2020-06-23,Basic,1,32.117162,0.500000,0
2482,2024-05-02,Basic,0,10.189173,0.166667,1
1355,2024-07-29,Premium,1,63.517600,0.166667,3
2264,2024-01-27,Premium,0,-1.627462,0.000000,0
69,2020-03-09,Premium,0,-45.185469,0.000000,0
1792,2021-05-30,Standard,0,34.025214,0.333333,0
363,2021-01-10,Basic,0,45.506438,0.166667,1
1573,2023-09-01,Premium,1,47.910912,0.500000,0
13,2023-08-04,Basic,0,-40.400930,0.666667,0
1890,2021-09-08,Standard,0,38.132910,0.000000,0
426,2023-08-07,Standard,0,44.050111,0.333333,0
1337,2022-12-14,Standard,0,13.478081,0.500000,0
2199,2024-03-05,Premium,1,66.516871,0.333333,0
1325,2023-02-12,Basic,0,11.222197,0.500000,0
1881,2025-04-21,Standard,0,-0.602191,0.666667,0
235,2022-07-11,Premium,0,-46.135481,0.000000,1
1996,2024-03-07,Premium,1,42.705678,0.333333,1
382,2022-12-17,Premium,0,33.712124,0.166667,0
2189,2023-09-28,Basic,0,-3.667939,0.166667,1
1918,2024-10-02,Premium,0,-50.808600,0.500000,2
1217,2023-04-26,Basic,0,-35.662282,0.666667,1
504,2021-01-07,Premium,0,-1.550161,0.500000,1
2993,2024-04-13,Basic,0,39.830558,0.500000,0
631,2022-10-26,Basic,0,-50.074714,0.500000,0
291,2021-07-20,Basic,0,2.810341,0.333333,0
1320,2024-01-17,Standard,0,49.058857,0.166667,0
160,2020-09-18,Basic,0,-34.007753,0.000000,0
2707,2024-04-17,Premium,0,-2.042128,0.000000,1
2717,2024-04-25,Premium,0,59.502714,0.000000,0
2723,2021-10-15,Basic,0,-22.466882,0.500000,0
1209,2024-03-26,Standard,1,59.009017,0.833333,0
1718,2020-10-19,Premium,0,-8.486198,0.666667,0
350,2023-04-16,Standard,0,-23.791551,0.666667,0
443,2020-10-23,Standard,0,23.542612,0.666667,0
1561,2023-12-21,Standard,1,30.349481,0.666667,0
231,2025-02-11,Basic,0,-18.319508,0.333333,0
2005,2020-10-07,Basic,1,36.595441,0.333333,1
2108,2023-02-06,Basic,1,44.360504,0.166667,0
1680,2022-03-12,Premium,1,76.962184,0.000000,0
1695,2022-09-08,Premium,0,42.240277,0.333333,0
2554,2023-03-13,Premium,0,-0.094235,0.333333,0
2364,2022-06-16,Premium,0,-12.282568,0.166667,0
977,2021-01-01,Standard,0,-1.811291,0.333333,0
2306,2024-06-01,Standard,0,18.833827,0.166667,0
2983,2020-10-01,Standard,0,-6.027177,0.166667,0
1659,2021-05-24,Premium,0,-10.921170,0.166667,0
530,2025-01-06,Premium,0,8.926776,0.166667,0
2765,2024-04-10,Standard,0,27.546103,0.666667,0
1358,2020-03-05,Basic,0,17.325367,0.333333,0
949,2020-07-14,Premium,0,-13.292353,0.166667,0
2982,2020-11-07,Standard,0,-4.360872,0.666667,0
1929,2021-10-27,Basic,0,-40.940770,0.166667,0
1290,2022-05-02,Standard,0,-27.319396,0.000000,0
2814,2023-12-11,Basic,0,-23.285550,0.333333,0
406,2023-04-02,Standard,0,-32.371799,0.166667,1
840,2021-11-17,Premium,0,17.166105,0.500000,0
2174,2025-02-08,Standard,0,-36.627334,0.000000,0
1917,2023-03-07,Basic,0,-55.173058,0.333333,0
2614,2023-11-02,Premium,0,-37.502495,0.333333,0
1802,2024-12-16,Standard,1,79.763554,0.166667,0
1785,2020-06-20,Standard,0,-38.607294,0.833333,0
1497,2023-11-07,Premium,0,6.179419,0.833333,0
1790,2023-07-09,Basic,0,38.679282,0.333333,0
215,2021-02-09,Standard,0,-36.014351,0.500000,0
2571,2023-03-21,Standard,0,-3.313904,0.333333,0
500,2023-08-15,Premium,0,-0.768048,0.500000,0
1022,2020-08-20,Basic,0,-27.806366,0.000000,0
24,2024-11-28,Standard,0,-54.963046,0.166667,1
1062,2024-04-18,Basic,0,40.674061,0.166667,0
210,2022-02-04,Premium,0,-16.603173,0.000000,0
1072,2023-08-01,Standard,0,-15.147870,0.833333,1
1482,2021-12-28,Premium,0,-4.129307,0.500000,0
1755,2021-11-03,Premium,0,-10.575057,0.333333,0
1583,2022-01-11,Standard,1,30.222782,0.500000,1
188,2022-08-06,Standard,0,-27.963825,0.000000,1
2479,2022-02-10,Premium,1,71.958875,0.333333,0
2293,2020-11-15,Standard,0,-15.447183,0.833333,0
2136,2022-09-02,Standard,0,-22.775289,0.666667,0
2776,2020-08-17,Standard,0,-24.646262,0.166667,0
98,2023-02-23,Basic,1,43.212933,0.333333,1
2218,2024-04-27,Premium,0,-26.869095,0.666667,0
1327,2023-11-19,Standard,0,-26.353585,0.500000,1
2659,2024-08-26,Premium,0,42.662960,0.000000,1
708,2020-08-29,Basic,0,-11.007238,0.666667,0
1468,2022-02-12,Premium,1,50.735672,0.000000,0
2400,2023-09-23,Standard,0,-63.026150,0.333333,1
2701,2024-02-27,Standard,0,1.567156,0.166667,0
978,2024-05-21,Premium,0,22.652592,0.166667,0
1089,2022-02-03,Basic,0,42.795225,0.333333,0
2341,2024-08-05,Premium,0,-47.742700,0.833333,0
2560,2021-04-29,Basic,0,9.025888,0.000000,1
2532,2025-01-26,Standard,0,-56.890948,0.000000,1
454,2023-03-01,Standard,0,-20.633587,0.333333,1
2720,2020-12-11,Basic,0,-54.835026,0.500000,0
2475,2021-10-09,Standard,0,45.470931,0.500000,0
2977,2020-12-04,Standard,0,-32.068732,0.333333,0
1860,2022-05-26,Basic,0,-48.707547,0.666667,1
2079,2025-02-08,Premium,0,-19.471532,0.333333,1
627,2023-03-13,Standard,0,5.186668,0.500000,1
2839,2023-01-31,Premium,1,49.688622,0.500000,0
30,2021-05-26,Basic,0,-17.305019,0.666667,0
32,2023-10-16,Premium,0,-25.871828,0.500000,0
710,2024-11-24,Basic,0,28.340659,0.166667,0
1567,2020-02-24,Standard,1,53.270921,0.333333,0
1539,2021-04-23,Basic,0,-4.132742,0.666667,0
1634,2023-08-22,Basic,0,-29.014029,0.166667,2
2578,2025-01-18,Premium,0,34.597383,0.000000,0
1147,2023-06-07,Standard,0,-27.036360,0.333333,0
785,2021-10-26,Basic,0,-47.261377,0.666667,0
830,2024-04-25,Standard,0,-42.159847,0.333333,0
577,2021-09-22,Premium,1,37.641438,0.500000,0
2547,2024-08-06,Standard,0,-29.691609,0.166667,0
2440,2021-12-20,Standard,0,-31.466752,0.833333,0
1340,2022-05-01,Standard,1,38.555988,0.333333,0
615,2024-01-01,Premium,0,50.166708,0.500000,0
2501,2021-02-02,Premium,0,-37.634955,0.166667,0
906,2023-11-16,Standard,0,4.554474,0.500000,0
1730,2023-05-03,Premium,1,48.830714,0.500000,0
2426,2022-07-11,Premium,0,-52.521483,0.333333,0
1071,2022-07-09,Premium,0,34.159909,0.333333,0
1832,2022-06-07,Basic,0,-35.688197,0.500000,1
1923,2020-09-24,Basic,1,50.166067,0.333333,0
368,2022-08-29,Standard,1,25.121165,0.500000,0
705,2021-09-22,Premium,0,20.599733,0.000000,0
431,2022-11-06,Standard,0,-67.973134,0.333333,0
1016,2022-06-14,Standard,0,-54.041428,0.166667,0
2041,2023-12-02,Premium,0,-51.960213,0.333333,0
2431,2022-02-20,Basic,0,33.990976,0.500000,0
2557,2023-11-05,Standard,0,9.456672,0.333333,0
419,2021-02-16,Basic,0,-54.832212,0.333333,1
1064,2023-12-20,Premium,0,-42.321631,0.666667,0
2555,2024-04-16,Premium,0,-13.584560,0.666667,0
1056,2021-06-28,Premium,0,4.796232,0.333333,1
1324,2021-04-06,Standard,1,56.020966,0.000000,1
1848,2024-12-06,Premium,0,-59.010618,0.333333,0
1069,2023-11-18,Standard,1,48.811314,0.500000,1
2083,2022-06-18,Standard,0,38.762703,0.000000,0
1601,2021-05-08,Standard,0,10.820234,0.333333,0
2696,2021-02-21,Standard,1,13.017823,0.166667,2
1856,2024-06-03,Premium,0,-29.390374,0.000000,0
1097,2023-06-25,Premium,0,6.411803,0.166667,0
663,2024-12-23,Premium,0,31.264501,0.000000,0
2460,2022-01-23,Basic,0,2.470869,0.166667,1
2539,2024-01-12,Basic,0,-33.262682,0.500000,0
2642,2021-10-20,Premium,1,40.541115,0.333333,1
428,2020-02-14,Premium,0,-11.459239,0.166667,0
133,2022-08-08,Basic,1,31.749687,0.333333,1
1465,2024-08-06,Standard,0,-35.976227,0.166667,0
2525,2024-08-13,Basic,1,62.514783,0.833333,0
165,2021-04-22,Standard,0,18.527523,0.500000,0
2756,2022-03-24,Standard,0,-5.479581,0.333333,0
1452,2020-01-25,Standard,0,-12.507173,0.666667,1
1338,2021-07-04,Basic,0,-20.153057,0.500000,0
932,2024-09-23,Basic,0,-23.820284,0.166667,0
860,2024-06-02,Premium,0,56.167437,0.000000,0
2074,2020-05-30,Premium,0,-39.619939,0.500000,0
717,2020-03-28,Premium,0,-16.365008,0.333333,0
668,2022-02-23,Standard,0,-23.501451,1.000000,0
2907,2021-12-05,Standard,0,-20.024747,0.166667,0
2001,2024-01-13,Premium,0,-2.600881,0.333333,0
2351,2021-05-26,Basic,1,41.646801,0.333333,0
1884,2024-04-28,Basic,0,-9.652441,0.000000,0
1684,2020-06-29,Premium,0,-11.876008,0.666667,0
2962,2020-07-23,Premium,0,-37.379466,0.000000,0
2674,2020-05-21,Standard,1,-17.575088,0.333333,0
2129,2020-06-16,Premium,0,-31.851665,0.333333,0
2217,2022-07-07,Standard,0,-23.386354,0.333333,1
1908,2025-02-27,Basic,1,80.459974,0.166667,0
233,2024-06-02,Basic,0,-38.078293,0.333333,0
109,2023-04-26,Standard,1,47.090788,0.333333,0
366,2023-10-31,Standard,0,-40.233043,0.000000,0
261,2024-03-20,Standard,0,1.470081,0.500000,0
688,2020-06-12,Standard,1,42.067389,0.666667,1
1164,2022-02-07,Basic,0,5.109624,0.000000,0
1568,2022-12-18,Premium,0,-28.024382,0.166667,0
140,2021-06-16,Standard,1,53.248337,0.166667,0
638,2024-11-14,Standard,0,-30.907041,1.000000,0
1173,2024-09-23,Standard,0,27.146904,0.166667,0
766,2023-11-18,Basic,0,-53.034898,0.500000,0
1367,2023-08-13,Standard,0,-46.578855,0.500000,0
671,2024-10-11,Basic,1,42.988080,0.000000,1
1395,2022-10-03,Premium,0,23.801118,0.166667,0
1309,2022-01-14,Standard,0,8.265797,0.333333,1
2003,2024-09-12,Standard,0,-2.631448,0.333333,0
957,2020-08-16,Premium,0,4.098131,0.833333,0
2309,2024-10-14,Standard,0,-1.180531,0.333333,0
1879,2024-04-22,Basic,0,-25.828500,0.333333,0
1201,2021-02-27,Premium,0,-55.239439,0.000000,0
1699,2021-07-18,Standard,0,-2.528849,0.666667,0
885,2024-02-28,Premium,0,-61.279988,0.500000,1
692,2024-11-05,Premium,1,19.739509,0.500000,1
1751,2021-03-16,Premium,0,-19.649531,0.333333,0
2897,2024-04-13,Premium,0,-38.181050,0.500000,1
1903,2020-05-31,Premium,1,76.406765,0.166667,0
2230,2023-07-11,Basic,0,24.667813,0.000000,0
1271,2021-07-13,Basic,1,47.533938,0.500000,1
256,2023-11-03,Premium,1,38.731037,0.333333,0
2165,2020-05-31,Basic,0,-0.992152,0.333333,1
1353,2022-04-11,Standard,0,-31.874292,0.500000,0
546,2021-08-27,Standard,0,14.068278,0.500000,0
2384,2023-10-28,Premium,0,-61.831337,1.000000,0
154,2022-02-24,Basic,0,-3.336312,0.333333,0
20,2024-01-01,Standard,0,-17.081022,0.333333,0
1245,2022-07-18,Premium,0,22.243280,0.500000,0
412,2021-05-07,Basic,0,-6.855920,0.166667,0
348,2021-03-02,Standard,0,29.431776,0.000000,0
1485,2021-02-13,Basic,0,-37.919844,0.500000,0
468,2020-11-24,Standard,0,-23.958578,0.000000,0
2049,2022-02-15,Basic,1,14.464427,1.000000,0
2782,2024-03-24,Premium,1,40.854089,0.333333,0
358,2023-03-13,Basic,0,-21.341848,0.333333,0
1516,2024-09-18,Premium,0,0.000000,0.666667,1
2570,2023-02-02,Basic,1,39.796502,0.166667,1
2024,2024-12-02,Basic,0,-41.706953,0.333333,0
1947,2021-08-06,Premium,0,13.723965,0.333333,1
1302,2021-04-09,Premium,0,-42.770272,0.166667,1
553,2024-10-17,Standard,0,-15.804445,0.166667,0
1808,2023-08-17,Standard,0,-6.454425,0.166667,1
1945,2024-11-05,Premium,1,99.429681,1.000000,0
892,2021-02-22,Basic,0,-30.503849,0.000000,0
928,2024-02-05,Basic,0,-28.842226,0.166667,0
1715,2024-01-19,Premium,0,9.990368,0.500000,0
122,2024-03-26,Standard,0,-11.044315,0.000000,0
2455,2020-10-15,Standard,0,0.916571,0.166667,1
2265,2020-09-30,Standard,0,-39.012487,0.500000,0
792,2024-07-11,Premium,0,-34.543008,0.666667,0
2150,2023-06-01,Basic,0,-29.646599,0.166667,0
303,2020-10-18,Basic,0,-39.336217,0.333333,0
1692,2021-07-27,Premium,0,-19.108957,1.000000,0
1017,2023-06-05,Premium,0,-27.912506,0.000000,1
1937,2020-07-19,Premium,0,-23.040570,0.833333,1
1122,2024-03-05,Standard,0,-46.713214,0.333333,0
1198,2020-08-09,Basic,0,-71.123517,0.500000,1
2180,2023-08-31,Premium,0,-38.277674,0.333333,0
714,2022-05-09,Standard,0,-0.551605,0.666667,0
1405,2022-03-09,Basic,0,-39.122895,0.166667,1
1842,2022-06-20,Basic,0,-71.856653,0.500000,1
2387,2023-03-09,Standard,1,6.822384,0.666667,0
1316,2022-08-14,Premium,0,-32.907480,0.000000,0
1086,2020-09-23,Standard,0,-32.275608,0.000000,0
1132,2024-05-01,Basic,0,-28.257125,0.166667,0
2927,2022-03-05,Basic,0,-21.835323,0.333333,0
1944,2021-02-28,Basic,0,12.595441,0.500000,0
1081,2020-02-27,Premium,1,60.202978,0.166667,0
1854,2022-09-06,Premium,1,77.905602,0.000000,0
1588,2024-03-23,Premium,0,-70.378092,0.166667,1
38,2022-05-25,Basic,0,-32.093519,0.000000,1
2138,2022-07-08,Premium,0,-52.103308,0.166667,0
2356,2022-01-21,Premium,0,-50.372155,0.333333,0
2580,2024-12-01,Basic,0,-6.813807,0.500000,0
1377,2021-02-27,Premium,0,6.733244,0.333333,0
37,2023-06-13,Premium,0,-37.769539,0.000000,1
867,2023-07-26,Premium,0,-10.609633,0.333333,0
2496,2023-04-07,Basic,0,14.484829,0.166667,0
1982,2022-05-26,Standard,0,-26.101699,0.333333,0
2324,2021-07-19,Basic,0,-26.178011,0.333333,0
2432,2022-12-06,Basic,0,27.537929,0.166667,0
2379,2020-02-14,Premium,0,-26.249496,0.500000,0
1057,2025-01-28,Premium,1,55.827215,0.333333,0
2093,2024-02-10,Basic,0,-32.087974,0.500000,0
1495,2024-04-27,Standard,0,-0.894222,0.166667,1
1237,2023-02-17,Standard,0,-33.643465,0.500000,1
2900,2020-04-28,Premium,1,36.983041,0.166667,2
2337,2023-03-09,Basic,0,-3.588196,1.000000,0
1014,2020-10-30,Premium,0,0.803746,0.000000,1
103,2022-02-28,Standard,0,-19.121077,0.500000,0
2576,2023-12-23,Premium,0,29.984263,0.166667,0
289,2022-09-13,Standard,1,27.592731,0.333333,1
1756,2024-05-22,Basic,1,42.245563,0.166667,1
2234,2024-04-13,Premium,0,-15.736793,0.333333,0
1614,2023-03-09,Standard,0,3.311987,0.666667,0
1422,2021-06-27,Premium,0,1.616471,0.333333,1
2500,2025-03-12,Premium,0,-47.186264,0.500000,0
2254,2021-01-07,Basic,0,7.596260,0.333333,0
1119,2021-07-26,Standard,0,-11.191321,0.166667,1
2075,2023-11-20,Premium,0,-18.310991,0.333333,0
1171,2025-01-27,Basic,0,-1.801870,0.500000,0
2922,2020-10-28,Standard,1,41.949472,0.500000,0
2757,2023-12-28,Basic,0,-50.630903,0.166667,1
21,2025-03-25,Premium,1,50.243913,0.500000,2
1054,2022-05-27,Premium,0,-49.753762,0.333333,0
1504,2021-09-25,Premium,0,-0.179720,0.500000,0
2790,2025-02-07,Basic,0,-28.893864,0.666667,2
914,2023-08-01,Standard,0,13.946572,0.500000,1
544,2020-11-07,Basic,0,18.043008,0.500000,0
2406,2020-12-27,Premium,1,62.893354,0.833333,0
151,2022-11-15,Premium,0,-32.099304,0.333333,0
2445,2023-06-07,Premium,0,2.741760,0.833333,0
2375,2022-02-09,Standard,0,-8.331315,0.000000,1
1505,2025-03-09,Standard,1,46.143108,0.000000,1
2322,2024-10-18,Premium,0,-10.569035,0.166667,0
817,2024-05-15,Standard,0,40.749950,0.000000,0
1226,2020-04-14,Basic,0,-36.115907,0.500000,0
2102,2025-02-09,Premium,0,42.041564,0.166667,1
2629,2024-08-21,Premium,0,-47.821021,0.666667,0
2245,2020-03-24,Standard,0,-26.542224,0.000000,0
2099,2023-06-15,Premium,0,28.121640,0.166667,0
36,2022-04-24,Standard,0,0.252455,0.000000,0
1517,2021-03-24,Basic,1,80.175123,0.166667,1
1729,2023-01-31,Standard,0,-11.862133,0.000000,0
392,2023-07-18,Basic,0,-5.228068,0.333333,0
2457,2021-06-25,Standard,0,-3.273569,0.500000,1
1148,2022-08-16,Standard,0,-24.528353,0.333333,0
2952,2021-08-08,Standard,1,67.081511,0.666667,0
2854,2022-12-25,Premium,0,58.474529,0.500000,0
2323,2020-10-08,Basic,0,-44.449157,0.166667,1
891,2020-12-13,Basic,1,60.002624,0.333333,0
636,2022-02-14,Standard,0,11.249615,0.500000,0
1228,2024-08-10,Premium,0,-7.082472,0.333333,1
226,2022-04-15,Basic,0,8.825440,0.500000,0
684,2023-04-03,Premium,0,-21.281933,0.166667,0
1872,2022-08-26,Basic,0,-29.630163,0.000000,1
1256,2024-07-30,Standard,1,45.434736,0.500000,0
460,2022-06-20,Basic,0,-75.074603,0.166667,0
676,2021-03-08,Premium,0,-49.616320,0.000000,0
378,2023-09-02,Standard,1,47.684911,0.333333,1
214,2022-09-12,Standard,0,-27.113729,0.666667,0
831,2023-05-06,Standard,0,-43.506227,0.166667,2
829,2020-12-16,Basic,1,47.898233,0.166667,0
955,2021-08-04,Standard,0,-26.885729,0.000000,1
1518,2023-05-29,Basic,0,-9.420796,0.500000,2
2420,2022-02-10,Premium,0,26.336418,0.000000,0
1169,2023-10-06,Standard,0,-6.667601,0.000000,1
2017,2022-05-10,Standard,0,-27.260812,0.000000,1
1,2024-04-27,Premium,0,39.901691,0.166667,0
276,2023-06-11,Premium,0,-54.400591,0.166667,3
1767,2022-03-17,Premium,1,34.731327,0.333333,1
1852,2024-08-19,Standard,1,55.811418,0.166667,0
679,2023-07-11,Basic,0,-10.430974,0.166667,0
416,2021-06-07,Premium,1,45.877861,0.166667,0
1357,2020-09-25,Standard,1,33.125687,0.166667,2
2015,2024-12-25,Standard,0,40.070760,0.000000,0
2846,2024-06-08,Standard,0,-0.946584,0.333333,0
2295,2020-05-29,Premium,0,-0.474279,0.333333,0
2778,2021-02-21,Premium,0,40.266937,0.500000,0
1675,2021-05-18,Standard,0,16.538303,0.166667,0
1869,2020-03-03,Standard,0,-15.404862,0.333333,0
808,2020-07-07,Standard,0,-18.063993,0.666667,2
2275,2024-09-07,Premium,0,54.573394,0.000000,1
476,2022-08-22,Standard,0,-23.922359,0.666667,0
104,2024-02-23,Standard,0,-49.622743,0.333333,0
1103,2024-01-07,Basic,1,17.436609,0.333333,1
1332,2024-03-15,Standard,0,-39.611511,0.500000,0
791,2022-09-25,Premium,0,-16.606914,0.333333,0
743,2023-09-11,Basic,0,7.435633,0.000000,0
2433,2024-06-26,Standard,0,-2.130834,0.000000,0
1584,2024-09-17,Basic,0,-0.805710,0.500000,0
489,2020-01-31,Basic,0,28.281758,0.166667,0
2357,2024-01-09,Basic,0,-61.635337,0.666667,0
881,2024-01-26,Premium,0,-17.637409,0.000000,0
2179,2023-12-27,Basic,0,-29.696222,0.166667,0
2239,2020-09-04,Premium,0,-33.133541,0.166667,0
559,2025-01-28,Basic,0,-28.756570,0.333333,1
1484,2022-10-27,Basic,0,-35.978173,0.000000,0
593,2021-05-26,Basic,0,-4.210326,0.166667,0
2104,2020-11-17,Premium,0,-48.227814,0.500000,0
1254,2020-02-19,Basic,0,-17.218006,0.500000,0
2859,2024-02-05,Premium,0,-55.553492,0.500000,0
2287,2023-12-13,Basic,0,-29.363376,0.333333,1
1983,2023-12-30,Premium,1,54.153641,0.833333,2
1229,2024-12-15,Basic,1,50.521289,0.333333,2
2248,2022-11-29,Premium,0,-6.409357,0.166667,0
1722,2022-01-11,Basic,0,-17.713429,1.000000,0
2913,2023-04-02,Premium,0,2.371995,0.333333,0
828,2021-02-06,Standard,0,-41.504248,0.166667,0
2103,2020-03-16,Premium,0,10.531757,0.333333,0
1018,2020-02-05,Premium,1,29.114639,0.500000,0
990,2020-01-08,Basic,1,61.706711,0.666667,0
1223,2025-01-14,Standard,0,-6.054320,0.500000,0
1116,2023-10-14,Basic,0,-24.809385,0.500000,0
1586,2023-11-02,Basic,0,-38.996005,0.500000,0
2477,2022-08-27,Standard,1,62.222338,0.166667,0
682,2025-02-21,Standard,0,-53.069104,0.166667,0
793,2023-04-14,Standard,0,-26.272395,0.333333,0
2978,2023-01-07,Standard,0,-27.408162,0.833333,0
2744,2024-11-24,Basic,0,-22.590750,0.500000,0
913,2021-02-11,Basic,1,43.887527,0.666667,0
1094,2020-04-01,Basic,0,43.349096,0.166667,0
72,2023-09-25,Premium,0,-26.296400,0.500000,0
800,2024-11-27,Standard,0,8.464190,0.000000,1
1397,2021-08-30,Standard,1,10.364759,0.000000,2
2350,2024-05-25,Basic,0,13.802140,0.000000,0
2543,2021-12-17,Standard,0,-35.480057,0.166667,0
1905,2024-04-10,Standard,0,-15.791787,0.166667,1
1521,2021-12-31,Premium,0,-29.007416,0.333333,1
1637,2021-04-21,Premium,0,-67.521086,0.166667,1
1658,2021-04-19,Standard,0,26.423467,0.500000,0
1124,2024-02-29,Basic,1,45.902642,0.000000,2
661,2023-04-06,Premium,0,10.265183,0.500000,0
895,2022-02-27,Basic,1,21.781289,0.666667,0
2471,2021-05-11,Premium,1,68.308194,0.000000,0
2853,2024-11-06,Basic,0,-42.377854,0.333333,1
1667,2020-09-09,Basic,0,53.059366,0.500000,0
1410,2024-11-06,Premium,0,-18.039196,0.666667,1
969,2023-09-20,Standard,0,-19.234274,0.500000,1
2340,2023-06-23,Basic,0,1.453395,0.333333,0
2486,2023-02-02,Premium,1,45.548238,0.333333,0
1975,2023-12-23,Standard,0,-12.883744,0.166667,0
2876,2022-03-15,Standard,0,-22.040056,0.833333,0
1010,2025-04-07,Basic,1,21.718570,0.500000,0
2395,2023-06-26,Basic,0,46.321667,0.666667,0
2745,2020-09-02,Premium,1,48.257804,0.166667,1
882,2020-12-14,Premium,0,-65.219112,0.000000,1
2503,2024-10-15,Basic,0,26.437841,0.333333,0
2708,2023-11-24,Premium,0,38.462411,0.166667,0
2380,2023-10-17,Basic,1,57.796978,0.500000,1
1287,2024-02-21,Standard,0,19.109003,1.166667,0
252,2022-04-13,Standard,0,-57.395044,0.166667,0
1005,2022-12-13,Basic,0,-27.809597,0.666667,0
524,2024-09-25,Premium,1,47.138376,0.333333,0
591,2021-03-02,Premium,0,4.531428,0.500000,1
1418,2024-07-26,Standard,0,-3.578532,0.000000,0
2681,2020-03-21,Basic,0,-17.848922,0.000000,0
92,2025-01-23,Basic,1,30.020485,0.333333,0
2652,2023-11-23,Premium,0,-38.213770,0.500000,1
1412,2020-12-22,Standard,1,44.581922,0.166667,1
1702,2024-04-06,Premium,1,38.011454,0.500000,1
379,2021-06-25,Basic,0,-20.871410,0.833333,0
1048,2024-08-14,Standard,0,-6.730829,0.666667,0
2416,2021-03-21,Premium,1,33.418844,0.333333,0
2636,2023-02-21,Standard,0,40.138645,0.166667,0
2725,2021-09-20,Basic,0,-3.400587,0.666667,0
1436,2023-10-23,Standard,1,101.773181,0.166667,2
1522,2024-10-16,Basic,0,-35.107043,0.000000,0
2410,2024-05-03,Standard,1,54.573317,0.333333,1
2353,2020-06-10,Basic,0,14.960485,0.166667,3
2472,2022-01-29,Basic,0,-3.956546,0.166667,0
600,2022-05-01,Standard,0,-7.232331,0.166667,0
2382,2022-04-07,Standard,0,-32.971827,0.500000,0
1768,2022-03-12,Premium,0,-4.114490,0.166667,0
142,2024-07-28,Premium,0,-11.403757,0.166667,1
2545,2024-07-31,Standard,0,46.802441,0.333333,0
2307,2020-05-11,Standard,0,-49.218183,0.166667,0
1727,2020-05-06,Basic,0,9.373071,0.500000,1
219,2023-07-20,Premium,0,-58.674407,0.166667,0
241,2021-01-01,Premium,0,29.643300,0.000000,1
272,2020-04-17,Basic,0,-7.525581,0.000000,0
1399,2023-12-19,Premium,0,-13.633847,0.333333,1
1694,2021-10-29,Basic,0,9.722569,0.333333,0
694,2022-05-17,Premium,0,30.008678,0.333333,0
1512,2024-09-30,Basic,0,-82.703635,0.333333,0
1454,2021-04-13,Premium,1,46.160069,0.333333,0
1142,2025-02-20,Standard,0,-13.121435,0.333333,0
137,2024-05-30,Standard,0,-17.682888,0.500000,1
106,2023-12-11,Basic,1,37.586614,0.166667,1
1781,2024-06-03,Premium,0,-14.261267,0.500000,0
2013,2021-06-16,Basic,0,-34.954997,0.166667,0
2263,2021-12-30,Basic,0,6.347817,0.000000,0
99,2021-08-10,Standard,0,-49.221186,0.333333,0
1330,2023-06-21,Basic,0,-37.308997,0.333333,1
462,2023-12-31,Basic,0,-42.195789,0.333333,0
274,2020-04-14,Basic,0,-3.775496,0.666667,0
1255,2022-06-30,Standard,1,41.802498,0.500000,0
162,2024-12-04,Standard,0,27.843983,0.666667,0
352,2023-02-14,Premium,0,-8.057196,0.333333,1
2873,2022-12-11,Standard,1,59.784858,0.166667,0
1032,2022-07-24,Basic,0,-43.574539,0.333333,0
1558,2023-06-06,Premium,0,8.020013,0.333333,0
127,2021-11-09,Basic,0,61.239341,0.000000,0
880,2020-04-13,Premium,0,-36.166487,0.000000,0
967,2023-01-11,Premium,1,31.838203,0.666667,0
1607,2022-03-13,Premium,0,38.513964,0.666667,0
1242,2020-07-16,Basic,0,-23.058788,0.833333,1
508,2020-11-05,Standard,0,-18.503742,0.166667,0
2768,2023-07-09,Standard,0,-38.506768,0.166667,0
673,2021-03-06,Standard,0,-22.689339,0.000000,1
2211,2021-12-17,Standard,0,-7.860689,0.333333,1
465,2022-05-21,Basic,1,54.537622,0.666667,0
52,2021-07-20,Premium,0,-13.438897,0.333333,0
45,2021-03-06,Premium,1,41.988347,0.333333,0
1281,2024-01-19,Standard,0,-54.284706,0.333333,0
15,2021-05-29,Standard,0,1.071072,0.666667,0
1861,2020-11-06,Basic,0,1.266447,0.500000,0
1818,2022-09-30,Premium,0,-76.598235,0.166667,0
2310,2022-12-19,Basic,1,69.680564,0.333333,0
2857,2020-06-08,Basic,0,5.484700,0.333333,0
2662,2020-01-18,Standard,0,27.220085,0.166667,1
185,2021-08-01,Premium,0,-18.225104,0.333333,0
704,2021-07-13,Premium,0,-78.067599,0.666667,0
1328,2021-02-07,Premium,0,-55.794182,0.166667,0
421,2022-10-04,Standard,0,-56.609110,0.666667,0
672,2022-10-27,Basic,1,31.812854,0.000000,1
2334,2021-11-02,Basic,0,58.069279,0.000000,0
1106,2025-03-15,Basic,0,-54.507188,0.000000,1
2057,2024-10-03,Standard,1,35.171762,0.666667,0
2419,2020-07-10,Basic,0,-27.854232,0.500000,0
2834,2023-06-17,Basic,0,0.893064,0.333333,0
121,2023-06-08,Standard,0,-28.964724,0.666667,1
2279,2020-09-17,Standard,0,13.050416,0.333333,1
983,2025-03-14,Standard,0,52.338244,0.166667,0
2498,2024-02-10,Premium,0,-62.249296,0.500000,1
1954,2022-06-29,Premium,0,47.894523,0.333333,0
2256,2023-03-22,Premium,0,27.958096,0.166667,0
3000,2020-07-03,Premium,0,-48.968824,0.000000,0
1744,2020-10-22,Basic,0,-15.814105,0.166667,1
295,2020-01-21,Premium,0,-23.155465,0.333333,1
1749,2023-05-24,Basic,0,41.670732,0.333333,1
1580,2023-03-11,Premium,0,-21.347072,0.166667,0
2202,2020-07-10,Standard,0,-10.789853,0.333333,0
1544,2023-12-07,Standard,0,-25.252482,0.666667,0
2538,2024-09-28,Basic,0,-40.872850,0.500000,0
1052,2024-02-25,Basic,1,41.018069,0.666667,0
114,2021-05-03,Standard,1,46.608751,0.666667,0
2831,2022-06-02,Standard,0,-53.779770,0.166667,2
2262,2025-04-05,Standard,0,-48.129372,0.166667,0
689,2020-06-05,Basic,1,68.997034,0.000000,0
1652,2020-04-18,Basic,1,49.324620,0.500000,0
2969,2021-12-28,Standard,0,-13.408175,0.333333,0
2269,2021-09-06,Premium,0,10.590420,0.166667,0
667,2023-05-25,Standard,0,-44.492378,0.333333,0
410,2020-09-09,Basic,0,1.222737,0.333333,0
572,2022-04-30,Premium,0,39.093313,0.166667,0
2492,2025-02-27,Standard,0,-36.240843,0.833333,1
1172,2023-11-28,Basic,1,44.829871,0.166667,0
1002,2023-09-13,Basic,0,-12.029151,0.500000,0
1540,2020-10-04,Standard,0,-26.809463,0.166667,1
2411,2020-03-19,Standard,0,-4.237528,0.333333,0
2634,2025-04-14,Standard,0,33.765419,0.500000,0
2390,2021-04-04,Basic,1,2.993729,0.166667,1
2167,2023-03-22,Standard,1,23.331457,0.666667,1
2101,2021-06-10,Basic,1,40.604582,0.666667,0
391,2021-03-04,Premium,0,29.675188,0.166667,0
1125,2021-12-05,Basic,1,61.408257,0.166667,0
2605,2024-02-28,Standard,0,3.062159,0.333333,0
2519,2022-04-29,Standard,0,-29.356328,0.166667,0
2964,2020-12-03,Standard,1,37.470095,0.166667,1
924,2025-04-04,Premium,0,39.649835,0.333333,0
278,2022-05-25,Standard,0,55.815526,0.166667,0
275,2022-09-09,Premium,0,-54.309834,0.000000,0
872,2020-03-15,Basic,1,44.967857,0.333333,0
935,2023-06-28,Premium,0,50.911578,0.166667,0
1015,2022-08-27,Basic,0,-27.589883,0.000000,1
2494,2024-01-16,Basic,1,30.635675,0.500000,0
2201,2023-12-18,Premium,1,61.884208,0.833333,0
1391,2023-07-31,Basic,0,-3.787301,0.500000,0
2226,2024-03-08,Standard,0,15.581338,0.666667,0
1596,2022-11-05,Premium,0,-44.696394,0.166667,0
205,2021-03-07,Basic,0,-23.649811,0.333333,0
1303,2024-09-06,Standard,0,-9.252934,0.333333,1
816,2020-07-27,Basic,0,37.439030,0.166667,0
351,2023-01-21,Basic,0,-35.701819,0.500000,0
2413,2022-07-12,Premium,0,-28.057707,0.500000,0
2588,2020-10-14,Premium,0,30.450333,0.666667,0
1259,2020-09-22,Standard,0,23.659158,0.000000,1
1393,2023-10-23,Basic,0,44.416369,0.333333,0
1577,2024-11-22,Standard,0,-10.107119,0.333333,0
556,2022-05-30,Standard,1,55.424702,0.166667,0
598,2025-01-30,Premium,0,-21.963135,0.333333,0
248,2023-06-18,Premium,0,-17.283782,0.333333,0
1386,2024-05-28,Basic,0,-68.797221,0.333333,0
119,2024-09-10,Premium,0,-47.364545,0.333333,0
2391,2022-12-08,Premium,0,-27.096568,0.666667,1
2905,2023-10-15,Basic,1,78.028431,0.333333,0
324,2021-04-02,Premium,1,54.118249,0.000000,0
1878,2024-05-14,Premium,0,-32.958372,0.333333,0
2896,2023-11-21,Standard,0,-56.705493,0.333333,0
2793,2022-11-27,Premium,0,-39.302113,0.333333,0
1759,2020-07-15,Standard,1,70.202542,0.000000,1
2442,2024-09-29,Basic,0,20.079393,0.333333,0
326,2022-10-22,Basic,0,-2.097161,0.000000,0
1624,2020-09-28,Premium,0,-30.165150,0.833333,0
375,2020-01-15,Basic,1,64.874190,0.166667,0
2691,2025-02-11,Basic,0,-69.144373,0.333333,0
2961,2021-08-31,Premium,0,-3.819079,0.666667,0
2986,2022-10-24,Basic,1,52.461938,0.166667,1
1640,2023-06-02,Standard,0,13.205199,0.166667,1
2517,2021-11-03,Basic,0,-14.533018,0.000000,0
763,2023-10-12,Premium,1,44.527064,0.333333,1
721,2020-12-31,Standard,0,-32.002816,0.666667,0
1591,2022-01-22,Standard,0,-30.391059,0.333333,1
115,2024-11-15,Basic,0,5.722205,0.500000,0
629,2022-10-01,Standard,0,-50.311706,0.166667,0
2124,2021-11-24,Basic,0,-3.470778,0.000000,0
1283,2024-09-21,Standard,0,-12.517676,0.000000,1
2534,2021-09-08,Premium,0,-21.697138,0.500000,0
1876,2023-09-12,Standard,0,-29.234837,0.166667,1
536,2020-06-13,Premium,0,-26.008389,0.166667,0
65,2021-02-08,Basic,0,-3.016986,0.833333,0
1305,2020-03-18,Premium,1,43.315542,0.000000,2
535,2020-10-24,Basic,0,17.122270,0.666667,0
1178,2023-02-09,Premium,1,58.805934,0.333333,0
1009,2023-07-07,Premium,0,30.477780,0.000000,0
617,2020-07-30,Standard,0,20.284232,0.333333,0
2902,2020-12-03,Standard,1,23.916494,0.833333,1
371,2024-05-26,Premium,0,25.438396,0.000000,0
1067,2021-07-13,Standard,0,26.430309,0.333333,1
1451,2023-02-18,Standard,1,41.453974,0.833333,0
1461,2023-12-27,Basic,0,-64.405784,0.166667,0
505,2025-04-17,Basic,0,-34.063231,0.666667,0
1042,2024-06-25,Premium,0,0.712683,0.166667,0
164,2023-07-02,Standard,0,-45.323451,0.166667,1
2863,2022-07-16,Basic,0,45.406939,0.166667,0
76,2024-06-27,Basic,0,-14.734067,0.166667,0
1190,2021-12-09,Basic,0,-65.619188,0.166667,0
2684,2022-06-10,Premium,0,-0.737490,0.333333,0
1066,2023-01-11,Premium,0,-24.131903,0.666667,0
1720,2021-05-29,Basic,0,0.672685,0.500000,0
575,2020-12-27,Premium,0,-11.075611,0.333333,0
1821,2020-03-15,Basic,0,-39.067530,0.500000,0
735,2022-02-08,Basic,0,0.000000,0.000000,0
2345,2020-02-13,Basic,0,29.151595,0.166667,0
2987,2024-05-05,Premium,0,9.877826,0.166667,0
2288,2022-07-31,Standard,0,-51.183103,0.333333,0
847,2024-07-15,Standard,1,61.711706,0.500000,0
369,2020-03-19,Standard,0,-5.221023,0.166667,0
2283,2023-04-25,Basic,0,-3.326313,0.166667,0
2675,2025-01-05,Standard,0,-19.962307,0.166667,1
2593,2023-04-20,Standard,0,-36.747918,0.000000,1
2801,2024-06-04,Basic,1,100.415113,0.000000,1
1791,2021-04-11,Basic,1,15.139062,0.333333,1
2609,2022-03-26,Premium,0,40.531013,0.000000,0
89,2020-08-14,Standard,0,39.985598,0.166667,0
982,2021-04-27,Basic,0,-23.392866,0.166667,1
541,2024-06-11,Basic,0,23.514382,0.166667,1
2033,2023-08-20,Basic,0,-31.221567,0.000000,0
170,2023-01-29,Premium,0,18.753254,0.333333,0
2512,2020-09-12,Basic,0,26.671820,0.333333,0
1137,2023-11-09,Basic,0,3.819113,0.500000,0
2903,2024-06-25,Premium,1,17.019662,0.333333,1
769,2021-08-18,Basic,0,-25.942423,0.666667,0
2491,2023-07-17,Standard,0,12.775722,0.333333,0
1820,2021-07-11,Premium,0,-35.296718,0.166667,3
2653,2023-02-23,Basic,0,-25.209192,0.666667,0
628,2023-11-05,Standard,0,25.320217,0.500000,0
2763,2020-09-07,Basic,1,52.997026,0.166667,1
232,2022-12-06,Standard,0,11.312797,0.500000,0
1859,2024-12-19,Premium,0,-40.116311,0.333333,0
1093,2022-03-03,Premium,0,15.588854,0.333333,0
2611,2024-02-01,Premium,0,50.155200,0.166667,0
1763,2023-04-22,Premium,0,-24.764099,0.500000,0
2647,2023-02-10,Standard,1,101.803676,0.333333,1
1487,2022-08-28,Basic,1,38.612073,0.166667,0
190,2022-01-18,Basic,0,-30.570459,0.333333,0
2754,2021-05-04,Standard,1,39.338624,0.333333,1
1076,2023-02-14,Basic,0,-25.217453,0.500000,0
894,2021-06-22,Standard,0,-1.874189,0.166667,0
532,2023-12-17,Standard,0,-26.804786,0.666667,2
646,2022-02-13,Premium,0,17.493441,0.333333,0
2396,2022-03-02,Basic,0,22.242588,0.500000,0
2153,2020-06-23,Basic,0,10.315180,0.333333,0
722,2022-11-04,Standard,1,25.566082,0.500000,1
1765,2024-12-19,Standard,1,60.400818,0.500000,0
1006,2021-05-20,Basic,1,73.637381,0.000000,0
2456,2025-01-12,Standard,0,-25.023443,0.333333,0
1111,2024-04-17,Standard,0,6.405428,0.333333,0
2252,2024-08-09,Basic,0,-27.004885,0.500000,0
2541,2024-04-09,Premium,0,-52.035355,0.333333,1
5,2023-01-24,Standard,0,-5.428416,0.666667,1
1656,2021-09-17,Basic,1,103.839576,0.333333,0
1762,2024-01-09,Premium,0,-33.932596,0.166667,0
2470,2023-07-13,Premium,0,-42.869095,0.333333,0
877,2024-10-18,Standard,0,-43.729281,0.333333,0
788,2022-09-28,Standard,0,-53.202972,0.333333,1
1252,2021-06-18,Standard,1,55.503020,0.333333,2
2452,2020-09-16,Standard,0,2.996339,0.500000,0
612,2022-07-11,Basic,0,-35.450624,0.333333,0
2975,2025-04-08,Premium,0,-23.884675,0.333333,0
1931,2022-11-13,Standard,0,-47.012694,0.666667,2
516,2021-01-23,Premium,0,45.140452,0.333333,0
1528,2020-07-18,Premium,0,-7.187260,0.833333,0
1037,2020-10-22,Premium,0,64.837110,0.166667,0
455,2023-01-04,Basic,0,-83.145593,0.166667,1
2349,2022-04-26,Basic,0,21.613624,0.166667,0
778,2024-07-23,Standard,1,55.265022,0.833333,0
1036,2022-06-04,Standard,0,-27.094636,0.166667,0
651,2022-06-15,Premium,0,6.417931,0.000000,0
260,2022-04-29,Premium,0,-26.023602,0.166667,0
2843,2025-04-02,Premium,1,54.810985,0.166667,1
652,2022-05-31,Standard,0,-26.853473,0.166667,0
1795,2021-10-24,Premium,0,0.000000,0.833333,0
172,2021-12-15,Basic,0,-78.626569,0.333333,0
173,2021-03-05,Standard,0,11.301058,0.333333,2
2680,2024-12-30,Basic,0,-52.850164,0.833333,0
339,2023-04-28,Standard,0,-42.464201,0.166667,1
2722,2023-11-20,Premium,1,37.488566,0.333333,1
310,2022-08-11,Premium,1,102.019173,0.333333,0
697,2024-05-23,Basic,1,44.281018,0.333333,1
1074,2021-08-02,Premium,1,40.204339,0.333333,0
2070,2020-06-01,Standard,0,-0.879558,0.166667,0
2444,2020-09-08,Premium,1,45.734185,0.333333,0
1227,2021-05-25,Premium,0,-21.803624,0.333333,1
1398,2022-01-22,Basic,1,48.785076,0.500000,0
2421,2023-08-01,Standard,1,56.977209,0.166667,0
1300,2020-03-04,Basic,0,-17.002244,0.333333,1
1867,2020-07-24,Standard,0,-34.657741,0.666667,0
784,2020-10-31,Standard,0,-32.167335,0.333333,2
1264,2022-09-30,Standard,0,-33.761259,0.500000,1
1569,2024-04-29,Basic,0,-40.768936,0.166667,0
1389,2022-09-20,Basic,0,24.029205,0.333333,1
201,2024-12-31,Standard,0,-57.044461,0.166667,0
1725,2021-02-18,Standard,0,-1.001152,0.666667,0
2882,2024-07-07,Standard,0,-34.460883,0.333333,0
2,2023-01-15,Standard,0,-70.277231,0.333333,0
1007,2025-01-16,Standard,1,61.902603,0.333333,0
945,2022-11-21,Standard,0,-32.202911,0.500000,1
1757,2022-05-16,Standard,0,-15.464102,0.666667,1
1133,2025-01-14,Basic,0,-53.121552,0.166667,2
565,2020-12-07,Standard,0,-23.003947,0.000000,0
1467,2024-10-12,Basic,0,-26.095857,0.333333,0
823,2023-01-21,Standard,0,-37.900319,0.500000,0
2131,2022-01-29,Standard,0,-5.555743,0.166667,0
300,2020-09-18,Basic,0,15.512937,0.166667,0
2424,2023-05-31,Standard,0,16.738918,0.333333,0
775,2020-01-14,Basic,0,0.063692,0.000000,1
2261,2024-11-30,Premium,0,48.413768,0.000000,0
976,2021-01-14,Basic,1,66.859217,0.333333,0
654,2021-06-09,Premium,0,-11.899668,0.500000,1
1883,2022-04-03,Premium,0,1.132092,0.666667,0
2880,2023-04-07,Premium,1,70.360078,0.166667,0
509,2023-08-01,Standard,0,-66.676039,0.000000,0
435,2022-11-02,Basic,0,-62.497087,0.833333,0
1321,2022-05-26,Standard,0,-15.059930,0.500000,0
1952,2021-08-23,Basic,0,-34.477510,0.500000,1
2739,2024-02-10,Premium,0,-21.487376,0.000000,0
1100,2022-01-15,Premium,0,-8.168976,0.166667,0
2549,2020-06-19,Basic,0,-13.594407,0.666667,0
1617,2024-11-27,Standard,1,3.416882,0.000000,1
2328,2022-09-04,Basic,0,6.198226,0.166667,0
182,2024-08-28,Premium,0,29.319496,0.500000,0
2343,2021-12-29,Premium,0,-11.070133,0.333333,0
2548,2024-05-17,Premium,0,8.062946,0.666667,0
833,2022-02-27,Premium,0,-65.711645,0.500000,0
557,2021-04-05,Basic,1,46.585587,0.500000,0
1092,2023-12-20,Basic,0,41.867475,0.333333,0
2443,2020-07-20,Standard,0,-21.271957,0.166667,1
1572,2023-03-03,Premium,0,-49.590817,0.500000,0
561,2022-12-09,Standard,0,-4.475820,0.666667,0
814,2025-02-20,Standard,0,19.187148,0.000000,0
2314,2022-09-11,Premium,1,56.146591,0.000000,0
473,2021-05-13,Standard,0,-53.986239,0.833333,0
886,2025-02-03,Standard,0,4.565031,0.833333,0
422,2021-05-28,Basic,0,45.388511,0.166667,0
1105,2020-09-07,Premium,0,39.192780,0.333333,0
450,2022-05-17,Basic,0,13.871864,0.166667,0
2635,2025-01-25,Basic,0,-9.137722,0.166667,2
1050,2022-06-11,Standard,0,-2.693451,0.166667,0
2059,2023-12-31,Basic,0,-1.367077,0.166667,0
2700,2020-03-22,Premium,0,-24.163934,0.166667,0
2979,2024-08-04,Standard,1,51.566814,0.500000,0
311,2022-07-01,Premium,1,56.516813,0.000000,1
1310,2020-10-05,Standard,0,-31.360423,0.333333,1
669,2023-03-28,Basic,1,38.836116,0.166667,0
2769,2021-08-13,Standard,0,-9.503914,0.000000,0
331,2024-12-14,Premium,0,18.842140,0.333333,0
2060,2021-11-16,Basic,0,-10.954849,0.166667,0
942,2023-08-24,Standard,0,-49.208667,0.333333,0
2168,2023-12-14,Basic,0,-8.016724,0.333333,0
120,2020-03-08,Basic,0,-39.588918,0.333333,0
973,2024-02-03,Basic,1,3.899343,0.333333,0
1407,2023-09-26,Standard,0,-52.292327,0.666667,0
2995,2020-04-23,Standard,0,-5.362532,0.166667,0
2333,2024-01-20,Standard,1,41.397524,0.000000,0
2670,2023-07-08,Basic,0,-37.243006,0.000000,0
1769,2020-08-01,Standard,0,-28.395785,0.500000,0
1874,2024-09-13,Premium,0,-20.292447,0.500000,1
2071,2025-03-10,Premium,0,-23.333246,0.666667,0
579,2021-12-09,Premium,0,-0.808749,0.333333,0
1162,2020-01-28,Premium,0,-34.251031,0.666667,0
2032,2021-08-12,Standard,0,-42.511376,0.166667,2
448,2022-01-12,Standard,1,50.613081,0.500000,1
941,2023-09-21,Basic,0,-30.046753,0.333333,0
1372,2023-03-08,Standard,0,1.690248,0.000000,0
2386,2021-11-22,Basic,0,20.038786,0.166667,0
2043,2020-07-20,Standard,1,37.926894,0.500000,0
2628,2024-12-26,Standard,0,-42.731151,0.333333,0
799,2020-09-28,Standard,0,32.008145,0.166667,1
921,2024-02-24,Basic,0,-43.375102,0.166667,0
2490,2024-03-30,Basic,0,52.599661,0.000000,0
583,2023-09-16,Standard,0,11.326645,0.500000,0
1830,2021-12-22,Basic,0,-27.003507,0.500000,0
2405,2024-06-09,Basic,0,-9.776340,0.500000,1
1833,2020-10-08,Basic,0,-3.271234,0.666667,0
648,2021-06-16,Basic,1,50.009356,0.166667,0
2372,2022-05-26,Basic,0,-8.333968,0.333333,0
2278,2020-09-17,Premium,0,-23.616670,1.000000,0
2425,2020-08-07,Premium,0,-0.641895,0.500000,1
1871,2022-09-21,Basic,0,18.034889,0.166667,0
1951,2020-05-28,Basic,1,54.146981,0.166667,0
2959,2020-08-22,Premium,0,-36.893774,0.166667,1
1404,2021-09-22,Standard,1,43.443007,0.666667,0
1706,2022-03-01,Standard,0,-10.283149,0.166667,0
1943,2021-05-19,Basic,0,-42.973746,0.333333,0
1998,2024-03-09,Premium,0,-30.678425,0.333333,0
623,2020-12-19,Premium,0,-8.830105,0.333333,0
1587,2022-05-26,Premium,0,-55.003473,0.666667,0
2980,2025-04-05,Standard,0,-56.933037,0.000000,1
850,2021-12-02,Premium,0,46.401381,0.166667,0
2999,2022-09-09,Standard,1,48.778598,0.666667,0
259,2021-03-28,Basic,0,12.542631,0.500000,0
586,2021-05-30,Basic,0,-35.105773,0.333333,0
2030,2020-03-04,Premium,0,-85.364195,0.000000,0
1322,2024-07-29,Standard,0,-22.684380,0.000000,0
730,2025-04-17,Basic,1,35.152873,0.333333,1
1602,2021-01-22,Basic,0,-5.121279,0.333333,0
398,2021-06-06,Basic,0,-45.068469,0.500000,0
174,2022-01-06,Basic,0,-19.745501,0.833333,1
1849,2021-11-16,Standard,0,17.740610,0.000000,0
1932,2023-01-12,Premium,0,-27.247799,0.500000,0
2205,2021-06-13,Standard,0,41.623897,0.166667,0
2145,2021-01-03,Premium,0,-52.897891,0.000000,0
1177,2024-11-04,Basic,0,-28.123786,0.333333,0
1359,2021-09-07,Standard,0,-11.124947,0.500000,1
958,2020-10-25,Basic,0,31.359476,0.166667,0
594,2023-03-22,Basic,0,-57.042016,0.166667,0
1500,2020-12-22,Standard,0,-19.980379,0.000000,0
1593,2024-03-22,Standard,0,-27.431359,0.833333,0
2222,2022-03-10,Basic,0,-36.417271,0.500000,1
1354,2024-02-16,Premium,0,-32.501281,0.000000,0
1350,2024-12-21,Basic,0,-3.523563,1.166667,0
414,2022-06-24,Basic,0,38.275007,0.333333,0
2728,2021-09-21,Basic,0,-3.749826,0.500000,1
856,2021-09-04,Standard,0,-16.110977,0.500000,0
2361,2024-08-22,Basic,1,36.478740,0.333333,2
2631,2023-05-23,Basic,0,-0.035447,0.333333,1
2042,2020-09-06,Standard,0,-41.031576,0.500000,1
596,2021-01-23,Basic,0,-28.415628,0.166667,1
1964,2023-05-27,Basic,0,48.475536,0.333333,0
2564,2022-06-10,Premium,1,33.938695,0.000000,1
2942,2022-09-25,Standard,0,-21.573465,0.166667,0
2802,2022-09-03,Standard,1,53.648105,0.333333,0
2664,2022-10-25,Standard,0,-44.157472,0.500000,0
2009,2024-01-15,Basic,0,-18.683951,1.166667,0
1970,2023-05-21,Basic,0,-9.017970,0.166667,0
2819,2022-03-04,Basic,0,-10.299855,0.166667,0
153,2022-06-13,Basic,0,-35.667350,0.000000,0
507,2023-11-02,Standard,0,-26.448928,0.166667,1
2820,2020-04-14,Basic,0,6.524396,0.666667,0
2883,2020-10-05,Basic,0,-3.451668,0.166667,3
2143,2023-10-03,Basic,1,69.053520,0.166667,0
1203,2020-11-08,Standard,1,28.957447,0.333333,0
2338,2024-04-09,Premium,1,57.996726,0.500000,0
2727,2022-11-19,Basic,0,-10.039759,0.000000,0
2856,2020-10-29,Standard,1,47.637943,0.166667,0
237,2024-01-13,Basic,0,-5.331044,0.333333,0
1352,2025-03-16,Basic,0,-9.107591,0.333333,0
2552,2024-06-13,Premium,0,-37.759754,0.166667,1
329,2020-08-03,Basic,0,34.558081,0.000000,0
2232,2021-10-09,Basic,0,-1.202058,0.333333,0
1907,2022-06-23,Basic,0,-7.647201,0.000000,0
187,2023-06-21,Basic,0,-35.754290,0.500000,0
2112,2021-06-03,Premium,0,-4.732208,0.500000,1
756,2022-08-17,Standard,0,18.009697,0.500000,0
843,2023-04-13,Standard,0,-46.145278,0.666667,1
2170,2024-09-04,Basic,0,31.242884,0.500000,0
951,2023-07-26,Premium,0,15.345120,0.166667,0
2530,2020-05-28,Premium,1,49.023471,0.000000,0
1191,2020-12-23,Basic,0,-55.764162,0.500000,0
812,2023-10-15,Basic,0,-64.337004,0.166667,0
543,2022-11-17,Basic,0,7.175366,0.500000,0
2954,2024-11-01,Standard,1,52.973000,0.166667,1
1789,2024-06-12,Premium,0,-47.283238,0.500000,0
1249,2022-09-29,Basic,0,-31.567984,0.000000,1
1224,2022-07-10,Standard,0,19.670482,0.166667,0
1130,2021-05-11,Standard,0,-54.712805,0.666667,0
570,2021-05-26,Basic,0,-9.929315,0.333333,0
2025,2023-11-02,Premium,0,31.702855,0.000000,0
2130,2025-04-25,Premium,0,-25.440602,0.500000,0
2280,2023-04-27,Basic,0,-23.797471,0.000000,0
2134,2020-12-05,Premium,0,15.125809,0.166667,0
2446,2023-07-03,Basic,0,22.510210,0.333333,1
1743,2023-01-26,Basic,0,-24.988018,0.166667,0
884,2020-12-31,Standard,0,0.929543,0.000000,1
863,2020-03-23,Standard,1,42.665817,0.666667,1
2992,2023-08-08,Standard,0,-9.547821,0.500000,0
2459,2023-06-02,Basic,0,-38.687813,0.500000,0
211,2024-04-28,Premium,0,-49.455679,0.333333,0
2948,2020-10-12,Standard,0,51.188254,0.500000,0
1288,2024-05-23,Basic,1,28.512578,0.333333,1
2649,2022-05-17,Basic,0,-11.434732,0.166667,0
2427,2025-04-08,Basic,0,-25.240737,0.333333,0
1033,2023-09-14,Basic,0,-48.409815,0.500000,0
2938,2023-12-29,Premium,0,13.729324,0.166667,1
279,2024-10-13,Standard,1,65.985905,0.166667,0
2178,2020-12-25,Basic,1,42.456552,0.333333,0
2711,2023-01-02,Basic,1,23.376348,0.333333,1
1783,2020-10-06,Standard,1,54.411852,0.500000,0
2746,2024-08-04,Premium,0,-31.599268,0.333333,1
846,2021-07-05,Standard,0,-36.090385,0.000000,2
901,2022-07-03,Standard,0,-38.066470,0.333333,0
16,2021-06-17,Premium,0,2.180846,0.500000,0
1368,2024-11-03,Standard,0,8.098663,0.500000,0
1938,2024-12-08,Standard,0,-17.628259,0.500000,0
2429,2021-08-15,Basic,0,-5.381127,0.500000,0
459,2021-10-22,Basic,1,61.021636,0.500000,1
470,2024-10-30,Basic,0,-16.826770,0.000000,1
2523,2024-08-24,Premium,0,-62.717809,0.666667,1
2011,2020-11-13,Basic,0,-11.548352,0.166667,0
533,2020-01-12,Basic,0,-48.295656,0.333333,1
1663,2021-04-04,Premium,0,-1.824611,0.000000,2
1213,2022-09-25,Premium,0,5.273773,0.166667,0
724,2025-04-24,Premium,0,-47.881346,0.166667,0
2467,2023-09-29,Standard,0,-49.691447,0.000000,1
2127,2023-06-08,Premium,1,28.535582,0.333333,0
1053,2025-04-25,Basic,0,-40.238182,0.333333,0
467,2024-12-04,Basic,0,14.273440,0.333333,1
2105,2023-02-02,Standard,0,-11.654481,0.500000,0
887,2022-04-23,Premium,0,35.648119,0.333333,0
2401,2020-07-12,Premium,0,-48.245757,0.333333,0
2317,2022-02-06,Standard,0,34.014876,0.166667,0
2468,2021-09-09,Premium,0,-42.045077,0.500000,0
337,2024-12-27,Standard,0,-55.051508,0.333333,0
2550,2023-06-02,Basic,0,30.748398,0.166667,0
2901,2023-05-08,Premium,0,0.000000,0.166667,0
2142,2024-03-01,Premium,0,-33.009933,0.500000,1
1108,2020-06-11,Standard,0,-2.851807,0.333333,1
2289,2022-12-12,Standard,0,-20.439185,0.333333,1
845,2021-02-03,Basic,0,-17.997596,0.000000,0
1001,2022-03-29,Standard,1,46.420314,0.500000,1
2126,2022-04-16,Basic,0,33.452941,0.500000,0
1443,2024-12-11,Premium,0,9.476550,0.500000,0
1698,2021-09-15,Basic,0,-4.902535,0.166667,0
1775,2021-07-26,Basic,0,29.625171,0.166667,0
918,2023-07-27,Premium,0,-21.385350,0.333333,0
1369,2023-03-04,Standard,1,47.451869,0.333333,0
2514,2020-08-04,Premium,1,62.214944,0.000000,1
1650,2024-05-21,Standard,0,-7.515248,0.166667,0
2735,2023-08-10,Premium,0,-35.472215,0.500000,1
649,2020-08-21,Basic,0,-40.538633,0.500000,1
141,2025-03-30,Basic,1,42.722390,0.666667,0
2862,2021-10-08,Standard,0,2.994528,0.166667,0
167,2024-10-08,Premium,0,-28.548625,0.166667,0
2373,2023-11-21,Basic,0,47.175827,0.000000,0
2187,2020-08-14,Premium,0,-12.804091,0.500000,0
2366,2024-02-09,Basic,0,14.426096,0.166667,0
481,2022-11-12,Standard,0,-15.241851,0.500000,0
1815,2021-10-25,Basic,0,-13.403446,0.666667,1
537,2021-09-02,Standard,0,-27.894993,0.833333,1
1230,2020-01-25,Premium,1,37.340316,0.500000,0
1088,2024-02-01,Standard,0,24.369226,0.166667,0
2643,2023-12-17,Basic,0,-27.225285,0.666667,0
2850,2021-11-14,Premium,0,-21.608060,0.833333,0
1253,2020-12-16,Standard,1,63.174718,0.500000,0
630,2020-12-30,Premium,1,31.719265,1.000000,0
198,2021-04-01,Standard,0,-46.419779,0.666667,0
1481,2020-06-25,Basic,0,-28.941133,0.166667,0
1061,2021-10-17,Basic,0,-12.952165,0.500000,2
2671,2022-10-06,Basic,0,1.637964,0.333333,0
1527,2024-11-24,Basic,0,13.853080,0.166667,0
2606,2022-05-30,Standard,1,18.264943,0.333333,0
2988,2022-04-08,Standard,0,-51.634069,0.333333,2
2791,2025-01-26,Standard,0,-18.870444,0.000000,0
2339,2020-03-04,Premium,0,-25.558101,1.000000,0
1059,2021-06-21,Basic,0,-46.286341,0.500000,1
1463,2025-04-14,Standard,0,-45.973093,0.166667,2
1406,2024-08-11,Basic,0,-36.788014,0.166667,1
245,2022-06-30,Basic,0,-25.328655,0.166667,1
820,2020-06-21,Premium,0,-74.418200,0.500000,0
8,2025-04-13,Premium,1,66.492940,0.500000,0
758,2022-04-16,Standard,0,-20.005395,0.333333,0
1306,2024-09-05,Basic,0,-67.253735,0.166667,0
2858,2020-03-24,Standard,0,-12.498383,0.166667,0
2918,2021-01-20,Standard,0,-10.632906,0.500000,0
327,2023-08-20,Premium,0,29.344559,0.333333,0
54,2022-10-23,Basic,0,47.751734,0.166667,0
2463,2023-05-12,Standard,0,-82.642011,0.833333,0
1313,2023-09-23,Standard,0,-61.654009,0.000000,0
620,2024-05-04,Premium,0,-27.107865,0.333333,0
1887,2022-08-29,Premium,0,10.322759,0.166667,1
849,2020-06-12,Standard,0,14.005259,0.500000,0
1557,2021-04-08,Standard,0,-35.232798,0.333333,1
869,2023-05-23,Standard,0,30.212532,0.166667,0
1196,2020-03-30,Basic,0,9.368472,0.166667,0
1479,2022-01-12,Standard,0,46.020491,0.000000,0
1286,2024-04-17,Basic,0,-43.471838,0.166667,0
77,2023-08-12,Standard,0,-1.847477,0.333333,1
975,2024-02-22,Basic,1,58.460913,0.333333,0
2699,2022-01-15,Standard,1,78.538086,0.666667,0
875,2021-09-28,Premium,0,-10.729787,0.166667,0
1753,2021-10-13,Premium,0,-8.134876,0.166667,0
2950,2020-01-24,Basic,0,1.444129,0.166667,0
1488,2024-02-07,Standard,0,-21.712146,0.666667,1
132,2021-03-28,Basic,0,-30.447901,0.500000,0
2712,2020-08-26,Standard,0,-35.172313,0.333333,1
501,2020-03-17,Standard,1,83.229365,0.500000,0
1696,2021-06-01,Standard,0,-0.326637,0.333333,0
487,2025-01-24,Basic,0,-25.919731,0.166667,0
1850,2020-02-09,Premium,0,7.126868,0.333333,0
889,2024-03-18,Premium,0,18.437720,0.000000,0
285,2021-03-17,Standard,1,53.017410,0.333333,0
1387,2023-06-23,Standard,0,37.857505,0.000000,1
1078,2022-08-07,Premium,0,56.967396,0.166667,0
744,2021-09-25,Basic,1,54.936226,0.166667,0
752,2020-06-23,Standard,1,52.775853,0.333333,2
1466,2020-06-26,Basic,0,19.190787,0.166667,1
1635,2023-05-19,Basic,0,-34.527642,0.500000,0
2887,2023-03-08,Standard,0,-29.611270,0.333333,1
2622,2023-11-19,Basic,0,3.111117,0.666667,0
851,2024-02-12,Basic,0,-22.405099,0.166667,0
1682,2022-01-04,Premium,1,47.121521,0.333333,1
1927,2021-01-12,Basic,0,-12.418676,0.000000,0
116,2022-12-25,Premium,0,1.153383,0.500000,0
1380,2022-09-20,Basic,0,-29.493336,0.666667,1
1275,2024-05-28,Premium,0,-4.203811,0.166667,1
2688,2022-02-11,Standard,0,-61.817801,0.833333,3
1678,2021-11-11,Basic,0,-50.090318,0.000000,0
587,2024-08-14,Premium,1,66.663197,0.666667,0
2718,2021-03-13,Basic,0,-18.210812,0.000000,1
451,2022-01-04,Basic,1,40.647317,0.333333,0
2526,2025-04-06,Basic,0,23.071953,0.666667,0
156,2022-01-15,Standard,0,-19.037271,0.000000,1
478,2020-12-27,Premium,0,-38.489739,0.166667,0
60,2023-08-18,Standard,0,34.874793,0.000000,0
223,2021-12-16,Standard,0,1.582270,0.666667,1
126,2022-01-11,Basic,0,-35.636438,0.500000,2
1151,2020-03-05,Basic,0,-32.135077,0.166667,3
2274,2023-11-21,Premium,1,62.612311,0.333333,0
1776,2023-12-23,Standard,0,5.903360,0.166667,0
1721,2020-05-26,Premium,1,44.423678,0.166667,0
2272,2020-10-20,Standard,0,7.320038,0.500000,0
519,2024-11-23,Premium,0,7.003751,0.500000,0
1537,2023-09-11,Premium,0,-27.927924,0.166667,0
2958,2024-07-13,Standard,0,31.168879,0.166667,0
2483,2024-07-21,Basic,0,-22.816261,0.000000,1
2069,2023-03-07,Basic,1,79.619425,0.166667,1
81,2022-11-13,Premium,0,-4.991553,0.666667,0
2536,2021-08-29,Standard,1,62.481564,0.500000,0
2971,2025-03-03,Basic,0,-44.346373,0.166667,0
2304,2023-05-30,Premium,0,30.427047,0.000000,0
424,2024-06-13,Premium,0,-34.614524,0.166667,0
143,2024-08-01,Standard,0,29.470123,0.333333,0
2063,2021-03-29,Basic,0,18.768810,0.500000,0
344,2024-07-15,Basic,1,52.250467,0.333333,0
2348,2020-01-07,Premium,1,34.225904,0.166667,0
916,2020-05-30,Standard,1,61.415209,0.333333,0
2599,2020-05-11,Premium,0,0.774596,0.333333,0
2094,2020-06-18,Basic,1,38.200698,0.333333,0
844,2024-09-04,Premium,1,51.760246,0.000000,0
2679,2023-01-18,Premium,0,-4.373226,0.333333,0
2347,2020-04-25,Basic,1,67.945716,0.166667,0
1899,2022-10-11,Basic,0,-30.306883,0.500000,0
2529,2022-03-28,Standard,0,-40.119106,0.000000,0
68,2020-02-10,Basic,0,41.788172,0.666667,0
90,2024-04-15,Basic,0,1.522600,0.833333,0
2602,2022-10-26,Premium,0,26.712988,0.666667,0
1251,2021-02-19,Basic,0,-8.333925,0.000000,0
1748,2020-06-10,Premium,0,-1.572003,0.166667,0
1362,2022-04-24,Standard,0,3.603748,0.333333,0
2141,2022-08-03,Basic,1,65.181015,0.500000,0
1344,2021-06-21,Standard,0,-54.820896,0.000000,1
2240,2024-09-15,Basic,0,61.023421,0.166667,0
1644,2020-12-04,Basic,0,-37.912544,0.500000,0
1546,2020-08-14,Standard,0,-25.245281,0.500000,0
1549,2020-04-19,Premium,0,10.506331,0.000000,1
2006,2021-02-22,Premium,0,0.358577,0.166667,0
625,2021-08-16,Basic,0,-25.282324,1.000000,0
2989,2023-04-29,Basic,0,-46.711911,0.500000,0
1297,2024-07-08,Basic,0,46.513229,0.000000,0
2743,2022-02-19,Premium,1,41.820547,0.500000,0
444,2024-02-01,Standard,0,-43.264425,0.333333,0
1985,2024-03-05,Standard,1,41.996150,0.000000,0
2388,2023-03-22,Basic,0,-20.310968,0.333333,0
192,2022-04-14,Basic,1,31.056319,0.500000,0
998,2022-02-16,Basic,0,-6.861486,0.166667,0
2196,2022-07-25,Standard,0,-59.155487,0.000000,0
2149,2020-12-07,Basic,0,-46.546955,0.000000,0
1576,2021-12-12,Premium,0,-24.493178,0.000000,0
2898,2024-08-08,Standard,0,-13.493464,0.500000,0
163,2021-01-05,Premium,0,-26.565674,0.166667,0
984,2020-08-20,Premium,1,48.026641,0.333333,0
280,2023-05-10,Basic,1,41.467477,0.333333,0
1519,2022-11-16,Standard,1,40.284485,0.333333,1
740,2022-02-17,Basic,0,-10.601395,0.500000,0
2064,2025-01-26,Basic,1,56.870252,0.666667,0
2985,2023-06-23,Premium,0,-33.879580,0.333333,0
1314,2021-09-28,Standard,0,-33.661646,0.333333,0
1277,2021-04-04,Premium,1,55.470934,0.000000,0
1649,2024-10-21,Premium,0,-27.217154,0.333333,0
595,2024-03-18,Standard,0,31.376645,0.000000,0
1351,2022-01-19,Premium,0,8.517255,0.500000,0
2156,2022-11-10,Basic,0,-3.348187,0.166667,0
2119,2020-10-07,Premium,0,30.342997,0.000000,0
1746,2025-02-25,Standard,0,-32.183144,1.000000,0
1533,2025-01-01,Standard,0,-9.130486,0.166667,1
1021,2023-02-19,Premium,0,47.074935,0.166667,0
1083,2024-08-30,Standard,0,-21.326356,0.333333,0
1940,2023-10-14,Premium,0,-57.401972,0.333333,0
2721,2024-05-25,Standard,0,-37.148202,0.000000,0
2255,2024-01-25,Basic,0,-27.368243,0.166667,0
605,2024-07-19,Premium,0,-53.281050,0.000000,0
1633,2022-07-22,Standard,0,-13.330363,0.500000,0
1402,2021-03-19,Basic,0,-24.190682,0.833333,0
956,2023-08-05,Premium,0,-48.378887,0.000000,1
2147,2023-12-25,Basic,0,45.619796,0.000000,0
1745,2024-02-20,Basic,0,-48.888120,0.500000,0
2188,2023-05-18,Standard,0,16.550977,0.333333,0
1155,2025-01-08,Premium,0,-4.864945,0.333333,0
1490,2023-05-18,Standard,1,37.730105,0.333333,2
2082,2022-12-28,Standard,0,3.968068,0.333333,1
1312,2023-11-23,Basic,0,-25.690560,0.166667,1
1653,2022-12-26,Standard,0,45.186700,0.166667,0
497,2021-03-08,Basic,0,-40.438981,0.333333,0
1180,2024-09-29,Premium,0,11.582946,0.166667,1
221,2021-03-11,Standard,0,35.495785,0.500000,0
2994,2021-09-29,Standard,0,-38.510157,0.333333,0
307,2024-08-02,Standard,0,-15.295495,0.333333,0
946,2020-11-22,Premium,0,-22.638893,0.500000,1
498,2023-10-01,Standard,0,-24.884699,0.166667,0
2847,2024-03-10,Basic,0,-15.781973,0.166667,0
1570,2023-02-14,Basic,0,-7.827593,0.000000,1
2936,2022-01-29,Premium,0,-18.488112,0.166667,0
1285,2020-06-18,Basic,0,53.573722,0.000000,1
317,2020-12-09,Premium,0,-32.372913,0.833333,3
2302,2020-01-17,Basic,1,63.737467,0.333333,0
2516,2021-10-04,Basic,0,36.503445,0.166667,0
699,2022-06-19,Basic,0,-13.528244,0.166667,0
1891,2024-04-12,Standard,0,-39.616911,0.333333,0
2448,2022-02-15,Standard,1,99.786138,0.333333,0
2092,2020-06-16,Premium,0,-19.713545,0.500000,0
2321,2024-10-15,Premium,0,22.249679,0.333333,0
2813,2022-01-15,Premium,0,34.986507,0.166667,0
2409,2023-10-25,Basic,1,31.910610,1.000000,0
2924,2021-11-08,Premium,1,71.437462,0.333333,0
962,2024-08-20,Basic,1,61.491844,0.666667,1
2981,2024-11-04,Premium,0,29.444593,0.166667,0
2318,2021-03-24,Premium,0,20.789200,0.333333,0
1374,2022-10-17,Basic,0,-34.421835,0.500000,1
2148,2020-08-15,Basic,1,57.877951,0.500000,0
1676,2022-03-28,Basic,0,-44.735818,0.000000,0
2826,2022-08-02,Basic,0,-46.120066,0.166667,1
390,2023-03-18,Standard,1,50.662973,0.166667,0
1144,2025-03-27,Basic,0,-49.470369,0.166667,0
418,2023-03-04,Basic,0,20.915389,0.166667,0
727,2023-06-19,Standard,0,17.027414,0.500000,0
1163,2021-10-10,Basic,0,16.290397,0.000000,0
57,2022-08-17,Premium,1,37.540604,0.500000,0
488,2024-10-17,Premium,0,-18.174382,0.833333,0
795,2022-12-04,Basic,0,-8.971291,0.500000,0
1409,2024-05-06,Standard,0,-39.925953,0.500000,2
2963,2023-03-31,Standard,0,0.898041,0.500000,0
558,2024-10-17,Standard,0,27.776210,0.166667,0
39,2024-02-18,Premium,0,-23.011860,0.333333,1
2220,2020-03-01,Premium,1,26.137661,0.333333,1
1677,2021-04-11,Basic,0,0.560252,1.166667,0
2224,2021-11-19,Standard,0,-65.023429,0.500000,0
388,2024-04-25,Basic,0,-41.692342,0.166667,1
218,2023-10-01,Premium,0,-49.985798,0.666667,0
746,2022-05-08,Basic,1,48.035378,0.333333,0
1138,2021-05-25,Premium,0,26.512186,0.000000,0
1128,2022-12-17,Premium,0,-30.396747,0.666667,0
1687,2022-07-27,Premium,0,39.337780,0.333333,0
1963,2021-09-20,Premium,0,-56.678801,0.166667,1
2940,2022-02-15,Standard,0,-11.981171,0.333333,0
772,2021-03-18,Standard,0,-14.653086,0.166667,0
403,2023-05-09,Standard,0,36.272996,0.166667,0
2241,2022-01-15,Standard,1,54.300185,0.166667,1
346,2020-04-28,Basic,0,-47.684263,0.666667,0
1408,2023-04-17,Premium,0,-48.843420,0.000000,0
1953,2025-04-03,Standard,1,30.583694,0.000000,0
2553,2023-10-26,Premium,1,47.143404,0.166667,1
1834,2021-03-31,Standard,0,53.138083,0.166667,0
384,2023-08-08,Premium,0,-34.428499,0.666667,0
1685,2023-05-21,Basic,0,23.464664,0.333333,0
2374,2021-08-31,Standard,0,-39.755402,0.333333,1
639,2021-03-21,Premium,0,8.840132,0.666667,0
2243,2023-08-17,Standard,1,52.443583,0.333333,0
1562,2022-07-02,Standard,0,-75.146800,0.166667,1
1958,2022-09-03,Basic,0,-24.932678,0.166667,0
158,2021-09-18,Basic,0,1.308423,0.166667,1
2966,2024-09-21,Premium,0,-28.691893,0.666667,0
2140,2023-06-12,Basic,0,-39.246422,0.333333,1
2088,2021-08-30,Standard,0,12.894599,0.166667,0
726,2022-04-27,Basic,0,0.000000,0.666667,0
1444,2023-10-14,Standard,0,-56.089524,1.000000,0
2729,2024-10-02,Premium,0,-55.609121,0.500000,0
2110,2023-05-16,Premium,0,36.510371,1.000000,0
1437,2022-04-05,Standard,1,51.994986,0.333333,0
1012,2020-09-09,Premium,0,-72.336178,0.000000,0
554,2020-08-09,Premium,0,-49.123662,0.500000,0
1962,2024-11-21,Premium,0,54.993142,0.000000,0
1847,2023-05-26,Premium,0,-31.144971,0.333333,1
2352,2022-07-28,Premium,0,-21.913555,0.166667,0
1794,2022-09-27,Premium,0,-36.059471,0.333333,1
1496,2022-08-12,Standard,0,-51.828121,0.666667,1
1726,2021-10-29,Basic,0,-6.790778,0.666667,0
2672,2022-10-18,Basic,1,61.286715,0.000000,2
1728,2023-06-04,Standard,1,49.563937,0.666667,1
1346,2020-10-18,Standard,1,60.842922,0.500000,0
1936,2023-03-17,Premium,0,25.774795,0.333333,0
265,2021-01-29,Premium,0,54.177618,0.333333,0
2316,2022-10-28,Standard,0,-28.951226,0.500000,0
2162,2024-03-18,Premium,0,4.561689,0.333333,0
2253,2020-05-04,Standard,0,34.306939,0.333333,0
1494,2024-02-08,Standard,0,-26.327748,0.500000,0
1003,2021-01-16,Premium,0,25.768516,0.333333,0
2246,2024-11-03,Premium,0,-16.144514,0.166667,1
723,2024-04-27,Standard,0,24.726124,0.500000,0
2319,2020-09-13,Standard,0,-21.293636,0.333333,0
621,2023-08-19,Basic,0,-28.887424,0.500000,0
1686,2021-07-17,Premium,0,-44.724160,0.333333,1
2943,2020-04-05,Standard,0,-15.302048,0.166667,1
2365,2021-09-21,Premium,0,-44.693619,0.500000,0
1218,2021-01-08,Basic,1,52.659793,0.666667,0
1441,2024-05-01,Standard,0,-31.595042,0.833333,0
1877,2025-01-24,Premium,0,-6.773829,0.333333,0
1292,2024-07-16,Basic,0,-32.514849,0.666667,0
1175,2020-04-19,Basic,0,-33.075473,0.666667,1
313,2024-04-25,Premium,1,78.746501,0.333333,0
1626,2023-11-21,Standard,0,-11.074690,0.833333,1
578,2021-08-07,Premium,0,-58.811799,0.166667,2
931,2025-02-13,Standard,0,-28.819324,0.333333,0
356,2023-07-10,Basic,1,54.151752,0.166667,0
996,2023-05-17,Premium,0,-27.016015,0.500000,1
852,2022-11-13,Standard,0,0.473504,0.500000,0
1336,2020-04-05,Basic,1,42.560161,0.166667,1
1348,2025-04-08,Premium,0,-34.292592,0.333333,0
2837,2022-06-09,Basic,0,-28.652391,0.166667,0
93,2024-04-14,Premium,0,-6.232049,0.166667,0
2665,2022-07-19,Standard,0,-43.568388,0.833333,0
1202,2024-08-17,Premium,0,-30.664655,0.833333,0
2759,2022-11-22,Premium,0,-3.489590,0.000000,0
555,2022-06-24,Basic,1,38.956137,0.166667,0
2651,2022-03-23,Premium,0,45.752172,0.000000,0
184,2020-09-18,Premium,0,26.935134,0.166667,0
377,2023-04-08,Premium,1,40.982491,0.333333,0
1547,2021-12-21,Basic,0,-34.717788,0.833333,0
2881,2021-10-17,Premium,1,76.176756,0.333333,0
186,2023-08-25,Standard,0,-24.286945,0.333333,1
796,2021-11-29,Premium,0,-9.666401,0.333333,0
759,2021-02-02,Standard,1,48.795934,0.500000,0
2367,2021-04-01,Basic,1,33.212319,1.000000,1
1911,2021-08-28,Basic,1,60.624226,0.333333,0
1898,2024-06-01,Standard,0,-22.112419,0.166667,0
2161,2024-12-15,Basic,0,-16.572742,0.166667,0
607,2024-09-26,Premium,0,-7.597383,0.500000,1
2575,2021-09-03,Premium,0,26.334790,0.333333,0
737,2021-06-01,Basic,0,6.064680,0.333333,2
539,2020-03-19,Premium,0,-15.427982,0.166667,0
2107,2022-10-11,Basic,0,-22.702038,0.333333,0
745,2023-11-22,Premium,0,-5.447707,0.166667,0
91,2021-07-14,Standard,0,2.360034,0.666667,1
268,2020-01-01,Standard,0,-34.848201,0.000000,0
760,2023-07-02,Premium,0,-66.671174,0.166667,0
1013,2022-10-08,Premium,1,40.424115,0.666667,1
1375,2024-05-13,Premium,0,-80.327835,0.666667,0
1738,2024-08-06,Premium,0,-29.803148,0.333333,1
442,2024-08-18,Standard,0,21.894228,0.166667,1
1473,2022-12-07,Basic,1,35.356495,0.000000,0
655,2020-01-17,Standard,0,34.165877,0.500000,0
2668,2022-05-24,Premium,0,14.794126,0.166667,0
1420,2024-08-16,Basic,0,-49.866693,0.333333,1
659,2025-01-12,Premium,0,27.596543,0.000000,1
1472,2023-05-18,Basic,0,-9.123170,0.166667,0
2122,2023-06-05,Premium,0,0.538704,0.166667,0
2203,2022-07-21,Standard,0,0.097957,0.333333,0
718,2024-08-04,Premium,1,64.214451,0.333333,0
135,2023-08-15,Standard,0,-14.307491,0.333333,0
2666,2024-12-01,Premium,1,28.782818,0.166667,0
2655,2022-09-21,Premium,0,0.163734,0.500000,0
2621,2020-10-25,Basic,0,-31.376749,0.500000,0
738,2023-07-30,Premium,0,-35.008136,0.500000,0
1631,2022-04-22,Premium,0,-9.282067,0.000000,1
2305,2020-12-11,Standard,0,-23.659111,0.500000,0
1828,2024-10-18,Basic,0,-45.038397,0.166667,1
2229,2021-11-18,Standard,0,-41.290463,0.333333,0
1724,2021-07-25,Premium,0,56.229171,0.166667,1
779,2024-08-09,Premium,0,-44.291642,0.166667,0
2050,2020-07-12,Premium,0,-27.122595,0.666667,0
1615,2023-03-05,Premium,1,54.318558,0.166667,0
2657,2022-04-16,Premium,0,-6.346343,0.333333,0
1008,2021-04-09,Standard,1,45.018195,0.166667,0
1909,2023-06-25,Standard,0,-27.303043,0.333333,1
1910,2024-01-08,Premium,1,41.372977,0.500000,0
11,2021-07-14,Standard,0,0.252137,0.333333,1
2741,2024-04-30,Standard,0,-40.096511,0.500000,0
839,2020-08-02,Basic,0,15.706180,0.666667,1
547,2024-04-23,Basic,0,8.765492,0.666667,1
2237,2021-10-30,Premium,0,-41.511060,0.166667,0
157,2024-04-01,Premium,0,23.163067,0.333333,0
686,2022-11-30,Standard,1,31.663184,0.666667,1
1174,2025-03-29,Basic,1,15.112424,0.500000,1
1564,2021-02-20,Standard,1,57.905138,0.166667,1
2022,2025-04-23,Basic,0,0.000000,0.000000,0
1520,2023-10-21,Standard,0,-53.789073,0.500000,0
420,2020-01-28,Premium,0,-18.360440,0.166667,1
568,2020-08-01,Basic,0,9.946318,0.333333,0
2816,2024-08-22,Basic,0,5.256370,0.500000,0
1774,2021-02-19,Premium,0,-11.544559,0.166667,0
2639,2022-06-03,Premium,1,36.942069,0.166667,1
2097,2020-02-08,Standard,0,-10.299849,1.000000,0
1232,2024-03-08,Basic,1,55.113084,0.333333,0
46,2024-10-02,Standard,1,77.357022,0.000000,0
571,2025-01-21,Premium,0,-58.069799,0.166667,0
320,2024-09-04,Standard,0,-11.493755,0.500000,0
2726,2021-11-18,Premium,0,-29.576445,0.666667,1
18,2020-06-20,Standard,1,54.922767,0.666667,0
2086,2024-10-14,Standard,0,1.338633,0.166667,0
2535,2020-09-30,Basic,1,96.298478,0.166667,0
486,2022-11-03,Premium,0,-8.018192,0.166667,0
2667,2023-04-30,Premium,0,-8.073470,0.333333,0
2363,2024-03-14,Premium,0,-7.632740,0.833333,0
55,2021-10-24,Standard,0,-2.495479,0.333333,0
2173,2022-09-17,Premium,1,33.478369,0.333333,1
2414,2022-09-06,Basic,0,-33.121314,0.000000,0
960,2020-04-22,Basic,0,28.572729,0.166667,0
1113,2024-03-04,Premium,0,13.272055,0.500000,0
857,2023-11-28,Standard,0,-7.236701,0.666667,0
1559,2022-12-29,Basic,0,7.058029,0.166667,0
2028,2021-09-12,Basic,0,7.998350,0.500000,0
1579,2022-12-29,Premium,0,-6.085140,0.166667,0
2892,2024-10-28,Basic,0,-16.890909,0.333333,0
1761,2025-01-04,Standard,0,-29.302816,0.333333,0
1990,2024-10-29,Standard,0,-46.306116,0.500000,0
2779,2023-10-07,Premium,0,-42.887818,0.166667,1
1194,2024-06-21,Basic,0,-11.409043,0.500000,0
1421,2024-05-15,Basic,0,-81.586133,0.166667,0
934,2024-04-02,Standard,0,45.741572,0.333333,1
970,2025-02-07,Basic,0,-3.983348,0.333333,1
2185,2022-05-25,Basic,0,18.246159,0.333333,0
2114,2020-06-23,Standard,0,39.421328,0.333333,0
2434,2024-03-05,Basic,0,0.587855,0.166667,0
2753,2022-02-28,Standard,0,-21.001393,0.166667,1
2397,2021-09-29,Basic,0,-22.911941,0.833333,2
2845,2024-11-04,Premium,1,56.947466,0.333333,0
637,2022-12-06,Basic,0,-40.036291,0.666667,1
2192,2022-09-03,Premium,0,-21.168347,0.500000,0
1560,2020-10-06,Standard,0,-62.572354,0.500000,0
993,2020-06-11,Standard,0,-7.535440,0.166667,0
1060,2021-03-13,Standard,0,50.453844,0.166667,0
2607,2023-07-26,Premium,0,-37.551522,0.166667,0
1403,2020-09-03,Premium,0,-26.448282,0.166667,0
2036,2020-07-06,Premium,0,-36.938646,0.333333,0
2296,2020-03-29,Basic,1,66.004120,0.333333,0
1989,2021-02-26,Premium,0,2.455748,0.666667,0
1475,2024-12-27,Standard,0,-26.069383,0.166667,0
2811,2020-05-23,Basic,0,-24.022074,0.166667,0
1208,2022-02-21,Premium,1,72.189027,0.333333,1
1582,2021-10-13,Premium,0,-40.713428,0.333333,1
1238,2025-03-18,Standard,0,-70.904897,0.166667,1
1195,2022-01-25,Basic,1,46.988875,0.666667,0
1134,2024-05-23,Standard,0,35.927836,0.500000,0
1411,2020-09-15,Basic,0,-12.296062,0.500000,0
2182,2022-04-02,Standard,0,-2.479246,0.000000,1
2683,2024-05-11,Premium,0,-47.042304,0.500000,0
189,2022-06-05,Premium,0,17.001228,0.166667,0
695,2024-02-04,Standard,0,11.805586,0.166667,0
2800,2023-04-29,Basic,1,46.113254,0.500000,0
1530,2023-10-11,Basic,0,-15.320624,0.166667,0
23,2022-05-26,Premium,0,44.565139,0.333333,0
2299,2021-05-15,Standard,1,55.572874,0.000000,1
1153,2024-08-15,Standard,0,-32.704641,0.000000,0
1335,2024-02-29,Basic,0,66.068973,0.000000,1
1199,2020-10-06,Premium,0,13.795715,0.000000,0
1957,2025-02-07,Standard,0,-52.926357,0.333333,0
2676,2023-10-29,Standard,0,-25.485558,0.666667,0
83,2022-03-27,Premium,0,17.119451,0.500000,0
361,2022-03-31,Standard,0,-12.884648,0.333333,0
169,2022-08-03,Premium,0,-50.580656,0.500000,1
171,2021-08-07,Standard,0,22.187270,0.666667,0
2613,2025-03-15,Basic,0,-8.610717,0.333333,1
2216,2020-12-28,Premium,0,-35.891980,0.000000,0
236,2023-03-16,Premium,0,-39.870275,0.333333,1
262,2020-08-23,Standard,0,-23.444387,0.333333,0
925,2020-05-05,Standard,0,-3.217900,0.333333,0
2748,2024-12-17,Standard,0,46.583191,0.500000,0
1629,2023-09-14,Standard,1,41.954488,0.500000,0
196,2025-04-19,Basic,0,-52.229835,1.333333,0
747,2023-11-10,Basic,1,31.706001,0.666667,1
1638,2025-02-05,Standard,0,-64.350571,0.333333,0
584,2020-01-31,Premium,0,-15.106963,0.666667,1
822,2025-02-03,Basic,0,46.198771,0.333333,1
1433,2024-12-12,Basic,0,14.419946,0.333333,0
1146,2022-09-09,Premium,0,-28.092370,0.666667,0
1157,2023-12-06,Basic,0,-41.155602,0.333333,0
948,2020-02-11,Premium,1,41.582818,0.500000,0
1186,2022-12-19,Basic,0,-25.337897,0.666667,0
1239,2023-05-18,Basic,0,47.020604,0.333333,0
1507,2024-02-03,Standard,0,17.514717,0.333333,0
1385,2023-01-05,Premium,0,-6.771476,0.333333,0
2487,2023-11-24,Premium,0,4.937331,0.333333,0
1291,2021-01-17,Basic,0,8.390798,0.166667,0
2081,2024-03-25,Premium,0,-22.109330,0.333333,0
2038,2025-02-08,Basic,0,-6.303476,0.666667,1
2803,2022-12-14,Premium,1,68.638260,0.500000,0
2616,2023-10-06,Standard,0,-23.499055,0.166667,1
2792,2020-04-14,Standard,0,-25.219214,0.166667,1
2780,2023-07-24,Standard,0,-15.891138,0.500000,0
1986,2025-04-25,Basic,0,1.719719,1.000000,1
1158,2022-06-12,Premium,0,-9.543633,0.166667,1
890,2020-06-13,Basic,1,57.339332,0.333333,0
1149,2024-02-18,Standard,0,-10.590664,0.666667,1
2186,2020-10-17,Standard,0,23.625982,0.166667,0
490,2021-10-10,Premium,1,24.318959,0.333333,1
2937,2020-02-18,Premium,0,-9.308910,0.333333,1
2223,2022-01-02,Standard,0,-1.249352,0.166667,0
312,2023-04-29,Basic,0,-22.586046,0.833333,0
335,2020-11-07,Premium,0,12.067604,0.000000,0
1280,2020-11-17,Premium,0,-44.663886,0.000000,0
2874,2020-12-07,Standard,0,17.646773,0.166667,1
1150,2024-06-02,Basic,1,51.557090,0.333333,1
859,2022-06-18,Basic,0,-43.961686,0.166667,1
2957,2024-08-20,Basic,1,3.385088,0.333333,2
879,2021-07-10,Basic,1,40.730834,0.333333,0
25,2023-06-15,Basic,0,1.823226,0.500000,0
959,2021-07-30,Premium,0,-51.259719,0.333333,0
2939,2023-03-23,Standard,1,52.561132,0.333333,0
1136,2024-03-19,Basic,0,11.355549,0.500000,0
1799,2022-04-08,Basic,1,40.220161,0.333333,0
2654,2025-02-12,Standard,0,-45.436790,0.500000,0
1145,2021-11-23,Premium,0,-0.062006,0.166667,0
1616,2024-06-19,Basic,0,26.497974,0.000000,0
4,2022-07-31,Standard,0,-57.189652,0.166667,0
1709,2023-10-29,Basic,0,-38.477163,0.166667,0
253,2021-07-26,Basic,0,45.874255,0.166667,0
1268,2021-11-21,Premium,0,39.946682,0.333333,0
2394,2024-09-07,Premium,0,-28.001332,0.333333,0
64,2025-03-10,Premium,1,99.863440,0.166667,0
2236,2020-05-06,Basic,0,-29.263271,0.500000,0
494,2021-12-24,Premium,0,-2.667065,0.166667,0
2678,2024-04-21,Standard,0,-23.834354,0.000000,1
2084,2022-11-30,Basic,1,3.585703,0.666667,0
100,2022-08-26,Basic,0,30.406222,0.333333,1
645,2023-09-21,Premium,0,20.013410,0.166667,0
112,2024-04-21,Premium,1,30.535323,0.166667,1
2326,2025-03-06,Premium,0,53.147316,0.666667,0
254,2021-11-01,Standard,0,-4.293258,0.500000,0
2215,2020-02-17,Standard,0,-8.938162,0.500000,0
741,2024-08-14,Standard,1,68.107760,1.000000,1
2661,2020-09-03,Premium,1,45.315239,0.166667,1
1543,2022-02-06,Standard,0,-12.144662,0.166667,0
940,2022-02-12,Premium,0,-65.794706,0.500000,1
1102,2023-01-09,Basic,0,10.607817,0.166667,1
1594,2021-05-13,Premium,1,2.500917,0.833333,0
400,2021-12-16,Premium,0,-39.499935,0.833333,0
1181,2021-10-29,Basic,0,22.997373,0.166667,0
66,2022-11-27,Standard,0,-29.078228,0.666667,1
599,2023-07-03,Standard,0,-51.081967,0.166667,0
2520,2022-09-17,Premium,0,-25.931951,0.333333,0
2955,2022-06-08,Standard,1,40.526879,0.666667,0
2267,2022-12-08,Premium,0,-15.590992,0.166667,0
2037,2024-12-31,Basic,0,-36.309708,0.166667,0
1641,2021-12-20,Basic,0,28.312557,0.333333,1
243,2022-05-10,Premium,1,44.731618,0.833333,0
634,2024-09-11,Basic,0,-20.966333,0.000000,1
1023,2023-02-07,Basic,0,-52.959935,0.000000,0
1835,2023-01-24,Basic,1,54.625875,0.000000,2
43,2024-11-08,Standard,1,64.277016,0.000000,0
2488,2022-08-24,Premium,0,22.491738,0.166667,1
915,2021-12-29,Premium,0,-21.209737,0.333333,0
2567,2025-02-12,Standard,0,-26.653147,1.000000,1
963,2024-01-27,Premium,0,-31.316127,0.166667,0
1621,2022-09-12,Basic,0,37.754224,0.166667,0
909,2022-08-07,Standard,0,-29.132622,0.666667,2
777,2023-08-24,Basic,0,-40.073409,0.666667,0
2840,2023-02-11,Premium,0,-52.427099,0.500000,0
2686,2021-03-22,Premium,0,-41.604475,0.000000,0
2953,2022-04-04,Standard,0,-41.239446,0.666667,0
2303,2020-03-02,Basic,0,-28.112126,0.166667,0
1590,2021-01-02,Basic,0,-16.628968,0.333333,0
666,2020-06-14,Premium,1,74.257558,0.333333,0
2852,2024-09-09,Premium,0,26.420946,0.500000,0
1665,2022-12-19,Basic,0,-51.488824,0.666667,0
2513,2020-02-26,Premium,0,5.457568,0.000000,0
2627,2021-07-23,Basic,0,-24.608450,0.333333,0
1599,2023-11-01,Basic,0,-0.421783,0.000000,0
1630,2022-05-17,Premium,0,-8.831388,0.333333,0
2398,2024-03-06,Premium,0,19.774182,0.166667,0
1225,2023-10-29,Standard,0,-22.382948,0.000000,0
2542,2022-07-02,Basic,0,29.990003,0.166667,0
1965,2023-10-01,Standard,0,-49.637297,0.833333,0
2783,2022-07-21,Premium,0,37.515184,0.666667,0
134,2020-05-05,Premium,1,68.335622,0.166667,0
681,2022-05-05,Basic,0,-37.997996,0.000000,0
88,2024-11-03,Standard,0,-7.427938,0.166667,0
798,2020-09-02,Standard,0,-61.330768,0.500000,0
1733,2023-12-03,Basic,0,61.156107,0.500000,0
1438,2021-01-02,Basic,1,49.537946,0.166667,1
102,2021-03-09,Premium,0,-8.674457,0.333333,0
374,2023-12-01,Standard,0,-1.057060,0.166667,1
2990,2020-11-06,Premium,0,-0.281235,0.166667,0
2615,2020-08-03,Basic,1,43.073314,0.666667,0
2956,2020-04-05,Premium,0,-24.401280,0.000000,0
842,2020-05-19,Basic,0,26.568436,0.333333,1
1360,2021-10-29,Standard,0,53.212446,0.000000,0
209,2021-09-10,Premium,0,38.192246,0.166667,0
2404,2020-11-03,Premium,1,53.379643,0.166667,0
804,2023-06-25,Basic,0,43.545813,0.666667,0
2951,2020-03-17,Premium,0,-19.986271,0.500000,0
1031,2020-10-10,Standard,1,45.293337,0.333333,1
1779,2024-10-18,Basic,0,-27.105546,0.666667,0
479,2022-05-19,Standard,0,0.516006,0.166667,2
2335,2025-03-21,Standard,0,9.015045,0.333333,0
1273,2025-02-08,Basic,0,-38.702791,0.000000,0
2598,2023-05-12,Standard,0,-33.955360,0.166667,0
680,2024-11-16,Basic,0,-3.678189,0.666667,0
1670,2020-10-20,Basic,0,28.187239,0.000000,1
258,2021-09-02,Basic,0,-20.941794,0.333333,0
1690,2022-05-26,Standard,1,24.071374,0.833333,0
2325,2022-12-08,Premium,0,5.092615,0.000000,0
417,2022-09-05,Premium,0,-39.845071,0.000000,0
1523,2023-12-05,Standard,1,66.071020,0.500000,1
2640,2022-02-21,Standard,0,-16.189100,0.166667,1
950,2021-01-20,Standard,0,-56.167268,0.166667,0
685,2023-03-07,Premium,0,-17.917181,0.666667,0
309,2024-07-06,Standard,0,-5.677205,0.000000,0
183,2020-02-11,Premium,0,10.320818,0.666667,1
1219,2024-06-10,Standard,1,50.747884,0.333333,0
2740,2020-10-13,Standard,0,56.429549,0.333333,0
2320,2024-04-21,Premium,0,-34.310192,0.166667,0
1279,2022-09-04,Standard,0,-47.343939,0.333333,0
1772,2022-03-17,Basic,0,8.824352,0.166667,0
1959,2024-12-12,Standard,0,-38.664410,0.166667,0
2208,2021-04-22,Premium,0,33.406754,0.166667,0
2574,2022-10-06,Premium,0,-17.120514,0.166667,0
2842,2021-04-15,Standard,0,0.004353,0.166667,1
159,2020-03-06,Standard,0,-41.367939,0.666667,0
2298,2020-03-25,Standard,0,10.929182,0.333333,0
1838,2023-07-08,Basic,0,-35.895242,0.500000,0
2704,2022-02-09,Premium,0,63.613268,0.166667,0
569,2022-08-31,Standard,0,-6.140713,0.333333,1
1489,2022-04-11,Standard,0,4.262507,0.500000,0
1366,2022-05-15,Basic,0,3.291801,0.166667,0
2597,2021-05-14,Premium,0,-17.917760,0.666667,0
989,2022-09-15,Premium,0,0.592436,0.166667,0
438,2024-08-02,Standard,0,-49.494372,0.000000,0
1458,2021-02-26,Premium,0,-48.252070,0.333333,1
1446,2021-06-14,Basic,0,-19.806548,0.833333,0
1585,2020-02-28,Standard,0,-1.074568,0.333333,0
338,2022-03-10,Basic,0,-63.928259,0.166667,0
2151,2023-09-01,Premium,0,-7.389627,0.333333,0
566,2022-03-16,Premium,0,42.206508,0.500000,0
825,2024-11-20,Standard,0,-47.014911,0.333333,0
2439,2020-06-11,Standard,0,-10.897357,0.166667,0
2849,2022-04-07,Premium,0,3.249807,0.500000,1
35,2021-09-21,Basic,0,-29.905104,0.166667,0
2646,2023-01-04,Basic,0,30.547629,0.166667,1
1969,2023-04-25,Basic,0,-12.068821,0.333333,1
2945,2020-04-27,Standard,0,-39.743967,0.500000,1
923,2020-03-10,Basic,0,20.236906,0.500000,0
757,2024-12-04,Standard,0,-53.763067,0.166667,0
1846,2020-11-06,Standard,0,-52.041124,0.000000,0
2447,2025-02-17,Standard,0,-33.587275,0.333333,0
1606,2021-11-01,Premium,0,-54.375264,0.666667,0
1070,2025-03-11,Standard,0,27.985751,0.333333,0
1851,2021-03-02,Standard,1,40.951080,0.333333,1
2089,2021-08-17,Basic,0,-11.831437,0.833333,1
56,2021-12-08,Standard,1,32.934821,0.166667,1
1782,2023-09-19,Premium,0,4.200591,0.166667,1
2090,2024-11-05,Standard,0,-26.913611,0.333333,0
282,2020-04-27,Basic,0,19.979183,0.500000,0
1096,2025-03-16,Basic,1,-18.313798,0.500000,1
1311,2021-12-02,Standard,0,-9.778001,0.333333,2
225,2024-08-21,Basic,1,39.118717,0.666667,0
1780,2022-02-28,Standard,0,-6.462763,0.333333,0
2007,2023-11-03,Premium,0,-58.158561,0.166667,0
1701,2024-04-10,Premium,1,-13.756415,0.333333,2
2872,2020-01-02,Premium,1,41.679910,0.500000,0
389,2020-11-29,Standard,0,-36.806188,0.333333,0
292,2023-08-16,Premium,0,-48.221452,0.333333,1
1080,2020-05-22,Premium,0,24.408503,0.333333,0
1742,2020-03-17,Premium,0,-46.696497,0.000000,0
2663,2020-02-05,Standard,1,48.355811,0.333333,0
95,2020-05-25,Standard,0,-11.747318,0.500000,0
2864,2024-01-23,Basic,0,5.605410,0.666667,0
862,2025-02-20,Standard,0,-53.100302,0.500000,1
1029,2021-11-30,Basic,0,7.160083,0.500000,0
2596,2021-05-29,Standard,0,-44.810804,0.333333,0
316,2021-08-30,Basic,0,-30.538907,0.166667,1
2169,2024-08-13,Premium,0,18.095192,0.000000,0
1112,2025-02-22,Standard,1,47.946047,0.333333,2
1627,2021-12-01,Standard,0,44.661092,0.500000,0
1703,2023-08-26,Premium,0,31.549346,0.333333,1
719,2021-07-18,Premium,1,41.952294,0.500000,1
2312,2020-01-05,Premium,0,22.207733,0.000000,1
734,2022-08-05,Basic,1,41.739842,0.333333,2
2132,2024-03-04,Basic,0,-55.398787,0.333333,0
854,2020-06-06,Basic,0,-37.254920,0.166667,0
701,2024-05-31,Premium,0,-43.877349,0.166667,0
238,2023-03-10,Basic,0,-23.098955,0.500000,0
1865,2022-02-27,Basic,0,-9.329109,0.500000,1
653,2022-01-17,Premium,0,-13.352447,0.666667,0
736,2021-01-18,Standard,1,21.043853,0.333333,1
1184,2020-04-27,Standard,0,-29.086835,0.166667,1
2906,2021-03-12,Basic,0,-18.078761,1.000000,1
2480,2024-01-01,Standard,0,13.131244,0.666667,0
2893,2020-05-30,Basic,1,81.402845,0.000000,1
2579,2022-04-24,Standard,0,28.708909,0.666667,0
2910,2023-04-02,Premium,0,-0.398715,0.166667,1
2210,2024-03-02,Standard,1,-13.516111,1.500000,0
2417,2025-01-23,Standard,0,-61.689958,0.166667,2
273,2020-12-08,Premium,0,31.607438,0.333333,0
2469,2020-05-30,Basic,0,-43.190307,0.000000,0
51,2023-10-22,Standard,0,11.675279,0.666667,0
1480,2023-08-23,Standard,0,21.384642,0.000000,0
2650,2021-07-31,Basic,1,51.445946,0.333333,0
181,2024-09-16,Basic,0,-8.116709,0.500000,0
748,2021-03-25,Premium,0,-18.107054,0.000000,1
819,2022-05-10,Basic,0,-12.544784,0.000000,0
1205,2024-08-28,Standard,0,-37.198783,0.500000,0
2742,2025-02-07,Standard,0,-13.955071,0.000000,0
1647,2024-07-17,Basic,0,-35.675518,0.500000,0
1597,2022-12-16,Basic,1,50.130978,0.166667,0
1502,2020-06-08,Standard,0,-9.358571,0.166667,0
2012,2024-05-17,Premium,0,-33.766931,0.166667,0
1906,2022-12-21,Basic,1,54.740592,0.333333,0
485,2023-04-23,Standard,0,-6.839543,0.333333,0
1200,2022-06-04,Basic,1,71.980919,0.500000,0
563,2023-01-05,Standard,0,0.867310,0.500000,0
