patient_id,date_of_birth,gender,risk_of_chronic_disease
2139,1963-02-19,Other,0
1697,1964-11-02,Female,0
1243,2007-04-05,Other,1
1498,1961-05-06,Other,1
1187,1954-08-21,Female,0
716,1966-06-26,Female,1
2889,1966-05-18,Female,0
2885,1963-06-22,Male,0
2213,1971-08-28,Other,1
2710,1982-10-14,Male,1
1140,2004-05-11,Female,0
452,1946-10-12,Female,1
111,1985-06-04,Male,0
1020,1943-10-04,Female,0
1574,1984-09-13,Female,0
1719,1959-08-14,Other,0
1034,1967-10-25,Other,0
2055,1963-01-15,Other,0
1301,1940-02-21,Male,0
2624,1997-04-12,Female,0
2804,1954-07-19,Male,0
2967,1952-05-02,Female,1
1645,1998-02-25,Male,0
564,1935-02-17,Other,0
2258,1964-09-01,Other,0
255,1991-03-14,Male,0
573,1986-07-25,Female,0
806,1982-11-12,Other,0
619,1991-05-23,Male,0
2891,1997-07-21,Male,0
2183,1937-07-07,Female,0
2290,1940-03-31,Other,0
2810,1962-10-17,Male,1
861,1949-10-16,Female,0
1356,1937-10-20,Male,1
2212,1999-12-25,Other,0
506,1966-07-28,Male,0
2932,1970-08-21,Female,0
2617,2001-12-30,Other,0
284,1975-01-21,Male,0
1267,1955-07-24,Male,0
1679,2006-11-04,Female,0
336,1970-01-22,Male,0
2078,1954-09-17,Female,0
1942,1985-10-11,Female,1
2623,1953-06-23,Other,0
2458,1963-02-15,Female,0
581,1998-05-05,Male,1
2796,1967-10-31,Other,0
1674,1935-05-14,Female,0
2073,1974-09-04,Female,0
1378,1960-09-21,Other,1
74,1990-09-15,Male,1
1773,1941-09-16,Other,0
1525,1974-12-19,Male,0
2342,1982-09-24,Female,0
212,1997-02-28,Male,0
1453,1982-12-22,Other,1
207,1961-08-21,Male,0
1955,1955-05-20,Male,1
1536,2004-12-15,Female,0
2376,1962-12-19,Male,0
22,1984-09-04,Other,1
1661,1938-06-26,Male,0
979,2005-05-29,Female,0
480,1936-04-11,Other,1
2281,1955-09-14,Male,0
876,1968-10-08,Male,0
1019,1950-10-10,Male,0
2159,1993-07-30,Male,0
1474,1968-12-05,Female,0
239,1979-03-15,Male,0
1095,1954-12-16,Male,0
264,1978-05-20,Female,0
1129,1964-03-09,Female,1
790,1958-04-25,Other,0
2474,1984-04-24,Female,0
2276,1976-12-14,Other,0
2184,2000-03-12,Other,0
2268,1954-07-03,Male,1
531,1979-09-04,Other,0
1025,1946-10-26,Male,0
2698,1954-10-06,Other,0
1260,1952-04-14,Male,0
1425,1934-07-04,Female,0
1307,1956-06-30,Other,0
700,1952-05-11,Female,1
1361,1940-02-23,Other,0
386,1940-04-03,Female,1
2355,1964-12-30,Other,0
2369,1976-11-16,Other,1
1117,1956-01-12,Other,0
1373,1983-11-04,Male,0
40,1954-06-03,Other,0
208,1935-05-21,Male,1
1426,1975-01-06,Male,0
79,1979-06-18,Other,0
1914,1955-11-12,Other,0
2909,2002-01-22,Male,1
1941,1938-05-03,Female,1
2594,1939-03-25,Male,0
222,1967-03-19,Male,0
813,1949-11-04,Other,1
1269,1939-11-21,Other,0
1058,1998-04-21,Female,0
308,1978-08-26,Other,1
1987,1954-11-09,Male,0
85,1948-03-03,Female,1
2544,1997-02-15,Male,0
2311,1983-06-22,Other,0
2152,1973-08-03,Other,1
2968,1980-09-05,Female,1
567,1986-01-31,Female,1
1651,1936-03-30,Female,1
2894,1969-02-03,Male,0
2418,1948-08-07,Female,0
1604,1965-02-26,Female,0
751,1974-10-23,Male,0
802,2000-04-21,Female,0
1030,1981-02-10,Other,0
618,2000-05-29,Female,1
2771,1963-01-09,Female,0
453,1985-11-26,Male,0
870,1984-12-11,Other,1
206,1980-08-23,Other,0
2200,1995-05-09,Other,0
1250,1961-07-21,Male,0
1293,1969-05-03,Female,0
1295,1946-03-16,Other,0
203,1960-12-06,Male,0
662,1996-11-07,Female,0
1717,1989-03-24,Female,0
381,1945-08-22,Male,0
2832,1944-04-20,Male,0
1278,1945-05-27,Female,0
1027,1945-04-06,Other,1
2693,1990-04-08,Female,0
1654,1954-09-14,Female,0
1968,1955-03-15,Female,0
2895,1973-04-14,Male,0
2221,1988-12-14,Female,0
349,1974-06-24,Male,0
2225,1989-10-13,Male,0
2608,1984-03-25,Female,0
991,1944-04-13,Male,0
922,1996-03-17,Other,0
2181,1991-02-03,Female,1
1087,1981-08-22,Other,0
2360,1934-12-29,Other,1
670,1981-05-02,Male,0
1210,2004-06-04,Other,0
202,1937-10-31,Other,0
1994,1960-09-15,Other,0
2402,1946-09-03,Female,0
1609,1997-07-09,Male,0
1993,1972-05-06,Male,0
912,2003-01-17,Male,0
2270,1949-08-24,Female,0
1671,1976-06-09,Male,0
2113,1960-07-11,Male,1
2568,1984-09-02,Female,0
1823,1939-01-08,Female,0
318,1952-06-30,Other,0
1882,1982-09-22,Other,0
896,1938-10-26,Female,0
939,1951-04-27,Male,0
1979,1982-06-21,Other,0
1304,1988-08-11,Male,0
774,2003-11-06,Male,0
1492,1991-05-18,Other,0
2451,1946-04-03,Male,0
117,1946-10-03,Other,0
2368,2002-01-25,Other,0
2327,1945-02-05,Other,0
2128,1959-03-08,Female,0
1732,1969-07-26,Female,0
220,1979-12-06,Female,1
1347,1968-07-05,Female,0
2370,1980-02-18,Male,0
693,1944-11-30,Male,0
2277,1991-06-20,Female,0
947,1952-02-07,Other,0
2511,1935-01-22,Other,0
1284,2004-05-15,Male,0
1508,1954-04-24,Female,1
706,1990-04-03,Female,0
865,1998-05-04,Other,0
2998,1974-05-21,Male,1
1777,1959-12-01,Other,0
1457,1938-04-12,Male,0
1840,1956-03-20,Other,0
2423,1943-05-01,Male,0
383,1963-02-22,Female,1
2125,1994-12-24,Female,0
433,1964-11-10,Female,0
2144,1941-06-03,Male,0
44,1989-07-21,Male,1
787,1980-04-15,Female,0
2359,1992-03-20,Other,1
2921,2005-09-12,Female,0
733,1984-02-17,Male,0
1841,1983-08-24,Other,0
1900,1996-12-04,Other,0
1826,1935-06-22,Female,0
2066,1936-01-20,Other,0
562,1986-08-02,Male,0
2197,1953-10-09,Male,0
2251,1952-05-25,Male,0
1946,1970-09-23,Male,1
1855,1982-03-19,Female,0
50,1941-10-06,Other,1
1206,1980-05-12,Male,0
1079,1967-03-15,Female,0
754,1939-04-16,Other,0
34,1992-08-27,Other,0
1915,2003-06-30,Female,0
1382,1978-03-15,Female,1
2823,1999-01-10,Male,0
866,1984-01-14,Male,0
213,1978-02-22,Female,0
2928,1972-03-12,Male,0
404,1972-08-12,Female,0
2121,1976-05-02,Male,0
2733,1941-08-05,Male,1
63,1990-01-22,Female,0
113,1945-03-08,Other,0
463,1951-10-09,Female,1
1933,1981-08-18,Other,1
1235,1962-09-24,Other,0
2508,1934-09-10,Female,0
836,1996-10-30,Male,1
405,1982-09-17,Other,0
108,1960-12-07,Male,0
1866,1998-08-29,Female,0
2198,1980-11-23,Female,0
910,1985-06-24,Other,0
2660,1951-05-02,Male,0
123,1994-06-09,Other,0
1639,1943-08-10,Male,0
503,1996-06-21,Male,0
1754,1968-06-02,Male,0
2929,1940-02-17,Male,0
2209,1947-09-18,Male,0
246,1950-11-24,Male,0
771,1984-09-10,Other,0
2207,1975-07-22,Other,0
1075,1950-08-15,Male,1
1104,1954-09-15,Male,0
1462,1946-01-31,Other,0
1423,1986-09-26,Female,0
2228,1951-01-19,Male,0
2381,2000-07-07,Male,0
1707,2001-02-10,Male,1
1662,2002-07-22,Other,0
31,1999-09-30,Other,0
2154,2002-07-28,Other,0
1390,1969-02-07,Female,0
332,2001-01-27,Female,0
138,1964-05-20,Male,0
2566,1951-08-04,Other,0
1167,2005-01-18,Male,0
1333,1986-07-23,Other,0
1318,1994-11-22,Other,0
482,1946-08-19,Other,0
1370,2003-05-09,Female,0
522,1975-02-18,Male,1
2206,1948-03-04,Other,1
997,1992-11-07,Other,0
2026,2002-10-14,Other,0
1161,1978-04-13,Male,0
1813,1962-07-14,Male,0
511,1974-01-28,Female,0
1045,1982-08-21,Other,1
1024,1987-08-09,Female,0
302,1974-06-18,Other,0
1723,1957-07-19,Female,0
1272,1980-11-15,Other,0
821,1999-01-27,Male,0
1978,1986-08-06,Male,0
2997,1955-05-13,Male,0
526,1971-08-15,Male,0
2933,1938-12-24,Male,0
2068,1942-12-27,Male,0
2344,2003-08-07,Male,1
622,1934-11-10,Male,0
1204,1975-05-25,Male,1
341,2000-02-21,Other,1
1786,1981-02-12,Male,0
1793,1984-02-21,Other,0
2163,1958-11-02,Male,1
1592,1969-04-26,Male,0
2805,1979-03-27,Other,0
2476,1947-12-14,Other,0
632,1951-09-22,Male,1
2291,1962-04-30,Female,0
585,1952-11-14,Male,0
674,1998-01-19,Other,0
2403,1953-07-08,Male,0
2191,1958-12-15,Male,0
1299,1966-12-11,Female,0
2021,1977-11-09,Female,1
1154,1999-08-18,Other,1
1668,1971-07-29,Male,0
270,1991-06-24,Other,1
2527,1935-01-06,Male,0
968,1997-03-08,Other,0
691,1967-04-09,Male,0
2972,2006-07-21,Male,0
966,1939-09-16,Female,0
1750,1944-05-03,Female,1
2242,1962-06-18,Female,0
2738,1968-04-22,Other,1
2214,1952-09-10,Female,0
1816,1959-01-20,Female,0
2056,1942-09-10,Male,1
527,2006-03-19,Other,0
1183,1974-07-15,Male,0
994,1963-05-15,Female,1
2031,1960-11-10,Female,0
2865,1987-08-10,Other,0
2058,1999-10-21,Male,0
783,1997-07-21,Female,0
1526,1943-02-15,Other,0
29,1952-03-11,Male,0
2603,1991-08-19,Female,0
502,1950-10-19,Female,0
2908,1975-09-28,Male,1
2019,1938-08-06,Other,1
315,1962-08-05,Male,1
1764,1944-11-23,Female,1
355,2000-07-16,Male,0
2111,2003-02-20,Male,0
1550,1996-03-24,Male,0
999,1949-12-15,Other,1
698,1983-11-18,Female,0
290,1957-08-18,Male,0
1216,1975-12-08,Other,0
299,1973-02-19,Male,0
1182,1971-04-27,Other,0
1392,2000-12-03,Other,1
1895,1966-05-26,Other,0
1317,1953-06-18,Other,1
609,1943-05-26,Other,1
613,1975-09-06,Female,0
1090,1937-08-04,Male,0
1263,1938-05-02,Other,0
1571,1950-06-25,Female,1
1334,1973-01-19,Female,0
2911,1984-01-04,Female,0
2106,1976-04-02,Other,0
2590,1960-08-17,Other,0
588,1971-09-25,Other,1
1787,1969-09-19,Male,0
427,1996-10-01,Other,1
2563,1938-12-10,Male,0
1055,1987-10-21,Female,0
972,1971-04-01,Male,0
888,1937-01-01,Female,0
874,1984-04-21,Other,0
2231,1975-11-03,Female,1
1513,1955-01-02,Other,0
2648,1984-08-06,Other,0
1538,2002-05-08,Other,0
1107,1987-04-23,Female,0
323,1940-05-09,Male,1
1261,1961-10-11,Other,0
1657,1961-11-16,Female,1
834,1993-02-03,Male,0
1294,1948-06-01,Other,0
49,1968-08-13,Male,1
145,1954-02-08,Other,0
2331,1959-01-01,Female,0
2385,1993-02-02,Other,0
247,1975-03-06,Female,0
1442,1949-12-02,Male,0
2016,1992-10-04,Female,0
1655,1978-09-08,Female,0
1734,1971-07-02,Other,0
2499,1959-03-30,Other,1
1063,1961-12-30,Female,0
1240,1953-06-06,Other,0
2799,1991-10-20,Other,0
665,1940-08-06,Female,0
1700,1971-02-02,Other,0
873,1986-11-17,Male,0
776,1937-12-02,Female,0
853,1955-12-25,Female,0
1486,1969-03-24,Male,0
803,1966-06-05,Other,0
943,1938-11-09,Female,0
2595,1980-06-20,Other,0
1556,1978-08-19,Female,0
293,1995-03-23,Female,0
2767,2000-08-26,Other,0
810,1967-08-20,Female,0
1455,1942-10-20,Other,0
2051,1969-03-07,Other,1
513,1978-03-30,Female,0
2393,1974-03-27,Other,0
1984,2000-07-25,Female,0
1810,1987-12-26,Male,0
360,1997-08-27,Female,1
538,1968-03-10,Male,0
2692,1983-11-26,Male,0
2713,1967-04-06,Other,0
1613,1990-06-01,Other,0
933,1936-03-23,Male,1
1646,1974-05-19,Male,0
1551,1973-08-13,Female,0
1991,1981-04-13,Male,0
1371,1976-04-03,Male,0
980,1941-11-30,Female,0
1339,1964-09-10,Male,0
1581,1965-05-25,Male,0
878,1934-06-23,Female,0
711,1970-08-18,Male,0
2673,2001-05-26,Other,0
48,1943-04-30,Other,0
1939,2001-03-24,Other,1
402,1965-10-22,Female,0
1666,1960-03-07,Male,0
1973,1952-07-21,Male,0
408,1940-07-30,Female,0
2787,1986-01-01,Male,0
2035,1982-01-09,Other,0
125,2002-02-26,Female,0
1084,2006-09-21,Male,0
1934,1976-07-05,Female,0
529,1939-07-21,Male,0
815,1986-12-09,Male,0
643,1971-02-01,Other,0
1051,1967-05-19,Female,0
601,2000-02-21,Other,0
148,1971-04-09,Male,1
510,1989-10-21,Female,0
1193,1962-08-22,Other,0
1807,1961-11-08,Female,0
2899,1942-02-21,Male,0
359,1981-09-18,Female,0
1214,1957-02-27,Male,1
2509,1963-06-15,Other,0
1065,1935-07-23,Female,0
2177,1954-10-03,Female,0
1276,1939-06-26,Other,0
2592,1967-03-10,Female,1
2120,1979-12-19,Male,0
2788,1986-08-07,Male,0
2308,1947-09-18,Female,0
139,1948-04-12,Male,0
128,2004-08-13,Female,0
2766,1981-10-05,Female,0
1168,1969-09-23,Female,0
2702,1973-10-10,Other,1
2506,1958-12-14,Female,0
294,1949-05-10,Female,0
228,2001-03-13,Female,0
1126,1967-04-11,Female,1
1207,1947-01-20,Female,1
2524,1989-05-22,Male,0
1440,1961-02-27,Male,0
1974,1980-03-03,Male,0
2877,1969-08-26,Male,0
2054,1942-11-07,Male,0
441,1934-08-19,Other,0
179,1985-09-13,Female,1
1524,1995-10-21,Female,0
2946,1961-12-30,Other,0
1961,1980-09-17,Other,0
1829,1950-02-17,Female,0
1349,1996-05-02,Other,0
2020,1969-05-15,Other,1
1503,1994-04-04,Male,0
900,1948-02-02,Other,0
33,2000-07-09,Other,1
2462,2000-10-25,Other,0
466,1953-09-07,Male,0
1427,1993-01-02,Male,0
2807,1957-11-20,Other,0
610,1982-08-30,Male,1
1566,1966-07-29,Male,0
472,1995-04-17,Female,1
2504,1958-10-18,Male,0
2286,1941-06-29,Male,0
325,1982-02-16,Male,1
168,1997-08-21,Female,1
1605,1962-04-02,Female,1
449,1991-12-06,Female,0
1889,1976-03-22,Female,0
589,1953-03-05,Male,0
807,1984-11-09,Other,1
2244,2004-10-11,Other,0
2730,1976-09-02,Other,0
193,1971-02-15,Other,0
1099,1974-07-19,Female,0
75,1938-06-01,Female,0
2430,1980-05-01,Female,0
436,1990-06-24,Male,0
394,1978-12-30,Male,1
576,1982-10-16,Male,0
1950,1950-05-01,Female,0
903,1942-01-05,Male,1
1266,1997-11-09,Other,0
1231,1987-05-22,Female,0
1241,1984-02-02,Male,0
2482,1955-01-08,Male,0
1355,2003-03-31,Other,1
2264,1941-03-27,Other,0
69,1977-08-06,Other,0
1792,1979-08-14,Female,0
363,1970-06-19,Male,0
1573,1997-07-14,Other,0
13,1974-08-28,Male,0
1890,1964-03-12,Female,1
426,1950-01-17,Female,0
1337,1934-08-23,Female,0
2199,1989-04-09,Other,0
1325,1989-03-13,Male,0
1881,1978-09-17,Female,0
235,1987-11-07,Other,0
1996,1971-03-28,Other,0
382,1978-07-04,Other,0
2189,2006-07-02,Male,0
1918,1957-01-08,Other,1
1217,2000-06-12,Male,0
504,1954-10-30,Other,0
2993,1941-09-19,Male,0
631,1997-05-30,Male,0
291,1936-01-06,Male,0
1320,1938-01-08,Female,0
160,2004-05-17,Male,0
2707,1991-05-05,Other,0
2717,1974-11-05,Other,0
2723,1987-12-02,Male,0
1209,1956-02-02,Female,0
1718,1948-07-06,Other,1
350,1990-03-07,Female,0
443,1991-07-07,Female,0
1561,1939-07-17,Female,0
231,1973-08-10,Male,0
2005,1970-09-05,Male,0
2108,1973-04-21,Male,0
1680,1971-06-03,Other,0
1695,1964-12-21,Other,0
2554,1969-03-07,Other,0
2364,1934-07-05,Other,0
977,1999-08-16,Female,0
2306,1944-04-02,Female,1
2983,1948-07-22,Female,0
1659,1983-05-02,Other,0
530,1997-01-10,Other,1
2765,1939-08-09,Female,0
1358,1997-01-20,Male,0
949,1946-12-15,Other,0
2982,1938-09-23,Female,0
1929,2002-03-19,Male,0
1290,1943-01-06,Female,0
2814,1935-01-29,Male,0
406,1973-12-24,Female,0
840,1970-11-28,Other,1
2174,1979-08-15,Female,1
1917,1979-09-23,Male,0
2614,1992-04-21,Other,0
1802,1945-03-03,Female,0
1785,1987-09-15,Female,0
1497,1940-12-15,Other,1
1790,1976-01-07,Male,0
215,1945-01-28,Female,0
2571,1938-08-05,Female,0
500,1962-03-14,Other,0
1022,1981-10-26,Male,0
24,1956-02-08,Female,1
1062,2004-08-18,Male,1
210,1975-02-15,Other,1
1072,1980-03-02,Female,1
1482,1968-09-20,Other,0
1755,1942-08-20,Other,0
1583,1979-03-31,Female,0
188,1999-06-22,Female,0
2479,1937-01-14,Other,0
2293,1941-12-20,Female,0
2136,1949-07-10,Female,0
2776,1972-11-06,Female,0
98,1949-05-28,Male,0
2218,1951-07-20,Other,0
1327,1985-10-28,Female,0
2659,1977-11-07,Other,0
708,1947-02-27,Male,1
1468,1951-02-02,Other,0
2400,1962-03-20,Female,0
2701,1944-01-27,Female,0
978,1964-05-15,Other,0
1089,1999-01-08,Male,0
2341,1957-05-27,Other,0
2560,1950-11-14,Male,0
2532,1995-01-09,Female,0
454,1949-04-21,Female,1
2720,1998-10-09,Male,1
2475,1939-10-11,Female,0
2977,1993-03-09,Female,0
1860,1978-04-23,Male,1
2079,1958-08-28,Other,0
627,1973-11-24,Female,1
2839,1986-09-06,Other,0
30,1934-06-26,Male,1
32,1964-12-23,Other,0
710,2000-12-21,Male,0
1567,1958-06-30,Female,0
1539,1990-12-15,Male,0
1634,1973-04-05,Male,0
2578,1981-02-28,Other,0
1147,2000-09-22,Female,1
785,1984-10-16,Male,0
830,1953-09-09,Female,0
577,1949-01-28,Other,0
2547,1955-11-02,Female,0
2440,1985-09-01,Female,0
1340,1936-07-11,Female,0
615,1971-05-29,Other,0
2501,1995-06-05,Other,0
906,1961-05-17,Female,0
1730,1944-10-28,Other,0
2426,1982-07-27,Other,0
1071,1986-02-27,Other,0
1832,1968-12-03,Male,0
1923,1980-10-27,Male,0
368,1969-06-16,Female,0
705,1975-06-27,Other,0
431,1971-05-14,Female,1
1016,1986-04-27,Female,0
2041,1937-12-18,Other,0
2431,1999-09-17,Male,0
2557,1935-07-27,Female,0
419,1968-06-15,Male,0
1064,1974-11-09,Other,0
2555,1985-12-19,Other,0
1056,1958-05-11,Other,0
1324,1986-11-13,Female,0
1848,2000-04-17,Other,0
1069,1949-11-18,Female,0
2083,1958-04-01,Female,0
1601,1989-04-26,Female,0
2696,1954-06-15,Female,1
1856,1978-04-21,Other,0
1097,1942-02-23,Other,0
663,2004-01-11,Other,0
2460,1955-05-07,Male,0
2539,1982-05-16,Male,0
2642,1942-10-07,Other,0
428,1957-01-26,Other,0
133,1960-08-21,Male,0
1465,1977-11-05,Female,0
2525,1978-11-04,Male,0
165,1955-09-01,Female,0
2756,2006-08-25,Female,0
1452,2001-01-07,Female,0
1338,1970-05-31,Male,0
932,1944-04-10,Male,1
860,1991-06-16,Other,0
2074,1962-08-16,Other,0
717,1995-05-07,Other,0
668,1948-07-01,Female,0
2907,2003-09-20,Female,1
2001,2006-12-20,Other,0
2351,1970-04-07,Male,1
1884,1982-02-11,Male,0
1684,1983-08-08,Other,0
2962,1936-12-07,Other,0
2674,1984-11-03,Female,0
2129,1991-01-23,Other,0
2217,1947-11-23,Female,0
1908,2001-06-23,Male,0
233,1940-03-28,Male,1
109,1971-09-29,Female,0
366,2006-10-12,Female,0
261,1942-11-12,Female,0
688,1963-07-23,Female,0
1164,1999-11-08,Male,0
1568,1945-02-09,Other,0
140,1960-06-14,Female,0
638,1938-12-23,Female,0
1173,1947-09-01,Female,0
766,1965-02-26,Male,0
1367,1999-12-30,Female,0
671,1978-09-26,Male,0
1395,1995-10-13,Other,0
1309,1975-02-06,Female,0
2003,1965-01-10,Female,0
957,1938-11-10,Other,0
2309,1992-01-13,Female,0
1879,1990-07-21,Male,0
1201,2006-03-02,Other,0
1699,1997-02-15,Female,0
885,1965-01-11,Other,0
692,1962-03-03,Other,0
1751,1989-03-08,Other,1
2897,1984-09-11,Other,0
1903,1990-12-20,Other,0
2230,2006-02-03,Male,0
1271,1976-08-08,Male,1
256,1996-02-15,Other,0
2165,1963-02-07,Male,0
1353,1976-01-02,Female,0
546,1977-01-12,Female,0
2384,1957-04-06,Other,0
154,1992-02-08,Male,0
20,1980-11-15,Female,1
1245,1953-08-05,Other,0
412,1988-02-20,Male,0
348,1992-06-28,Female,0
1485,1952-01-14,Male,0
468,1978-03-29,Female,1
2049,1974-04-27,Male,0
2782,1962-10-03,Other,0
358,1974-08-30,Male,0
1516,1990-06-22,Other,0
2570,1944-12-02,Male,0
2024,2004-06-22,Male,0
1947,1968-03-07,Other,1
1302,1958-05-12,Other,0
553,1979-08-27,Female,1
1808,1989-03-01,Female,0
1945,1977-09-01,Other,0
892,2003-08-22,Male,0
928,2006-04-17,Male,0
1715,1975-07-03,Other,0
122,1962-02-08,Female,1
2455,2002-08-06,Female,0
2265,2005-09-23,Female,0
792,1995-04-05,Other,0
2150,1947-11-11,Male,0
303,1962-08-01,Male,0
1692,1943-07-31,Other,0
1017,1990-12-19,Other,1
1937,1937-12-20,Other,0
1122,1972-05-09,Female,0
1198,1990-12-20,Male,0
2180,1960-12-07,Other,0
714,1971-10-12,Female,0
1405,1997-04-18,Male,0
1842,1953-01-07,Male,1
2387,1950-01-10,Female,0
1316,1937-03-30,Other,0
1086,1999-07-18,Female,0
1132,1947-04-26,Male,0
2927,1978-12-19,Male,0
1944,1969-05-12,Male,0
1081,1950-05-22,Other,0
1854,1977-02-10,Other,0
1588,2003-11-07,Other,0
38,1940-09-04,Male,0
2138,1966-10-09,Other,0
2356,1977-03-14,Other,0
2580,1965-04-14,Male,0
1377,2005-08-21,Other,0
37,1975-06-10,Other,0
867,1963-06-08,Other,0
2496,1962-10-17,Male,0
1982,1975-07-14,Female,0
2324,1963-03-11,Male,1
2432,1959-04-29,Male,0
2379,1957-02-16,Other,0
1057,1990-09-15,Other,1
2093,1993-02-23,Male,0
1495,1934-10-21,Female,0
1237,1963-04-21,Female,1
2900,1976-07-10,Other,0
2337,1959-11-26,Male,0
1014,1990-03-24,Other,0
103,1948-12-11,Female,0
2576,2004-06-03,Other,0
289,1958-11-05,Female,0
1756,1968-10-30,Male,1
2234,1987-05-22,Other,0
1614,1936-09-30,Female,0
1422,1990-11-09,Other,1
2500,1942-01-20,Other,0
2254,1934-08-22,Male,0
1119,1943-09-18,Female,1
2075,1995-03-31,Other,0
1171,1958-09-26,Male,0
2922,1946-04-06,Female,0
2757,1997-04-19,Male,0
21,1977-09-18,Other,1
1054,2000-04-23,Other,0
1504,1984-04-08,Other,0
2790,1943-11-28,Male,1
914,1943-03-16,Female,0
544,2001-10-03,Male,0
2406,1992-12-09,Other,0
151,1996-10-27,Other,0
2445,1978-04-17,Other,1
2375,1934-07-27,Female,0
1505,1936-04-10,Female,0
2322,1998-10-15,Other,0
817,1958-12-31,Female,1
1226,1943-11-20,Male,1
2102,1985-03-08,Other,0
2629,1945-04-14,Other,1
2245,1944-12-11,Female,0
2099,1992-01-05,Other,0
36,1958-09-08,Female,0
1517,1936-02-27,Male,0
1729,1989-04-18,Female,1
392,1973-09-13,Male,0
2457,1941-01-20,Female,0
1148,1945-10-10,Female,0
2952,1977-10-15,Female,0
2854,1972-04-25,Other,0
2323,1982-01-24,Male,0
891,1989-11-29,Male,1
636,1954-08-20,Female,1
1228,1966-06-27,Other,0
226,1979-10-16,Male,0
684,1993-10-13,Other,0
1872,1993-05-21,Male,1
1256,1948-06-10,Female,0
460,1987-07-15,Male,0
676,1946-04-14,Other,0
378,1976-01-06,Female,0
214,1976-10-08,Female,0
831,1973-05-10,Female,0
829,1955-03-14,Male,0
955,2000-07-03,Female,0
1518,1992-06-30,Male,1
2420,1996-06-19,Other,1
1169,1955-10-28,Female,0
2017,1989-06-13,Female,0
1,2004-06-07,Other,1
276,1991-08-28,Other,0
1767,1949-08-30,Other,0
1852,2002-11-21,Female,0
679,1968-07-04,Male,0
416,1936-09-12,Other,0
1357,1975-09-21,Female,0
2015,1992-12-04,Female,0
2846,1939-01-17,Female,0
2295,1975-07-05,Other,0
2778,1987-03-31,Other,0
1675,1963-04-16,Female,0
1869,1971-04-27,Female,0
808,2003-09-19,Female,0
2275,1962-11-21,Other,0
476,1988-10-29,Female,0
104,1944-02-02,Female,0
1103,1957-11-27,Male,0
1332,1976-05-13,Female,0
791,1968-02-13,Other,1
743,2003-03-11,Male,0
2433,1970-07-01,Female,0
1584,1958-03-20,Male,0
489,1951-12-15,Male,0
2357,1987-05-24,Male,0
881,1985-02-26,Other,1
2179,1993-10-29,Male,1
2239,1968-05-08,Other,0
559,1972-12-18,Male,0
1484,1972-04-19,Male,0
593,1951-04-09,Male,0
2104,2002-04-19,Other,1
1254,1936-10-14,Male,1
2859,1984-12-07,Other,1
2287,1947-10-22,Male,0
1983,1965-06-09,Other,0
1229,1935-11-24,Male,0
2248,1983-09-10,Other,1
1722,1970-01-09,Male,0
2913,1956-02-22,Other,0
828,1953-07-05,Female,0
2103,1981-11-20,Other,1
1018,1936-11-18,Other,0
990,1994-04-11,Male,0
1223,1991-11-06,Female,1
1116,1966-10-11,Male,0
1586,1969-08-07,Male,0
2477,1948-02-21,Female,0
682,1977-02-24,Female,0
793,2003-08-11,Female,0
2978,1970-05-18,Female,0
2744,1971-01-03,Male,0
913,1955-09-15,Male,1
1094,1978-03-21,Male,1
72,1974-09-30,Other,0
800,1955-10-05,Female,0
1397,1993-12-02,Female,0
2350,1965-02-26,Male,0
2543,1967-10-10,Female,0
1905,1979-05-14,Female,0
1521,1946-02-24,Other,0
1637,1947-04-26,Other,0
1658,2004-11-19,Female,0
1124,1960-11-19,Male,0
661,1995-07-19,Other,0
895,1991-02-08,Male,0
2471,1967-11-22,Other,0
2853,1986-05-04,Male,0
1667,1966-09-22,Male,1
1410,1946-10-23,Other,0
969,1953-08-06,Female,0
2340,1979-09-25,Male,1
2486,1934-06-28,Other,0
1975,1950-04-26,Female,0
2876,1999-01-17,Female,0
1010,1945-06-26,Male,0
2395,1989-01-03,Male,0
2745,1965-08-14,Other,1
882,1995-09-27,Other,0
2503,1993-12-16,Male,1
2708,1959-02-09,Other,0
2380,1956-01-13,Male,1
1287,1969-12-14,Female,0
252,1942-09-07,Female,0
1005,2001-10-15,Male,1
524,1972-05-13,Other,0
591,1935-11-03,Other,0
1418,2003-01-05,Female,0
2681,1988-01-06,Male,0
92,1999-05-20,Male,0
2652,1983-10-26,Other,0
1412,1961-04-24,Female,0
1702,1981-03-29,Other,0
379,1966-08-08,Male,0
1048,1962-05-01,Female,0
2416,1987-01-17,Other,1
2636,1973-07-15,Female,0
2725,1985-11-07,Male,0
1436,2005-06-25,Female,0
1522,1962-09-25,Male,0
2410,1997-05-23,Female,0
2353,1934-06-18,Male,1
2472,1970-01-06,Male,0
600,2003-10-12,Female,0
2382,1972-02-13,Female,0
1768,1999-12-12,Other,0
142,1983-03-20,Other,1
2545,1935-04-09,Female,1
2307,1979-05-04,Female,1
1727,1988-10-30,Male,1
219,1994-06-24,Other,0
241,1976-09-30,Other,0
272,1956-01-27,Male,0
1399,1979-11-24,Other,0
1694,1980-12-03,Male,1
694,1940-05-02,Other,1
1512,2006-05-17,Male,0
1454,1994-10-08,Other,0
1142,1936-07-14,Female,0
137,1964-03-09,Female,1
106,1945-11-21,Male,1
1781,1948-10-12,Other,0
2013,1995-04-18,Male,1
2263,1936-03-12,Male,0
99,1986-04-10,Female,0
1330,1949-03-03,Male,0
462,1970-10-19,Male,0
274,1998-01-03,Male,0
1255,1950-02-05,Female,0
162,1995-05-05,Female,0
352,1982-11-07,Other,0
2873,1986-07-11,Female,0
1032,1960-12-28,Male,0
1558,1953-01-25,Other,0
127,1958-03-10,Male,0
880,1973-08-11,Other,1
967,1971-11-16,Other,0
1607,1996-05-02,Other,0
1242,1954-01-06,Male,0
508,1946-02-02,Female,0
2768,1940-03-29,Female,0
673,1984-09-02,Female,0
2211,1967-10-14,Female,0
465,1978-08-11,Male,1
52,1999-09-01,Other,0
45,1986-04-05,Other,1
1281,1979-05-12,Female,1
15,1980-03-23,Female,0
1861,1997-02-27,Male,0
1818,1989-02-10,Other,0
2310,1973-06-27,Male,1
2857,1942-11-04,Male,1
2662,1986-06-02,Female,0
185,1935-04-12,Other,0
704,1946-03-25,Other,0
1328,1951-10-28,Other,1
421,1984-04-10,Female,0
672,1944-11-04,Male,0
2334,1976-09-15,Male,0
1106,1941-09-15,Male,0
2057,1938-07-11,Female,0
2419,1942-01-10,Male,0
2834,1963-02-24,Male,0
121,1996-10-22,Female,0
2279,1986-03-27,Female,1
983,1964-04-22,Female,0
2498,1959-04-10,Other,0
1954,1973-07-09,Other,0
2256,1944-09-21,Other,1
3000,1969-06-19,Other,0
1744,1973-04-24,Male,1
295,1997-03-15,Other,0
1749,1965-05-03,Male,0
1580,1995-12-21,Other,0
2202,1973-02-25,Female,0
1544,1945-06-06,Female,0
2538,1980-04-21,Male,0
1052,1966-09-16,Male,0
114,1937-12-21,Female,0
2831,1945-05-01,Female,0
2262,2006-03-10,Female,1
689,1996-04-30,Male,1
1652,1967-08-09,Male,1
2969,2004-09-19,Female,0
2269,1962-01-19,Other,0
667,1994-10-23,Female,0
410,1962-09-15,Male,0
572,1938-10-26,Other,0
2492,1989-12-06,Female,0
1172,1969-09-28,Male,0
1002,1935-01-06,Male,0
1540,1950-06-22,Female,0
2411,1974-12-11,Female,0
2634,2000-02-28,Female,0
2390,1961-10-15,Male,0
2167,1975-11-17,Female,1
2101,1952-06-13,Male,0
391,1937-10-05,Other,0
1125,1959-11-09,Male,0
2605,1968-02-23,Female,0
2519,2003-05-24,Female,0
2964,1942-01-06,Female,0
924,1954-07-24,Other,0
278,1981-07-15,Female,0
275,1969-01-23,Other,0
872,1957-11-10,Male,0
935,2007-01-06,Other,0
1015,1977-11-05,Male,0
2494,1945-02-08,Male,0
2201,1999-03-30,Other,0
1391,2002-07-15,Male,0
2226,1964-08-17,Female,0
1596,1938-06-26,Other,0
205,1956-12-24,Male,1
1303,1966-01-25,Female,1
816,1978-06-20,Male,0
351,1998-01-26,Male,0
2413,1951-11-05,Other,0
2588,1989-06-05,Other,0
1259,1984-08-29,Female,0
1393,1956-05-27,Male,0
1577,1963-01-31,Female,1
556,1941-02-20,Female,0
598,1994-10-17,Other,1
248,2002-04-11,Other,0
1386,1949-07-21,Male,0
119,1949-10-16,Other,0
2391,1986-05-10,Other,1
2905,1955-01-20,Male,0
324,1976-01-21,Other,0
1878,1936-12-13,Other,1
2896,1968-10-02,Female,0
2793,1974-04-02,Other,0
1759,1986-02-18,Female,0
2442,1974-10-07,Male,0
326,1975-12-29,Male,1
1624,1979-03-29,Other,0
375,1938-08-20,Male,0
2691,1944-07-30,Male,0
2961,1945-07-01,Other,0
2986,1964-09-03,Male,1
1640,1980-02-09,Female,0
2517,1993-12-08,Male,0
763,1990-10-19,Other,0
721,1937-07-01,Female,0
1591,1990-03-17,Female,0
115,1957-02-02,Male,0
629,1953-09-21,Female,0
2124,2003-11-28,Male,0
1283,1976-12-29,Female,0
2534,1968-05-08,Other,0
1876,2005-08-30,Female,0
536,1966-12-05,Other,0
65,1998-07-15,Male,0
1305,1984-05-06,Other,1
535,1936-12-01,Male,1
1178,2006-02-02,Other,0
1009,1977-08-12,Other,1
617,1998-08-19,Female,0
2902,1972-08-05,Female,0
371,2001-07-04,Other,0
1067,1946-12-07,Female,0
1451,1999-11-08,Female,1
1461,1939-07-14,Male,0
505,2000-07-09,Male,0
1042,2005-12-08,Other,0
164,1989-12-07,Female,1
2863,1973-11-04,Male,0
76,1978-05-17,Male,0
1190,1993-08-20,Male,0
2684,1954-12-04,Other,0
1066,1935-08-30,Other,0
1720,1997-04-21,Male,0
575,1957-06-26,Other,0
1821,1977-05-23,Male,0
735,1970-09-21,Male,1
2345,1945-07-07,Male,1
2987,1987-10-26,Other,0
2288,1966-07-05,Female,0
847,1977-04-11,Female,0
369,1940-03-11,Female,0
2283,1997-07-29,Male,0
2675,1990-06-11,Female,0
2593,1999-04-26,Female,0
2801,1990-07-08,Male,0
1791,1977-06-18,Male,0
2609,1989-09-03,Other,0
89,1965-03-17,Female,1
982,2000-10-29,Male,0
541,1992-04-07,Male,0
2033,2003-07-31,Male,0
170,1984-08-14,Other,0
2512,2004-08-05,Male,0
1137,1967-08-12,Male,1
2903,1955-11-14,Other,0
769,1995-08-24,Male,0
2491,1965-08-20,Female,0
1820,2005-05-08,Other,0
2653,1968-04-15,Male,0
628,1986-07-20,Female,0
2763,1982-09-03,Male,0
232,1954-06-27,Female,0
1859,1979-09-01,Other,0
1093,1961-02-14,Other,1
2611,2002-06-15,Other,1
1763,1944-06-01,Other,1
2647,1951-07-03,Female,1
1487,1934-07-20,Male,0
190,1944-02-02,Male,1
2754,2005-07-31,Female,1
1076,2006-11-02,Male,0
894,2001-06-20,Female,0
532,1963-03-08,Female,0
646,1989-12-04,Other,0
2396,1957-03-27,Male,0
2153,1978-02-17,Male,1
722,1977-06-05,Female,1
1765,1958-11-17,Female,1
1006,1943-10-18,Male,0
2456,1958-09-07,Female,0
1111,1982-08-29,Female,0
2252,1966-09-18,Male,0
2541,1992-08-12,Other,1
5,1949-09-22,Female,0
1656,1998-08-11,Male,0
1762,1954-12-08,Other,0
2470,1942-08-01,Other,1
877,1935-04-25,Female,0
788,1960-10-07,Female,0
1252,1992-05-13,Female,1
2452,1934-07-08,Female,0
612,1968-03-31,Male,0
2975,1952-05-05,Other,0
1931,1950-08-17,Female,0
516,1966-10-22,Other,1
1528,1956-07-05,Other,0
1037,1948-07-07,Other,1
455,1934-12-19,Male,0
2349,1973-08-25,Male,0
778,1935-09-17,Female,0
1036,1959-06-30,Female,0
651,1936-01-02,Other,0
260,1957-12-28,Other,0
2843,1943-11-17,Other,0
652,1997-08-21,Female,0
1795,1997-11-18,Other,0
172,1945-09-05,Male,0
173,1965-06-30,Female,0
2680,1940-12-02,Male,0
339,1950-11-05,Female,0
2722,1973-08-16,Other,1
310,1934-06-02,Other,0
697,1969-10-29,Male,1
1074,1985-08-18,Other,0
2070,1953-05-16,Female,0
2444,1986-11-14,Other,0
1227,1975-09-18,Other,0
1398,1946-12-01,Male,0
2421,1962-10-12,Female,0
1300,1960-01-19,Male,1
1867,1950-10-17,Female,0
784,1956-02-28,Female,0
1264,1955-01-04,Female,1
1569,1945-01-30,Male,0
1389,1973-09-06,Male,0
201,1972-04-26,Female,0
1725,1968-02-19,Female,0
2882,1935-03-18,Female,0
2,1935-08-15,Female,0
1007,1955-08-02,Female,0
945,1972-03-01,Female,0
1757,1986-06-09,Female,0
1133,1984-03-04,Male,0
565,1950-03-14,Female,0
1467,1987-09-09,Male,0
823,2004-10-28,Female,0
2131,2001-08-13,Female,1
300,1953-08-13,Male,0
2424,1950-05-04,Female,0
775,1981-03-06,Male,0
2261,1967-11-03,Other,0
976,1957-07-26,Male,0
654,1985-01-03,Other,0
1883,2004-12-18,Other,0
2880,1972-12-13,Other,1
509,1966-02-28,Female,1
435,1948-10-10,Male,1
1321,1965-08-01,Female,0
1952,1935-07-02,Male,0
2739,1951-07-23,Other,0
1100,1962-09-26,Other,0
2549,1954-01-27,Male,0
1617,1942-06-28,Female,0
2328,1952-01-22,Male,0
182,1945-01-14,Other,0
2343,1963-04-03,Other,0
2548,1965-03-31,Other,0
833,1996-09-21,Other,0
557,1987-03-17,Male,0
1092,1938-03-29,Male,1
2443,1958-05-13,Female,0
1572,1979-06-21,Other,0
561,1960-07-19,Female,0
814,1953-04-14,Female,0
2314,1994-08-12,Other,0
473,2000-05-17,Female,0
886,1945-02-21,Female,0
422,2003-04-04,Male,0
1105,1991-05-13,Other,0
450,1990-09-20,Male,1
2635,1971-11-24,Male,0
1050,2003-03-19,Female,0
2059,1992-04-14,Male,0
2700,1997-05-06,Other,0
2979,1997-04-29,Female,0
311,1984-08-17,Other,0
1310,1983-01-08,Female,0
669,1982-10-18,Male,0
2769,1941-09-13,Female,0
331,1976-04-17,Other,1
2060,1986-08-28,Male,0
942,1988-10-01,Female,0
2168,1997-03-28,Male,0
120,1944-07-09,Male,0
973,1958-12-07,Male,0
1407,1982-06-13,Female,0
2995,1956-07-04,Female,0
2333,1979-04-14,Female,0
2670,1978-05-19,Male,0
1769,2002-04-09,Female,1
1874,1942-09-02,Other,0
2071,1992-04-25,Other,0
579,1986-12-27,Other,0
1162,1993-11-06,Other,0
2032,1964-07-23,Female,0
448,1977-01-16,Female,0
941,1954-12-28,Male,1
1372,1963-12-16,Female,0
2386,1981-03-08,Male,0
2043,1997-07-23,Female,0
2628,1937-06-03,Female,0
799,1980-11-07,Female,0
921,1939-01-03,Male,0
2490,1941-11-18,Male,0
583,2000-02-05,Female,0
1830,1960-02-14,Male,1
2405,1966-06-06,Male,1
1833,1972-05-20,Male,1
648,2004-10-20,Male,1
2372,1942-08-16,Male,0
2278,1935-09-18,Other,0
2425,1954-04-08,Other,0
1871,1947-06-28,Male,0
1951,1966-03-15,Male,0
2959,1996-09-15,Other,1
1404,1988-09-29,Female,0
1706,1985-10-10,Female,1
1943,1956-05-06,Male,0
1998,1955-07-29,Other,0
623,1964-03-06,Other,0
1587,1988-12-12,Other,0
2980,1950-09-03,Female,0
850,1952-11-27,Other,0
2999,2000-06-08,Female,0
259,1982-04-09,Male,1
586,1960-01-26,Male,0
2030,1969-04-14,Other,0
1322,1999-10-31,Female,0
730,2005-03-17,Male,0
1602,1976-01-31,Male,0
398,1957-08-04,Male,0
174,1958-02-04,Male,0
1849,2007-03-31,Female,0
1932,1936-04-05,Other,0
2205,1942-03-23,Female,0
2145,1977-05-10,Other,0
1177,1965-10-19,Male,0
1359,1995-09-27,Female,1
958,1958-08-04,Male,1
594,1973-05-31,Male,0
1500,1959-10-05,Female,0
1593,1993-05-19,Female,0
2222,1973-09-30,Male,0
1354,1985-05-18,Other,0
1350,1970-09-28,Male,0
414,1943-03-08,Male,1
2728,1955-08-09,Male,0
856,1978-12-21,Female,0
2361,1995-03-22,Male,0
2631,1998-01-15,Male,1
2042,1995-12-15,Female,0
596,1952-05-21,Male,1
1964,2001-06-17,Male,0
2564,1963-05-16,Other,0
2942,1961-10-31,Female,0
2802,1958-10-01,Female,0
2664,1942-11-09,Female,1
2009,1990-04-02,Male,0
1970,1972-07-15,Male,0
2819,1978-03-18,Male,0
153,1957-05-24,Male,0
507,1966-07-11,Female,0
2820,1988-07-23,Male,0
2883,1940-07-26,Male,1
2143,1947-09-13,Male,0
1203,1984-05-19,Female,1
2338,1982-12-08,Other,0
2727,1981-10-05,Male,1
2856,1948-08-27,Female,0
237,1984-03-01,Male,1
1352,1982-12-08,Male,0
2552,1962-05-19,Other,1
329,1956-04-14,Male,0
2232,2005-11-30,Male,0
1907,1978-04-28,Male,1
187,1958-09-05,Male,0
2112,1948-10-23,Other,0
756,1998-11-02,Female,0
843,1934-09-20,Female,0
2170,1998-04-02,Male,0
951,1934-12-30,Other,1
2530,1996-04-19,Other,0
1191,1970-10-24,Male,0
812,1967-07-10,Male,0
543,1983-04-11,Male,0
2954,1985-05-24,Female,0
1789,1956-12-27,Other,1
1249,1937-08-13,Male,1
1224,1944-07-11,Female,0
1130,1998-12-02,Female,1
570,1998-07-19,Male,1
2025,1999-03-08,Other,1
2130,1959-11-25,Other,1
2280,1948-09-01,Male,0
2134,1937-04-14,Other,0
2446,2006-03-20,Male,0
1743,1950-12-22,Male,0
884,1985-07-14,Female,0
863,1996-07-11,Female,0
2992,1995-01-18,Female,0
2459,1955-02-11,Male,0
211,1976-02-11,Other,0
2948,1942-08-27,Female,0
1288,1941-09-11,Male,0
2649,1948-01-15,Male,0
2427,1990-10-17,Male,0
1033,1967-02-07,Male,0
2938,1966-11-05,Other,1
279,1966-02-05,Female,0
2178,1982-10-26,Male,0
2711,1978-06-12,Male,1
1783,1947-12-06,Female,0
2746,1991-05-07,Other,0
846,1988-07-09,Female,0
901,1942-08-23,Female,1
16,2004-07-20,Other,0
1368,1951-05-10,Female,0
1938,1968-08-25,Female,1
2429,1989-01-19,Male,0
459,1977-01-16,Male,0
470,1963-09-30,Male,1
2523,1964-06-11,Other,0
2011,1982-12-01,Male,0
533,1938-01-11,Male,0
1663,1969-06-10,Other,0
1213,1996-07-24,Other,0
724,1957-07-19,Other,1
2467,2003-05-08,Female,0
2127,1994-04-27,Other,0
1053,1995-03-27,Male,0
467,1943-07-15,Male,0
2105,1935-05-31,Female,0
887,1978-03-16,Other,0
2401,1934-12-28,Other,0
2317,1935-06-20,Female,0
2468,1949-09-07,Other,0
337,1937-06-21,Female,0
2550,1957-03-08,Male,0
2901,1994-05-25,Other,0
2142,2000-11-12,Other,0
1108,1973-02-11,Female,0
2289,1984-12-15,Female,0
845,1987-05-09,Male,1
1001,2002-11-24,Female,1
2126,1951-04-30,Male,1
1443,1962-02-24,Other,0
1698,1988-07-09,Male,0
1775,1999-01-17,Male,0
918,1970-02-18,Other,0
1369,1990-07-07,Female,1
2514,1943-10-28,Other,1
1650,1983-10-05,Female,1
2735,1971-08-08,Other,0
649,1950-12-10,Male,0
141,1954-11-24,Male,0
2862,1941-10-24,Female,0
167,1935-12-14,Other,0
2373,1953-06-05,Male,0
2187,1944-09-10,Other,0
2366,1981-08-10,Male,0
481,2002-06-19,Female,0
1815,1939-01-05,Male,0
537,1989-10-24,Female,0
1230,1952-09-09,Other,0
1088,1980-12-21,Female,0
2643,1940-02-15,Male,1
2850,1972-12-06,Other,0
1253,2002-11-02,Female,0
630,1955-03-20,Other,0
198,1935-07-05,Female,0
1481,1996-10-03,Male,0
1061,1984-07-17,Male,0
2671,1958-05-15,Male,0
1527,1999-07-09,Male,0
2606,1995-08-15,Female,0
2988,1996-05-08,Female,1
2791,1990-10-16,Female,0
2339,1937-08-03,Other,1
1059,2005-07-03,Male,0
1463,1985-01-20,Female,0
1406,1974-12-03,Male,0
245,1961-05-10,Male,0
820,1979-09-30,Other,0
8,1980-09-15,Other,1
758,1966-11-20,Female,1
1306,1969-06-22,Male,0
2858,1947-12-26,Female,0
2918,2000-10-28,Female,1
327,1946-03-06,Other,0
54,1992-03-27,Male,0
2463,1990-06-04,Female,0
1313,1965-07-05,Female,1
620,2002-11-28,Other,0
1887,2003-10-14,Other,0
849,1959-10-24,Female,0
1557,1954-06-30,Female,0
869,1990-04-27,Female,0
1196,2000-02-13,Male,0
1479,1939-03-11,Female,0
1286,1962-11-18,Male,1
77,1991-04-28,Female,0
975,1982-04-24,Male,1
2699,1958-09-20,Female,1
875,2003-12-28,Other,0
1753,1965-08-17,Other,0
2950,1999-06-12,Male,0
1488,1976-04-24,Female,0
132,1967-01-16,Male,0
2712,1958-04-23,Female,0
501,1942-10-22,Female,0
1696,1944-10-02,Female,0
487,2004-10-03,Male,1
1850,1965-01-29,Other,0
889,1951-06-04,Other,0
285,1988-11-03,Female,0
1387,2005-11-28,Female,0
1078,1952-05-08,Other,1
744,1953-09-26,Male,0
752,1943-01-08,Female,0
1466,1935-06-02,Male,0
1635,1964-08-04,Male,0
2887,2000-05-10,Female,1
2622,1982-07-26,Male,0
851,1942-02-14,Male,0
1682,1980-03-11,Other,1
1927,1941-01-30,Male,1
116,1965-04-30,Other,0
1380,1988-12-09,Male,0
1275,1934-09-14,Other,0
2688,2006-05-01,Female,0
1678,1980-09-23,Male,0
587,1947-01-23,Other,0
2718,1993-08-05,Male,0
451,1991-03-20,Male,0
2526,2002-03-02,Male,1
156,1979-05-08,Female,0
478,1971-03-18,Other,0
60,1954-02-21,Female,0
223,1938-10-25,Female,0
126,2004-10-22,Male,0
1151,1938-01-19,Male,0
2274,1992-04-17,Other,0
1776,1939-03-19,Female,0
1721,1943-07-06,Other,0
2272,2006-12-16,Female,0
519,1952-12-25,Other,1
1537,1961-12-11,Other,0
2958,1953-01-04,Female,0
2483,1944-10-05,Male,0
2069,1973-01-06,Male,0
81,1937-03-25,Other,1
2536,1937-10-15,Female,0
2971,1945-09-07,Male,0
2304,1947-05-05,Other,0
424,1988-01-07,Other,0
143,1964-11-10,Female,0
2063,2001-03-27,Male,0
344,1992-08-24,Male,1
2348,1940-04-12,Other,0
916,1999-02-09,Female,0
2599,1934-07-03,Other,1
2094,1946-04-19,Male,1
844,1970-02-28,Other,0
2679,2000-01-04,Other,0
2347,1949-01-28,Male,0
1899,1978-09-18,Male,0
2529,1983-01-14,Female,0
68,1941-01-10,Male,0
90,1955-01-19,Male,0
2602,1986-08-24,Other,0
1251,1961-06-11,Male,0
1748,1943-03-12,Other,0
1362,1948-02-06,Female,1
2141,1978-03-05,Male,0
1344,1939-11-01,Female,0
2240,1999-10-08,Male,0
1644,1979-05-31,Male,0
1546,1938-03-21,Female,1
1549,2004-12-19,Other,0
2006,1978-06-08,Other,0
625,1998-01-02,Male,0
2989,1972-05-16,Male,0
1297,1995-06-28,Male,0
2743,1960-08-19,Other,0
444,1989-04-06,Female,1
1985,1976-04-29,Female,0
2388,1945-07-21,Male,0
192,1973-12-29,Male,0
998,1959-11-28,Male,0
2196,1940-09-06,Female,1
2149,1970-10-13,Male,0
1576,1996-02-06,Other,0
2898,1950-03-26,Female,0
163,1996-09-30,Other,0
984,1972-02-15,Other,0
280,1996-09-21,Male,0
1519,1992-11-27,Female,0
740,1950-10-10,Male,1
2064,2005-04-28,Male,1
2985,1989-10-21,Other,0
1314,1937-06-11,Female,0
1277,1977-02-09,Other,0
1649,1937-09-12,Other,0
595,1971-11-17,Female,0
1351,1956-01-12,Other,1
2156,1964-11-27,Male,0
2119,1936-03-14,Other,0
1746,1944-02-23,Female,1
1533,1959-09-23,Female,1
1021,1968-12-20,Other,0
1083,1964-08-09,Female,0
1940,2002-11-05,Other,0
2721,1951-03-05,Female,0
2255,2006-05-03,Male,1
605,1950-02-10,Other,0
1633,1993-07-14,Female,0
1402,1989-09-27,Male,0
956,1953-05-28,Other,0
2147,2002-03-19,Male,0
1745,1959-01-08,Male,0
2188,1989-06-08,Female,0
1155,1974-09-27,Other,0
1490,1939-09-04,Female,0
2082,1988-12-29,Female,0
1312,1948-05-04,Male,0
1653,1956-10-03,Female,0
497,2006-09-20,Male,0
1180,1950-10-11,Other,0
221,1980-04-03,Female,0
2994,1935-06-23,Female,0
307,1992-05-07,Female,0
946,1957-12-25,Other,0
498,1993-08-28,Female,0
2847,1958-05-15,Male,0
1570,1939-03-23,Male,1
2936,1954-08-08,Other,0
1285,1979-12-28,Male,1
317,1964-12-18,Other,1
2302,1953-03-21,Male,0
2516,1988-06-23,Male,0
699,1974-06-17,Male,0
1891,1952-09-19,Female,0
2448,1954-02-15,Female,0
2092,1988-09-29,Other,1
2321,1989-10-01,Other,0
2813,1965-03-28,Other,1
2409,1994-04-11,Male,0
2924,1984-05-12,Other,0
962,1950-08-31,Male,1
2981,1956-10-25,Other,0
2318,1996-11-05,Other,0
1374,1963-12-29,Male,0
2148,1990-01-30,Male,0
1676,1940-02-23,Male,0
2826,1984-01-04,Male,0
390,1992-06-15,Female,1
1144,1950-11-02,Male,0
418,2006-11-22,Male,0
727,1965-01-31,Female,0
1163,1934-09-27,Male,0
57,1974-07-31,Other,0
488,1990-01-12,Other,0
795,1985-11-26,Male,0
1409,1972-11-12,Female,0
2963,1950-11-17,Female,0
558,1971-12-17,Female,0
39,1949-09-06,Other,0
2220,1936-11-20,Other,1
1677,1967-10-31,Male,1
2224,1960-10-01,Female,0
388,1990-03-27,Male,0
218,1996-04-08,Other,0
746,1939-05-18,Male,0
1138,1990-11-05,Other,1
1128,1978-11-15,Other,0
1687,1979-10-07,Other,0
1963,1954-07-27,Other,0
2940,1978-02-03,Female,0
772,1956-07-11,Female,0
403,1953-04-16,Female,0
2241,2007-01-12,Female,0
346,1968-06-12,Male,0
1408,1983-10-27,Other,0
1953,1948-03-14,Female,0
2553,1954-10-26,Other,0
1834,2001-06-10,Female,0
384,1954-08-25,Other,0
1685,2000-05-29,Male,0
2374,1949-10-04,Female,0
639,1976-01-19,Other,1
2243,1946-04-11,Female,0
1562,1941-06-01,Female,1
1958,1951-07-19,Male,0
158,1946-03-16,Male,0
2966,1968-08-08,Other,0
2140,1976-05-24,Male,0
2088,1982-12-03,Female,0
726,1988-05-03,Male,0
1444,1971-04-07,Female,1
2729,1964-11-22,Other,0
2110,1939-05-22,Other,1
1437,1991-09-15,Female,0
1012,1994-10-09,Other,0
554,2003-08-16,Other,0
1962,1963-01-12,Other,0
1847,2006-03-02,Other,1
2352,1984-10-02,Other,0
1794,1946-09-06,Other,0
1496,1936-10-26,Female,0
1726,1952-06-27,Male,0
2672,1990-09-07,Male,0
1728,1962-04-17,Female,1
1346,1961-04-27,Female,1
1936,1972-02-03,Other,0
265,1958-08-15,Other,0
2316,1999-03-30,Female,0
2162,1959-03-05,Other,0
2253,1945-04-12,Female,1
1494,2004-06-25,Female,0
1003,1963-05-19,Other,0
2246,1948-10-05,Other,0
723,2004-03-01,Female,0
2319,1973-07-02,Female,0
621,1948-04-26,Male,1
1686,2000-03-31,Other,0
2943,1974-12-16,Female,1
2365,1985-12-21,Other,1
1218,1962-02-09,Male,0
1441,1949-01-07,Female,0
1877,1955-01-08,Other,1
1292,1991-04-09,Male,0
1175,2002-12-31,Male,0
313,1960-06-15,Other,1
1626,1984-04-21,Female,1
578,1953-02-26,Other,1
931,1952-07-31,Female,0
356,2001-11-15,Male,0
996,1979-07-02,Other,0
852,1988-10-20,Female,1
1336,2004-07-22,Male,0
1348,1947-08-15,Other,0
2837,1993-01-26,Male,0
93,1991-03-08,Other,1
2665,1980-08-20,Female,0
1202,1985-04-15,Other,0
2759,1964-01-09,Other,0
555,1986-03-30,Male,0
2651,1957-03-22,Other,0
184,1993-03-20,Other,0
377,1995-08-27,Other,0
1547,1945-05-13,Male,0
2881,1960-03-29,Other,1
186,1977-09-15,Female,0
796,1977-03-25,Other,0
759,1998-05-11,Female,0
2367,1970-07-19,Male,1
1911,1972-12-13,Male,0
1898,1989-08-21,Female,0
2161,1989-08-03,Male,0
607,1942-09-17,Other,0
2575,1994-02-10,Other,0
737,2006-02-16,Male,0
539,1998-09-16,Other,0
2107,1991-08-30,Male,0
745,1986-02-27,Other,1
91,2005-09-13,Female,0
268,1951-03-10,Female,0
760,1944-09-27,Other,0
1013,1951-09-28,Other,0
1375,2005-12-10,Other,0
1738,1988-08-12,Other,1
442,1972-09-23,Female,0
1473,1965-06-25,Male,0
655,1952-08-19,Female,0
2668,2005-07-13,Other,1
1420,1951-12-18,Male,0
659,1973-08-15,Other,0
1472,1941-06-21,Male,1
2122,1954-06-02,Other,1
2203,1955-08-01,Female,0
718,1972-08-07,Other,0
135,1955-09-11,Female,1
2666,1947-06-21,Other,0
2655,1940-06-28,Other,0
2621,1999-06-03,Male,0
738,1963-11-27,Other,0
1631,2000-11-16,Other,0
2305,1978-04-06,Female,0
1828,1939-01-28,Male,0
2229,1996-03-24,Female,0
1724,1976-09-02,Other,0
779,1986-04-01,Other,1
2050,1975-08-22,Other,0
1615,1963-11-25,Other,0
2657,1971-06-09,Other,0
1008,1953-08-06,Female,0
1909,1970-09-30,Female,0
1910,1976-02-12,Other,0
11,1981-07-03,Female,1
2741,1940-10-19,Female,1
839,1953-09-04,Male,0
547,1970-06-26,Male,0
2237,1992-04-24,Other,0
157,1986-10-06,Other,0
686,1945-05-24,Female,0
1174,2004-05-21,Male,0
1564,1975-06-06,Female,0
2022,1982-06-25,Male,1
1520,1989-03-24,Female,0
420,1975-03-31,Other,0
568,1985-06-18,Male,0
2816,1948-01-16,Male,0
1774,1990-09-07,Other,0
2639,1972-07-25,Other,0
2097,1973-03-09,Female,0
1232,1989-07-18,Male,0
46,1952-02-18,Female,0
571,1978-04-04,Other,0
320,1981-11-13,Female,1
2726,1963-01-18,Other,0
18,1985-11-11,Female,0
2086,1942-07-21,Female,0
2535,1966-04-15,Male,1
486,1964-03-02,Other,0
2667,2007-03-27,Other,0
2363,2002-10-03,Other,1
55,1997-08-29,Female,0
2173,1975-05-18,Other,0
2414,1987-04-28,Male,0
960,1975-07-14,Male,1
1113,1954-01-30,Other,0
857,1968-05-01,Female,1
1559,1975-02-13,Male,0
2028,1945-06-14,Male,0
1579,1986-12-08,Other,1
2892,1958-04-16,Male,1
1761,1958-12-23,Female,0
1990,1940-10-27,Female,0
2779,1983-08-08,Other,0
1194,1955-10-13,Male,1
1421,1941-09-18,Male,0
934,2000-09-04,Female,0
970,1997-10-04,Male,1
2185,1965-04-15,Male,0
2114,1997-04-03,Female,0
2434,2000-06-04,Male,0
2753,1944-05-27,Female,0
2397,1951-10-29,Male,1
2845,1937-08-27,Other,0
637,1965-12-19,Male,0
2192,1987-11-01,Other,0
1560,1961-04-05,Female,1
993,1979-08-02,Female,0
1060,1935-05-14,Female,0
2607,1996-03-07,Other,1
1403,1961-07-05,Other,0
2036,1997-02-13,Other,1
2296,1989-05-04,Male,1
1989,1952-02-08,Other,0
1475,1961-12-26,Female,0
2811,1993-04-08,Male,0
1208,1961-04-29,Other,0
1582,1962-11-27,Other,0
1238,1988-04-22,Female,1
1195,2000-03-22,Male,0
1134,1939-05-24,Female,0
1411,1969-05-23,Male,0
2182,2001-11-27,Female,0
2683,1971-07-20,Other,0
189,1976-12-12,Other,0
695,1941-03-10,Female,0
2800,1937-09-20,Male,0
1530,1941-04-29,Male,0
23,1991-05-13,Other,0
2299,1950-05-28,Female,0
1153,1949-01-26,Female,0
1335,2004-07-06,Male,0
1199,1953-09-25,Other,0
1957,1994-01-17,Female,0
2676,1948-04-19,Female,1
83,2003-04-20,Other,1
361,1999-09-29,Female,0
169,1975-12-24,Other,1
171,2000-07-30,Female,1
2613,1962-08-20,Male,0
2216,1984-10-21,Other,0
236,1971-05-10,Other,0
262,1962-07-27,Female,0
925,2001-02-28,Female,0
2748,1944-05-13,Female,0
1629,2001-10-02,Female,0
196,2001-07-21,Male,1
747,1999-09-19,Male,0
1638,1976-03-26,Female,1
584,2004-11-18,Other,0
822,1938-01-31,Male,1
1433,1981-11-09,Male,0
1146,1974-07-19,Other,1
1157,1976-07-11,Male,0
948,1980-04-26,Other,0
1186,1994-11-06,Male,0
1239,1993-05-20,Male,0
1507,1947-11-02,Female,0
1385,1953-08-15,Other,0
2487,1985-05-11,Other,0
1291,1994-07-29,Male,0
2081,1949-01-19,Other,0
2038,1952-01-13,Male,0
2803,1972-07-17,Other,0
2616,1947-06-12,Female,0
2792,1996-02-05,Female,0
2780,1951-09-19,Female,0
1986,1999-12-19,Male,0
1158,1936-12-26,Other,0
890,1975-11-20,Male,0
1149,1972-03-16,Female,0
2186,1994-04-13,Female,0
490,1936-11-13,Other,0
2937,1952-01-14,Other,0
2223,1995-11-02,Female,1
312,1951-10-11,Male,1
335,1977-11-21,Other,0
1280,1939-01-25,Other,0
2874,1941-06-24,Female,0
1150,1948-07-10,Male,0
859,2000-09-30,Male,0
2957,1949-04-21,Male,1
879,1946-11-26,Male,0
25,1950-01-09,Male,0
959,2002-07-01,Other,0
2939,1963-04-25,Female,0
1136,1990-06-24,Male,0
1799,1954-12-02,Male,0
2654,2000-07-26,Female,0
1145,1958-10-28,Other,0
1616,1939-02-13,Male,0
4,2005-10-22,Female,0
1709,1963-06-10,Male,0
253,1950-08-06,Male,0
1268,1951-05-16,Other,0
2394,1958-05-27,Other,1
64,1976-08-08,Other,0
2236,1987-10-20,Male,1
494,2000-11-30,Other,0
2678,1939-11-29,Female,0
2084,1984-11-28,Male,0
100,1974-01-04,Male,1
645,1948-06-09,Other,1
112,1934-12-10,Other,0
2326,1941-07-18,Other,0
254,1941-12-03,Female,0
2215,1938-05-08,Female,0
741,1959-02-24,Female,1
2661,1954-05-31,Other,0
1543,1965-08-29,Female,0
940,1999-04-22,Other,0
1102,1980-07-14,Male,0
1594,1941-09-09,Other,0
400,1943-09-17,Other,0
1181,1961-08-15,Male,0
66,1983-12-28,Female,0
599,1950-02-09,Female,0
2520,1965-12-28,Other,0
2955,1975-01-23,Female,0
2267,1942-09-23,Other,0
2037,1975-12-05,Male,0
1641,1966-08-18,Male,0
243,1999-10-12,Other,0
634,1934-11-13,Male,0
1023,1999-12-26,Male,0
1835,1946-01-20,Male,0
43,1960-08-02,Female,0
2488,1985-08-11,Other,0
915,1954-06-16,Other,0
2567,1958-08-17,Female,1
963,1981-03-12,Other,0
1621,1951-01-11,Male,1
909,2001-07-17,Female,0
777,1938-04-17,Male,0
2840,1935-01-07,Other,0
2686,1934-05-05,Other,0
2953,1972-12-26,Female,1
2303,2003-05-21,Male,0
1590,1984-12-14,Male,0
666,1969-03-04,Other,0
2852,1987-10-19,Other,0
1665,1960-01-27,Male,1
2513,1948-11-16,Other,0
2627,1982-06-15,Male,0
1599,1983-04-08,Male,1
1630,1944-08-03,Other,0
2398,1997-03-25,Other,0
1225,1999-09-26,Female,0
2542,1949-10-26,Male,0
1965,1983-04-22,Female,0
2783,1938-01-06,Other,0
134,1938-12-20,Other,0
681,1948-05-18,Male,1
88,1962-10-31,Female,0
798,1999-06-30,Female,0
1733,1968-03-31,Male,0
1438,1986-07-23,Male,1
102,1965-07-06,Other,0
374,1956-05-12,Female,0
2990,1952-06-27,Other,0
2615,2005-02-01,Male,0
2956,1971-07-09,Other,0
842,1973-11-09,Male,1
1360,1980-11-16,Female,0
209,1962-12-16,Other,0
2404,1978-03-15,Other,1
804,1961-10-03,Male,0
2951,1997-05-20,Other,1
1031,1981-12-27,Female,0
1779,1944-09-15,Male,0
479,1999-11-13,Female,1
2335,1940-07-13,Female,0
1273,1972-12-01,Male,1
2598,1938-05-13,Female,0
680,1989-03-03,Male,1
1670,1979-11-02,Male,0
258,1995-07-08,Male,0
1690,1945-11-12,Female,1
2325,2004-09-22,Other,1
417,1946-07-10,Other,0
1523,2003-12-11,Female,0
2640,1992-09-07,Female,0
950,2000-03-19,Female,0
685,1977-03-12,Other,1
309,1939-04-24,Female,1
183,1995-02-02,Other,0
1219,2005-07-28,Female,0
2740,1956-11-03,Female,0
2320,1934-06-26,Other,0
1279,1949-09-04,Female,0
1772,1977-02-04,Male,0
1959,1968-05-08,Female,1
2208,1988-05-18,Other,0
2574,1936-10-29,Other,0
2842,1971-03-06,Female,0
159,1997-03-23,Female,0
2298,1969-02-07,Female,0
1838,1950-11-16,Male,0
2704,1993-07-08,Other,0
569,1935-04-13,Female,1
1489,1961-07-01,Female,0
1366,1949-04-30,Male,0
2597,1942-07-27,Other,0
989,1971-10-17,Other,0
438,1936-10-12,Female,0
1458,1986-02-27,Other,1
1446,1947-02-11,Male,0
1585,1937-08-23,Female,0
338,1947-06-16,Male,0
2151,1937-09-13,Other,0
566,1935-03-09,Other,0
825,1947-11-13,Female,0
2439,1967-03-03,Female,0
2849,1984-10-15,Other,0
35,1968-05-06,Male,0
2646,2000-08-17,Male,1
1969,1997-12-17,Male,0
2945,1977-03-05,Female,0
923,1994-04-01,Male,0
757,1949-07-09,Female,1
1846,1959-09-17,Female,0
2447,1946-01-24,Female,0
1606,1950-04-14,Other,1
1070,1972-02-22,Female,0
1851,2003-02-03,Female,0
2089,2001-02-03,Male,1
56,1978-12-27,Female,1
1782,1968-08-24,Other,0
2090,1999-03-05,Female,1
282,2003-01-09,Male,0
1096,1968-04-13,Male,0
1311,1939-02-10,Female,0
225,1988-02-22,Male,0
1780,1962-09-09,Female,0
2007,1954-03-26,Other,0
1701,1967-01-23,Other,0
2872,1969-05-01,Other,0
389,1974-03-19,Female,0
292,1986-11-25,Other,0
1080,1949-02-23,Other,0
1742,1972-05-15,Other,1
2663,1985-03-17,Female,1
95,1983-03-29,Female,0
2864,1989-02-02,Male,1
862,1936-05-29,Female,1
1029,1981-05-16,Male,0
2596,1958-08-13,Female,0
316,1938-12-30,Male,0
2169,1979-06-18,Other,1
1112,1964-01-10,Female,1
1627,1935-08-18,Female,1
1703,1962-12-03,Other,0
719,1983-08-05,Other,0
2312,1960-03-27,Other,0
734,1972-07-23,Male,1
2132,1955-12-02,Male,0
854,1951-06-17,Male,0
701,1948-06-15,Other,0
238,2003-06-26,Male,0
1865,1956-05-14,Male,0
653,1978-08-13,Other,0
736,1935-10-13,Female,0
1184,1993-04-27,Female,0
2906,1947-09-15,Male,0
2480,1951-09-23,Female,0
2893,1969-09-19,Male,0
2579,1954-03-06,Female,0
2910,1995-10-22,Other,1
2210,1990-12-19,Female,0
2417,1952-05-04,Female,0
273,2003-09-17,Other,0
2469,1984-10-21,Male,0
51,2003-03-10,Female,0
1480,1967-02-26,Female,0
2650,1947-08-09,Male,1
181,1948-10-08,Male,0
748,1975-05-18,Other,0
819,1967-03-20,Male,0
1205,1954-09-27,Female,0
2742,2006-01-25,Female,0
1647,1961-05-15,Male,0
1597,2001-03-11,Male,0
1502,1984-08-01,Female,0
2012,1972-11-14,Other,0
1906,1995-08-05,Male,0
485,1953-06-21,Female,0
1200,1968-10-08,Male,1
563,1936-12-08,Female,0
