customer_id,signup_date,last_purchase_date,churned,frequency_of_purchases_involving_discount_codes_or_coupons_within_6_months,change_in_average_purchase_value_over_the_last_3_months_compared_to_previous_3_months,number_of_app_activities_related_to_customer_support_interactions
2139,2024-05-25,2024-05-07,1,2,418.910000,3
1697,2022-08-13,2025-01-30,0,0,-397.820000,3
1243,2024-05-16,2023-01-05,0,0,0.000000,3
1498,2020-09-11,2021-01-12,0,0,0.000000,2
1187,2025-02-14,2024-05-22,0,0,0.000000,1
716,2020-09-25,2023-06-16,0,0,0.000000,2
2889,2024-12-09,2023-06-27,0,0,0.000000,3
2885,2022-06-14,2020-05-25,0,0,0.000000,5
2213,2024-04-14,2022-04-02,0,0,0.000000,2
2710,2024-04-04,2021-08-30,0,0,0.000000,2
1140,2020-10-24,2022-07-25,0,0,-27.490000,0
452,2025-01-28,2022-01-04,0,0,471.950000,1
111,2021-11-26,2024-05-02,0,0,0.000000,1
1020,2023-09-17,2024-09-29,0,0,0.000000,0
1574,2021-07-27,2025-04-08,0,0,0.000000,2
1719,2021-01-16,2025-04-11,0,0,0.000000,5
1034,2023-08-10,2020-10-10,0,0,0.000000,2
2055,2021-12-12,2024-09-30,0,0,0.000000,1
1301,2024-05-09,2025-02-21,0,1,250.390000,3
2624,2023-02-06,2022-06-08,0,1,-90.330000,3
2804,2022-07-03,2022-12-23,1,1,-363.130000,1
2967,2021-01-07,2022-07-15,1,0,401.250000,2
1645,2022-09-21,2024-05-31,0,0,0.000000,3
564,2020-10-02,2023-03-17,0,1,235.760000,0
2258,2020-12-28,2025-02-27,1,1,-40.470000,0
255,2020-06-24,2024-02-20,0,0,0.000000,4
573,2022-03-02,2023-05-23,1,1,173.710000,1
806,2022-12-31,2024-12-12,1,1,-226.830000,2
619,2025-02-24,2021-05-12,0,0,0.000000,3
2891,2023-09-03,2021-08-31,0,0,185.680000,2
2183,2024-09-13,2022-09-08,0,0,25.190000,4
2290,2023-06-26,2025-03-28,1,0,0.000000,3
2810,2021-03-25,2021-04-07,0,0,0.000000,1
861,2022-10-26,2022-06-23,0,0,0.000000,2
1356,2023-04-06,2023-09-06,0,0,-324.470000,2
2212,2020-09-24,2020-09-21,0,0,0.000000,2
506,2022-08-28,2025-03-07,1,1,434.980000,4
2932,2020-06-26,2021-12-13,0,0,-436.040000,1
2617,2024-03-25,2020-05-21,0,0,0.000000,1
284,2023-05-11,2024-04-29,1,1,292.470000,2
1267,2023-02-26,2020-06-20,0,0,0.000000,2
1679,2021-10-30,2021-07-21,0,0,0.000000,1
336,2022-07-30,2023-11-22,1,1,281.150000,1
2078,2024-04-06,2023-02-13,0,0,0.000000,1
1942,2024-09-22,2021-08-26,1,1,309.460000,1
2623,2024-07-11,2022-10-23,1,2,268.283333,4
2458,2022-06-21,2021-01-22,0,0,0.000000,1
581,2020-10-27,2023-06-08,0,0,344.480000,2
2796,2024-12-14,2023-01-08,0,1,-441.460000,4
1674,2021-04-17,2020-05-23,0,0,0.000000,0
2073,2022-10-14,2025-04-26,1,1,216.465000,5
1378,2024-12-02,2020-10-28,0,0,0.000000,2
74,2022-07-19,2022-11-03,1,0,-128.310000,7
1773,2024-11-24,2023-01-24,0,0,0.000000,2
1525,2024-12-31,2024-10-22,0,0,0.000000,0
2342,2024-02-08,2021-11-24,0,0,0.000000,2
212,2022-09-03,2024-04-09,0,0,0.000000,2
1453,2025-03-31,2023-04-23,0,1,435.270000,1
207,2024-02-18,2021-08-20,0,1,-398.140000,4
1955,2021-12-06,2021-08-30,0,0,0.000000,2
1536,2022-11-27,2024-07-02,0,1,-426.370000,1
2376,2023-02-13,2024-07-28,0,0,0.000000,2
22,2022-02-02,2025-02-12,0,1,255.620000,2
1661,2024-06-14,2022-07-03,1,0,0.000000,3
979,2023-08-25,2022-01-10,0,1,-225.570000,3
480,2023-09-01,2021-03-05,0,0,0.000000,2
2281,2020-09-17,2023-07-14,1,2,-205.840000,0
876,2024-08-13,2024-11-07,0,1,468.660000,2
1019,2022-06-16,2022-07-16,0,0,0.000000,2
2159,2024-02-10,2022-11-30,0,0,0.000000,1
1474,2024-07-22,2025-02-07,0,0,0.000000,3
239,2025-02-16,2023-10-26,0,0,-320.490000,1
1095,2021-03-18,2021-06-17,0,1,-58.290000,0
264,2024-01-14,2024-11-20,1,1,-138.580000,1
1129,2023-07-28,2021-06-10,1,0,423.280000,2
790,2021-04-11,2020-10-23,0,0,0.000000,0
2474,2022-08-04,2021-10-27,1,1,-386.120000,7
2276,2022-02-11,2021-07-25,1,1,286.010000,4
2184,2025-02-21,2021-04-01,1,1,-129.710000,3
2268,2021-11-28,2023-06-15,0,0,0.000000,5
531,2021-12-26,2021-06-28,0,0,0.000000,3
1025,2024-01-06,2024-06-23,0,0,0.000000,1
2698,2024-05-31,2022-03-01,1,1,418.070000,3
1260,2020-06-08,2024-11-05,0,0,0.000000,2
1425,2023-10-16,2020-09-29,0,1,159.470000,0
1307,2022-02-08,2021-01-06,1,1,62.100000,1
700,2025-03-31,2021-10-01,1,0,0.000000,3
1361,2022-07-23,2021-06-17,0,0,430.080000,2
386,2024-11-26,2023-03-12,0,0,0.000000,1
2355,2024-09-05,2022-01-23,1,2,356.515000,3
2369,2022-11-21,2022-02-09,0,0,365.550000,2
1117,2022-06-27,2022-08-12,0,1,-126.040000,2
1373,2021-12-03,2022-12-07,0,0,0.000000,2
40,2023-02-20,2023-10-01,0,0,-419.430000,5
208,2021-07-05,2022-10-29,1,1,167.650000,3
1426,2024-05-22,2020-10-12,0,0,-183.630000,2
79,2021-05-16,2021-08-27,1,0,0.000000,3
1914,2024-01-19,2022-08-14,0,0,0.000000,2
2909,2024-04-05,2021-10-29,0,0,0.000000,3
1941,2021-01-19,2022-01-14,1,1,-426.920000,3
2594,2024-08-04,2020-08-14,0,0,0.000000,2
222,2025-01-22,2020-05-23,1,0,-168.030000,5
813,2024-05-13,2020-11-07,0,1,219.730000,1
1269,2020-07-16,2024-06-30,1,1,413.250000,2
1058,2022-01-04,2023-08-30,0,0,0.000000,2
308,2024-11-13,2023-05-04,0,0,0.000000,3
1987,2022-02-12,2024-06-01,1,1,331.225000,4
85,2020-06-12,2023-01-01,0,0,0.000000,5
2544,2021-03-15,2022-09-10,0,0,0.000000,0
2311,2022-12-09,2021-01-18,0,0,0.000000,2
2152,2023-02-13,2024-02-08,0,0,0.000000,2
2968,2021-06-18,2023-08-30,1,1,277.880000,5
567,2022-07-21,2021-04-12,0,0,98.820000,1
1651,2024-11-28,2022-02-07,0,0,0.000000,3
2894,2024-11-02,2023-06-07,0,0,0.000000,1
2418,2023-06-01,2024-06-08,0,0,0.000000,1
1604,2022-04-08,2024-01-02,0,0,0.000000,1
751,2022-04-07,2023-05-23,1,1,-487.680000,2
802,2021-04-09,2020-07-17,0,0,0.000000,2
1030,2024-12-31,2021-05-13,0,0,0.000000,3
618,2024-01-16,2021-11-10,1,1,417.640000,2
2771,2023-09-18,2021-03-08,0,0,0.000000,1
453,2023-08-18,2022-01-07,0,0,0.000000,4
870,2024-05-02,2021-10-14,0,0,0.000000,2
206,2022-11-22,2022-05-21,0,0,0.000000,0
2200,2020-05-15,2024-12-01,0,0,0.000000,3
1250,2022-10-05,2023-11-25,0,0,278.420000,1
1293,2024-03-21,2024-12-02,0,0,0.000000,3
1295,2021-01-04,2022-12-25,0,0,0.000000,4
203,2021-10-16,2022-06-01,0,0,0.000000,3
662,2024-02-07,2020-09-12,0,0,0.000000,1
1717,2023-09-30,2020-07-16,0,0,0.000000,0
381,2021-12-08,2022-06-03,1,0,388.790000,0
2832,2023-06-28,2024-08-18,0,0,387.770000,3
1278,2020-07-31,2022-08-29,0,0,0.000000,2
1027,2020-10-02,2022-11-25,0,0,0.000000,1
2693,2024-09-23,2020-10-15,0,0,0.000000,1
1654,2021-07-30,2022-11-18,0,0,0.000000,2
1968,2024-08-12,2022-09-14,1,1,384.920000,0
2895,2024-06-15,2020-04-26,0,0,-179.440000,1
2221,2021-03-07,2024-05-19,0,0,-22.590000,1
349,2020-12-30,2022-12-27,0,1,-125.150000,5
2225,2024-01-06,2020-07-22,0,0,0.000000,3
2608,2023-08-19,2020-08-01,0,0,0.000000,4
991,2024-03-29,2022-11-05,0,0,0.000000,2
922,2020-11-14,2023-01-09,1,1,345.730000,1
2181,2024-08-29,2021-10-30,0,0,0.000000,2
1087,2022-09-02,2023-09-11,1,1,-483.110000,5
2360,2022-11-28,2024-01-09,0,0,0.000000,3
670,2020-06-13,2023-05-05,0,0,0.000000,1
1210,2022-03-04,2022-09-12,0,0,0.000000,2
202,2023-03-07,2021-04-27,0,0,0.000000,4
1994,2024-12-27,2022-12-05,0,1,429.990000,2
2402,2023-03-20,2024-01-29,0,0,0.000000,0
1609,2025-04-05,2021-04-07,0,0,-55.020000,0
1993,2024-03-08,2025-04-15,1,1,-145.970000,2
912,2023-01-02,2021-02-27,0,0,281.450000,0
2270,2025-02-02,2021-08-14,0,0,0.000000,1
1671,2022-09-05,2021-10-02,1,1,176.140000,4
2113,2023-02-22,2023-04-02,0,0,-285.050000,0
2568,2022-01-22,2022-08-29,0,0,-251.510000,5
1823,2023-01-19,2024-01-16,0,0,0.000000,0
318,2022-02-26,2021-04-25,1,1,213.150000,1
1882,2025-04-18,2021-06-01,0,0,0.000000,2
896,2024-04-03,2021-02-26,1,1,467.340000,2
939,2024-09-10,2025-01-28,1,2,-77.330000,3
1979,2023-08-09,2023-03-11,0,0,0.000000,1
1304,2021-09-08,2023-03-05,0,0,0.000000,3
774,2021-07-31,2021-05-31,0,1,-52.180000,1
1492,2023-06-20,2024-06-19,0,0,0.000000,2
2451,2023-08-22,2022-07-18,0,1,-246.265000,2
117,2024-01-26,2024-04-25,1,2,-18.450000,1
2368,2023-04-16,2021-08-27,0,0,-284.330000,1
2327,2024-04-06,2022-06-09,0,0,0.000000,0
2128,2023-11-01,2022-12-28,0,0,0.000000,2
1732,2024-05-23,2021-08-10,0,0,0.000000,0
220,2024-06-19,2022-04-01,1,0,0.000000,0
1347,2022-01-27,2021-05-25,0,1,-139.020000,3
2370,2023-12-30,2023-09-13,0,0,0.000000,4
693,2023-09-11,2023-03-17,0,0,0.000000,2
2277,2021-01-05,2021-06-23,1,1,131.700000,2
947,2020-11-09,2020-05-10,0,0,0.000000,3
2511,2022-02-16,2021-09-26,0,0,0.000000,2
1284,2024-08-29,2024-10-22,0,0,-236.680000,0
1508,2021-05-30,2021-11-28,1,2,333.685000,0
706,2021-05-10,2020-07-17,0,1,-174.630000,2
865,2022-12-13,2024-05-24,0,0,0.000000,0
2998,2024-06-01,2023-09-03,0,0,0.000000,9
1777,2021-06-24,2020-08-11,0,0,0.000000,2
1457,2021-02-12,2023-12-17,1,1,35.820000,2
1840,2022-01-15,2023-07-14,0,0,0.000000,2
2423,2020-08-10,2022-04-07,0,0,105.090000,4
383,2021-12-05,2023-11-02,0,0,0.000000,0
2125,2025-02-23,2023-07-01,0,1,-176.510000,0
433,2022-06-07,2021-03-20,0,0,368.570000,1
2144,2024-11-03,2021-12-03,1,1,-24.310000,4
44,2021-07-29,2021-01-26,0,0,0.000000,2
787,2020-12-27,2021-12-16,0,0,0.000000,2
2359,2023-08-17,2023-02-13,0,0,0.000000,0
2921,2022-12-31,2021-12-24,0,0,0.000000,1
733,2021-04-17,2022-09-28,1,1,35.770000,0
1841,2020-08-17,2025-03-23,0,0,0.000000,1
1900,2024-11-20,2023-02-11,0,0,273.200000,2
1826,2023-07-12,2024-09-27,1,1,66.230000,1
2066,2022-05-06,2024-05-06,0,0,365.250000,0
562,2025-01-20,2024-04-18,0,0,0.000000,1
2197,2022-09-02,2022-09-24,0,1,-211.200000,1
2251,2025-02-28,2023-12-06,0,0,0.000000,3
1946,2024-02-25,2020-05-09,1,2,-243.736667,2
1855,2021-05-29,2023-01-31,0,0,0.000000,0
50,2024-03-04,2024-07-06,0,0,0.000000,0
1206,2025-01-20,2020-04-29,0,0,0.000000,2
1079,2022-10-19,2023-12-09,0,1,-297.830000,1
754,2022-01-28,2022-09-02,0,0,0.000000,3
34,2020-05-13,2024-02-01,0,0,0.000000,3
1915,2024-02-21,2024-12-11,0,1,-119.440000,2
1382,2022-02-01,2023-08-29,0,0,0.000000,2
2823,2021-01-17,2022-03-17,0,0,0.000000,4
866,2024-01-06,2024-01-09,0,0,0.000000,2
213,2021-05-16,2020-10-23,0,0,0.000000,0
2928,2020-09-17,2022-12-17,0,0,0.000000,1
404,2025-02-01,2021-03-10,0,0,0.000000,2
2121,2024-03-02,2020-12-15,0,1,60.590000,2
2733,2023-10-11,2024-06-16,1,2,-234.395000,3
63,2024-01-16,2023-02-27,1,2,226.000000,3
113,2022-05-09,2023-05-27,0,0,0.000000,2
463,2022-09-13,2024-12-03,0,0,0.000000,4
1933,2025-03-31,2024-10-13,0,0,0.000000,2
1235,2024-05-25,2022-07-14,1,2,-180.870000,2
2508,2024-01-09,2024-04-18,0,0,-471.480000,2
836,2021-09-13,2025-04-08,0,1,-496.610000,1
405,2021-01-13,2024-03-05,0,0,0.000000,2
108,2022-12-08,2024-02-13,0,0,345.050000,4
1866,2020-08-07,2023-11-01,0,0,-122.530000,4
2198,2022-11-25,2022-07-02,1,0,0.000000,2
910,2025-01-05,2023-09-17,0,0,0.000000,1
2660,2024-12-07,2021-07-26,0,0,0.000000,4
123,2021-03-03,2024-12-21,0,0,0.000000,3
1639,2025-01-10,2020-08-25,0,0,0.000000,4
503,2020-09-18,2024-04-25,1,2,22.730000,2
1754,2020-10-26,2021-12-24,0,0,0.000000,2
2929,2021-08-12,2024-01-08,0,0,0.000000,3
2209,2021-07-17,2020-12-19,1,1,468.380000,4
246,2020-05-10,2024-05-04,0,1,384.710000,3
771,2021-11-05,2022-01-13,0,0,148.160000,4
2207,2020-07-01,2024-08-25,0,1,-83.450000,1
1075,2022-05-08,2024-03-19,0,0,0.000000,3
1104,2023-03-17,2023-04-28,0,0,0.000000,5
1462,2022-02-25,2024-05-09,0,0,0.000000,4
1423,2021-03-01,2024-09-12,0,0,0.000000,0
2228,2025-04-19,2023-06-07,0,0,-289.866667,1
2381,2021-10-31,2022-02-08,0,0,0.000000,1
1707,2024-10-31,2021-03-06,0,0,-47.110000,1
1662,2023-01-15,2020-09-14,0,1,209.390000,3
31,2024-11-25,2021-11-29,0,0,0.000000,1
2154,2023-12-21,2025-03-07,1,1,191.930000,1
1390,2022-05-24,2021-10-25,0,1,70.750000,0
332,2021-05-01,2024-04-16,0,0,0.000000,1
138,2020-06-29,2023-03-01,0,0,0.000000,2
2566,2024-02-10,2023-01-31,0,0,-262.010000,1
1167,2023-02-07,2022-05-16,1,1,309.480000,1
1333,2022-08-18,2025-03-26,0,0,187.740000,3
1318,2021-02-17,2023-07-19,0,0,0.000000,0
482,2025-02-05,2021-01-21,1,2,-27.580000,4
1370,2023-02-19,2024-03-19,0,0,0.000000,2
522,2022-04-27,2021-09-27,1,1,91.520000,3
2206,2024-08-17,2023-08-25,1,0,103.170000,8
997,2022-02-14,2023-09-30,1,1,-108.070000,2
2026,2025-03-20,2021-05-31,1,0,0.000000,2
1161,2021-10-15,2024-05-16,0,0,0.000000,1
1813,2020-10-01,2022-08-22,0,0,0.000000,1
511,2025-01-20,2025-01-23,0,0,0.000000,2
1045,2021-03-21,2021-06-15,0,0,324.280000,3
1024,2021-05-13,2024-09-13,0,0,157.625000,2
302,2021-10-29,2021-06-15,1,0,408.740000,1
1723,2023-09-29,2022-03-24,0,0,0.000000,1
1272,2022-07-14,2021-05-26,1,1,-106.450000,3
821,2020-08-16,2022-08-22,0,0,-20.610000,5
1978,2024-11-22,2022-07-31,1,1,232.805000,3
2997,2023-11-15,2023-10-16,0,0,0.000000,2
526,2024-05-14,2025-02-17,0,0,0.000000,3
2933,2022-02-26,2021-03-31,0,1,-349.280000,3
2068,2024-10-08,2023-12-25,0,0,134.250000,2
2344,2020-12-11,2023-08-14,0,0,0.000000,5
622,2024-09-27,2024-05-04,0,0,55.010000,1
1204,2021-07-05,2022-03-12,0,0,0.000000,2
341,2024-12-14,2020-06-19,0,0,0.000000,0
1786,2023-09-06,2023-12-22,0,0,0.000000,3
1793,2025-04-21,2020-07-07,0,0,0.000000,0
2163,2023-03-05,2022-02-27,0,0,-376.630000,2
1592,2021-09-07,2022-07-02,0,0,0.000000,1
2805,2020-11-27,2022-12-05,1,1,87.980000,3
2476,2020-06-19,2022-05-18,0,0,0.000000,2
632,2021-09-23,2023-08-26,0,0,-313.460000,2
2291,2021-08-12,2024-09-25,0,0,0.000000,0
585,2020-09-11,2021-10-17,0,1,-64.630000,1
674,2023-10-13,2023-11-16,0,0,209.150000,2
2403,2024-02-07,2022-04-09,0,0,0.000000,0
2191,2023-12-01,2023-02-24,1,1,228.260000,1
1299,2022-09-06,2024-07-17,0,0,0.000000,1
2021,2023-07-31,2020-12-14,0,1,-216.230000,1
1154,2024-08-02,2021-02-06,0,0,0.000000,2
1668,2025-04-25,2020-10-25,0,0,0.000000,3
270,2023-02-25,2022-06-15,0,0,0.000000,4
2527,2025-04-10,2024-05-28,0,0,-234.690000,1
968,2021-11-21,2020-11-25,0,0,-466.430000,2
691,2023-11-26,2021-07-15,0,0,0.000000,0
2972,2021-02-13,2021-07-16,0,0,0.000000,2
966,2024-02-15,2021-06-08,1,2,180.950000,3
1750,2023-12-08,2023-02-17,0,0,0.000000,2
2242,2024-01-17,2024-02-05,0,0,-464.810000,6
2738,2022-04-15,2020-06-13,0,0,16.690000,1
2214,2024-04-22,2021-04-26,0,0,0.000000,3
1816,2024-07-04,2020-08-07,0,1,250.620000,1
2056,2020-05-05,2025-04-21,1,1,-38.320000,2
527,2021-09-04,2023-08-30,1,1,-31.960000,0
1183,2024-07-20,2022-09-30,0,0,0.000000,5
994,2021-01-22,2025-04-18,0,0,0.000000,4
2031,2022-01-14,2022-06-11,0,0,0.000000,0
2865,2023-06-04,2021-06-18,0,0,0.000000,3
2058,2023-12-19,2021-10-26,0,0,0.000000,3
783,2022-06-12,2021-09-24,0,0,-472.690000,2
1526,2023-07-31,2022-09-07,0,0,-107.560000,1
29,2023-02-04,2023-02-01,0,0,0.000000,2
2603,2023-07-23,2022-11-12,0,0,0.000000,1
502,2021-02-12,2024-12-19,0,0,0.000000,0
2908,2022-11-01,2021-04-20,0,1,275.950000,2
2019,2024-11-02,2023-12-23,0,0,93.090000,0
315,2020-12-24,2022-07-20,1,1,-169.980000,2
1764,2021-04-09,2023-09-30,0,1,2.860000,1
355,2021-12-23,2021-04-30,0,0,0.000000,2
2111,2023-04-16,2020-12-22,0,0,179.350000,0
1550,2021-06-29,2023-07-17,0,0,0.000000,0
999,2022-11-29,2025-01-28,0,0,0.000000,4
698,2020-11-21,2022-07-29,0,0,0.000000,4
290,2022-12-24,2022-01-12,0,0,0.000000,3
1216,2023-11-20,2023-11-26,0,0,0.000000,4
299,2021-09-27,2023-05-22,0,0,0.000000,3
1182,2021-01-03,2020-12-09,0,0,0.000000,0
1392,2022-09-11,2021-11-25,0,1,373.620000,2
1895,2022-03-17,2023-11-26,0,0,-32.290000,3
1317,2024-07-26,2022-09-02,0,0,0.000000,1
609,2022-03-15,2024-05-15,0,0,482.340000,2
613,2022-01-14,2020-05-31,0,0,-397.920000,2
1090,2025-02-01,2021-11-12,0,0,-176.260000,1
1263,2020-07-06,2022-06-07,0,0,0.000000,6
1571,2024-01-18,2021-05-14,0,0,0.000000,2
1334,2021-02-15,2021-06-16,0,0,0.000000,1
2911,2024-04-27,2022-01-08,0,0,268.970000,3
2106,2023-06-17,2025-04-20,0,0,0.000000,1
2590,2022-07-23,2021-03-27,0,0,0.000000,3
588,2023-02-20,2020-05-24,0,0,-105.810000,1
1787,2024-07-06,2020-12-30,0,0,0.000000,1
427,2022-10-12,2023-01-17,0,0,0.000000,1
2563,2020-08-17,2023-07-30,1,2,125.675000,1
1055,2022-08-30,2020-06-22,0,0,0.000000,1
972,2025-02-15,2024-12-20,0,0,210.470000,3
888,2023-05-13,2022-02-20,0,0,0.000000,4
874,2024-10-05,2024-08-11,0,0,0.000000,0
2231,2025-03-05,2024-09-10,0,0,0.000000,4
1513,2023-03-18,2025-03-19,0,0,0.000000,2
2648,2020-09-18,2023-05-25,0,0,0.000000,0
1538,2021-06-20,2020-12-18,0,0,0.000000,3
1107,2021-01-03,2021-07-05,0,0,0.000000,2
323,2024-09-25,2025-03-16,1,1,-184.200000,5
1261,2023-09-11,2022-03-19,1,2,-107.440000,2
1657,2024-09-23,2020-07-28,0,0,0.000000,2
834,2024-06-04,2023-06-29,0,0,0.000000,2
1294,2021-12-26,2023-11-18,0,0,-320.140000,1
49,2024-12-12,2020-10-12,1,1,387.620000,3
145,2024-09-12,2025-01-12,0,0,0.000000,0
2331,2022-12-31,2025-01-11,0,0,0.000000,1
2385,2021-07-07,2020-08-24,0,0,0.000000,2
247,2021-08-28,2021-02-15,1,2,323.815000,5
1442,2022-06-14,2020-10-24,0,0,0.000000,1
2016,2024-12-19,2023-05-28,0,0,0.000000,1
1655,2023-11-24,2020-08-30,0,0,-138.380000,1
1734,2023-12-27,2024-02-01,1,1,268.360000,4
2499,2023-04-22,2022-06-18,0,0,0.000000,2
1063,2022-04-15,2022-12-18,0,0,0.000000,2
1240,2023-11-01,2024-05-16,0,0,-35.960000,1
2799,2024-06-24,2021-03-24,0,1,259.560000,2
665,2024-01-04,2022-12-25,0,0,0.000000,5
1700,2024-11-15,2024-04-24,0,0,0.000000,2
873,2024-11-15,2023-09-06,0,0,0.000000,3
776,2021-09-28,2022-02-22,0,0,304.100000,2
853,2021-03-24,2022-04-27,1,1,428.400000,1
1486,2020-05-21,2021-11-06,0,0,0.000000,2
803,2023-07-18,2023-10-27,1,1,286.480000,0
943,2020-11-30,2024-03-17,0,0,-94.070000,3
2595,2023-05-25,2022-08-31,0,1,-47.490000,1
1556,2023-02-16,2023-11-01,1,2,405.595000,2
293,2025-02-23,2024-07-06,0,0,0.000000,4
2767,2020-12-17,2024-04-04,1,1,-310.760000,2
810,2023-05-11,2022-02-12,1,1,97.060000,1
1455,2024-09-01,2023-11-16,0,0,0.000000,5
2051,2024-01-20,2020-10-01,1,1,-129.880000,2
513,2025-01-22,2022-11-03,0,1,-189.790000,2
2393,2025-04-09,2024-04-01,0,0,0.000000,1
1984,2024-04-18,2022-03-09,0,0,0.000000,0
1810,2022-10-18,2022-02-25,0,0,34.570000,2
360,2022-04-29,2023-01-12,1,1,43.370000,3
538,2025-03-09,2020-05-31,0,0,0.000000,0
2692,2021-03-02,2024-04-13,1,2,257.350000,2
2713,2022-12-13,2025-01-27,0,0,-160.770000,1
1613,2021-12-06,2021-05-24,0,0,0.000000,3
933,2021-05-26,2022-07-30,1,1,-76.820000,1
1646,2020-06-17,2023-05-14,0,0,0.000000,1
1551,2022-07-12,2023-02-09,0,0,0.000000,0
1991,2020-10-02,2021-07-01,0,0,0.000000,3
1371,2022-03-23,2021-03-09,0,0,0.000000,0
980,2020-08-28,2024-06-02,0,0,0.000000,2
1339,2022-06-20,2022-07-10,0,1,428.005000,3
1581,2022-08-25,2023-06-01,0,0,0.000000,2
878,2025-01-21,2022-04-27,0,0,0.000000,2
711,2021-02-18,2023-02-15,0,0,0.000000,2
2673,2022-07-25,2024-06-29,0,0,0.000000,0
48,2024-05-16,2020-07-25,0,0,0.000000,2
1939,2023-12-11,2023-09-03,0,1,-208.490000,2
402,2023-01-07,2020-06-21,1,0,378.360000,3
1666,2024-02-28,2023-02-27,1,2,274.560000,3
1973,2025-01-04,2023-04-27,0,0,0.000000,1
408,2021-06-17,2021-12-11,0,0,0.000000,1
2787,2021-02-06,2024-07-25,0,0,0.000000,3
2035,2024-04-16,2022-10-13,0,0,179.440000,1
125,2024-02-20,2021-12-04,0,0,0.000000,1
1084,2020-09-10,2022-09-26,0,0,222.390000,1
1934,2023-06-27,2021-12-14,1,1,-337.250000,3
529,2024-10-11,2020-08-29,0,0,107.410000,5
815,2021-03-17,2021-01-11,0,0,0.000000,1
643,2024-12-29,2022-02-18,0,0,0.000000,2
1051,2022-07-16,2025-01-14,0,0,0.000000,4
601,2021-05-03,2024-03-27,0,1,-369.680000,2
148,2021-04-22,2023-12-05,1,0,-61.080000,3
510,2025-02-21,2021-08-23,1,0,463.360000,4
1193,2024-04-03,2023-05-30,1,1,-189.700000,2
1807,2021-09-04,2023-11-30,0,0,0.000000,1
2899,2020-06-19,2022-11-16,0,0,0.000000,4
359,2021-10-20,2021-04-14,0,0,0.000000,3
1214,2025-02-19,2020-10-06,0,0,0.000000,2
2509,2021-08-27,2023-07-23,0,0,0.000000,2
1065,2021-10-17,2024-06-18,0,0,0.000000,2
2177,2025-01-07,2024-01-08,1,0,0.000000,2
1276,2021-06-06,2022-05-17,1,1,-64.330000,4
2592,2021-09-23,2021-03-08,0,0,0.000000,1
2120,2020-07-30,2023-02-20,0,0,0.000000,2
2788,2021-01-19,2021-03-31,1,1,234.600000,1
2308,2020-06-14,2020-05-22,0,1,310.100000,4
139,2020-08-13,2023-09-11,0,0,-442.570000,4
128,2024-12-05,2022-11-21,1,0,-463.320000,4
2766,2021-07-20,2022-06-09,0,0,0.000000,3
1168,2023-05-11,2023-01-21,0,0,-73.940000,0
2702,2022-12-07,2023-08-18,0,0,0.000000,3
2506,2021-08-07,2024-07-14,0,0,0.000000,2
294,2021-08-20,2022-07-31,0,0,260.160000,1
228,2023-04-25,2024-06-12,1,1,-3.570000,3
1126,2023-10-01,2025-01-14,0,1,193.745000,0
1207,2021-10-13,2022-03-01,0,0,0.000000,0
2524,2022-06-28,2021-10-12,0,0,305.110000,4
1440,2021-11-30,2025-04-07,0,0,0.000000,3
1974,2021-04-23,2023-08-29,0,0,0.000000,2
2877,2023-06-13,2022-04-29,1,1,194.590000,4
2054,2024-06-06,2022-06-05,0,0,0.000000,4
441,2020-10-12,2022-12-11,1,1,208.440000,3
179,2022-11-29,2021-01-22,0,0,0.000000,0
1524,2021-06-20,2021-11-25,0,0,0.000000,1
2946,2024-03-28,2021-12-02,0,0,0.000000,4
1961,2021-11-02,2024-01-06,0,0,0.000000,3
1829,2024-02-18,2023-11-25,0,0,0.000000,1
1349,2024-03-01,2023-11-17,0,0,0.000000,6
2020,2024-11-06,2022-02-11,0,0,0.000000,1
1503,2022-08-22,2020-07-19,1,1,191.645000,1
900,2022-10-22,2021-07-20,0,0,235.300000,3
33,2023-03-18,2021-09-05,1,1,-89.250000,2
2462,2023-04-27,2023-07-04,0,0,0.000000,1
466,2023-03-03,2020-08-01,0,0,0.000000,4
1427,2024-12-31,2023-05-26,0,0,0.000000,1
2807,2021-12-23,2022-03-22,0,0,0.000000,0
610,2021-07-15,2024-03-09,0,1,-340.900000,2
1566,2021-10-16,2021-09-15,1,1,430.550000,3
472,2024-06-14,2022-06-02,0,1,-221.360000,4
2504,2022-04-30,2023-05-12,1,1,285.080000,0
2286,2021-03-08,2022-03-14,0,0,0.000000,1
325,2023-06-30,2023-01-29,0,0,330.890000,3
168,2023-02-19,2024-03-15,0,0,0.000000,1
1605,2021-03-04,2024-05-25,0,0,-417.510000,3
449,2021-06-05,2022-03-20,0,0,0.000000,2
1889,2024-05-11,2022-03-31,1,1,204.920000,1
589,2023-02-19,2022-08-21,1,1,26.370000,1
807,2020-09-04,2020-08-12,0,0,0.000000,1
2244,2023-09-29,2021-02-27,0,0,18.370000,5
2730,2021-03-27,2022-02-28,0,0,-451.530000,0
193,2023-01-01,2021-12-07,0,0,0.000000,1
1099,2024-08-26,2021-10-26,0,0,-1.430000,0
75,2022-12-31,2022-09-10,0,0,0.000000,0
2430,2024-08-26,2023-07-26,1,1,62.040000,0
436,2020-07-30,2021-10-03,0,0,0.000000,1
394,2020-12-25,2020-09-17,0,0,0.000000,0
576,2024-10-05,2020-10-13,0,0,0.000000,1
1950,2024-09-02,2023-02-27,0,0,-117.970000,0
903,2025-04-14,2022-06-03,0,0,0.000000,1
1266,2021-03-23,2023-06-18,1,1,-84.310000,3
1231,2021-06-18,2024-05-27,1,1,-394.450000,4
1241,2024-04-19,2023-10-23,0,0,0.000000,1
2482,2020-07-14,2020-06-17,1,1,-172.040000,1
1355,2021-01-25,2022-03-13,1,2,236.920000,5
2264,2023-10-24,2024-03-21,1,1,246.710000,2
69,2021-11-01,2022-02-04,0,0,31.580000,4
1792,2022-02-10,2021-08-04,0,0,0.000000,6
363,2022-02-08,2024-09-26,0,0,-305.990000,1
1573,2021-01-24,2021-01-15,0,0,0.000000,3
13,2025-02-04,2021-05-14,0,0,0.000000,2
1890,2023-01-05,2021-08-26,0,0,0.000000,1
426,2025-03-07,2021-08-15,1,1,73.700000,0
1337,2023-04-12,2023-08-04,1,1,347.080000,0
2199,2021-11-04,2021-04-30,0,0,0.000000,0
1325,2022-09-15,2020-11-02,0,0,0.000000,2
1881,2022-06-08,2024-03-11,0,0,0.000000,3
235,2022-04-24,2021-09-19,0,1,-443.460000,1
1996,2021-08-03,2021-07-09,0,0,0.000000,2
382,2022-01-26,2021-07-05,0,1,284.920000,1
2189,2025-03-19,2023-01-27,1,1,80.820000,0
1918,2024-06-19,2020-05-02,0,1,168.050000,2
1217,2021-09-08,2024-02-08,0,0,173.740000,0
504,2022-05-17,2022-08-22,1,1,-380.630000,4
2993,2024-11-14,2021-02-21,0,0,-137.770000,2
631,2020-05-15,2025-04-22,0,0,0.000000,0
291,2021-01-08,2021-12-03,0,0,-473.030000,1
1320,2024-06-21,2023-06-07,0,0,0.000000,0
160,2025-02-12,2021-03-28,0,0,0.000000,2
2707,2021-06-23,2021-09-07,0,0,0.000000,1
2717,2025-03-25,2021-11-26,1,1,264.570000,1
2723,2021-02-26,2023-05-27,1,0,115.380000,4
1209,2022-01-16,2022-06-26,0,0,-92.300000,1
1718,2021-01-12,2021-03-27,0,0,0.000000,0
350,2024-12-16,2021-01-15,0,1,-30.580000,1
443,2022-02-17,2024-08-17,0,1,188.230000,2
1561,2024-01-06,2020-12-01,0,0,0.000000,1
231,2021-01-02,2022-11-09,0,0,0.000000,0
2005,2024-04-29,2022-07-24,0,0,339.150000,1
2108,2024-01-16,2023-02-12,0,1,-404.640000,0
1680,2023-05-29,2024-03-17,0,0,0.000000,4
1695,2024-12-13,2023-03-30,1,1,404.070000,2
2554,2024-01-04,2021-05-09,0,0,0.000000,2
2364,2021-06-23,2023-11-04,0,1,427.380000,1
977,2022-07-11,2022-08-27,1,2,115.580000,2
2306,2020-10-10,2020-07-06,0,0,0.000000,2
2983,2020-08-10,2022-03-25,0,0,0.000000,6
1659,2023-04-13,2022-04-08,1,1,406.570000,1
530,2020-09-21,2021-05-14,0,0,0.000000,1
2765,2020-06-30,2023-03-17,1,2,-316.055000,4
1358,2024-09-21,2024-04-23,0,0,0.000000,0
949,2023-09-27,2023-08-21,0,0,0.000000,3
2982,2021-01-18,2023-01-13,0,0,0.000000,4
1929,2021-02-28,2023-05-06,1,1,-25.370000,2
1290,2022-06-18,2021-12-01,0,0,0.000000,0
2814,2022-10-31,2024-03-30,0,0,-289.660000,1
406,2024-02-02,2022-11-19,0,0,0.000000,3
840,2022-04-13,2022-06-13,0,0,307.070000,3
2174,2025-03-27,2022-02-04,1,1,-160.790000,2
1917,2023-06-11,2021-10-30,0,1,-120.850000,0
2614,2023-07-20,2020-05-13,1,1,-12.440000,1
1802,2022-05-17,2021-10-03,0,0,0.000000,1
1785,2024-10-17,2023-12-04,0,0,0.000000,5
1497,2022-03-23,2025-03-22,0,0,0.000000,1
1790,2024-08-01,2024-05-22,0,0,0.000000,0
215,2021-05-11,2022-07-01,0,0,0.000000,1
2571,2023-11-30,2022-06-05,1,2,273.530000,1
500,2021-10-06,2022-09-10,0,1,37.280000,2
1022,2022-01-14,2020-11-04,0,0,-320.500000,0
24,2024-08-28,2021-07-06,0,0,0.000000,1
1062,2024-12-03,2025-04-16,0,0,478.590000,1
210,2023-12-30,2024-08-25,0,0,0.000000,6
1072,2023-09-27,2025-03-06,0,1,399.570000,0
1482,2023-06-11,2021-06-26,0,0,-272.310000,2
1755,2024-01-12,2024-10-18,1,3,-29.380000,2
1583,2024-09-21,2021-07-15,0,0,0.000000,2
188,2022-09-12,2021-11-11,1,1,-383.600000,2
2479,2022-07-20,2023-02-06,0,0,0.000000,1
2293,2024-05-22,2021-02-23,0,0,0.000000,4
2136,2020-06-13,2022-01-15,0,0,0.000000,1
2776,2021-08-29,2023-06-24,0,0,245.620000,2
98,2021-12-04,2021-12-27,0,0,0.000000,3
2218,2023-07-05,2025-01-01,0,0,-111.870000,4
1327,2021-05-24,2025-04-18,0,0,48.640000,0
2659,2021-10-29,2021-12-16,0,0,0.000000,1
708,2024-12-11,2021-04-24,0,0,0.000000,1
1468,2023-08-16,2025-02-27,0,1,182.910000,0
2400,2023-05-08,2025-03-17,0,0,-78.520000,2
2701,2022-01-04,2022-03-21,0,0,0.000000,2
978,2021-12-01,2024-01-14,0,0,-414.600000,4
1089,2024-04-22,2021-04-10,0,0,0.000000,5
2341,2021-04-18,2024-02-01,0,0,50.960000,3
2560,2024-02-28,2024-11-16,0,0,0.000000,1
2532,2023-11-05,2023-01-21,0,0,0.000000,0
454,2021-10-13,2023-04-24,0,0,0.000000,3
2720,2020-07-26,2021-08-21,0,0,0.000000,3
2475,2021-02-19,2023-09-18,0,0,244.240000,3
2977,2024-07-10,2024-01-26,0,0,0.000000,2
1860,2021-03-25,2021-04-09,0,0,0.000000,2
2079,2025-03-25,2021-04-23,0,0,-44.290000,4
627,2024-08-19,2024-07-22,1,1,-470.310000,2
2839,2020-06-28,2022-05-25,1,1,28.450000,3
30,2020-12-18,2023-08-12,0,0,0.000000,2
32,2021-12-23,2024-11-11,0,0,0.000000,2
710,2023-12-26,2022-06-28,0,0,243.965000,3
1567,2020-10-18,2022-08-18,0,1,402.890000,5
1539,2020-04-27,2023-12-13,0,0,0.000000,1
1634,2025-02-13,2023-10-24,0,0,0.000000,0
2578,2022-08-13,2021-01-12,0,0,28.620000,2
1147,2023-02-12,2023-06-11,0,0,0.000000,2
785,2020-07-25,2025-01-23,0,0,0.000000,2
830,2023-01-25,2021-11-02,0,0,0.000000,5
577,2023-12-09,2023-11-11,0,0,0.000000,2
2547,2023-11-16,2023-03-16,0,0,-492.970000,1
2440,2024-01-11,2020-07-26,0,0,0.000000,1
1340,2022-04-22,2022-05-26,0,0,0.000000,0
615,2021-03-03,2022-02-01,1,1,-201.930000,2
2501,2024-09-22,2025-02-15,0,0,0.000000,0
906,2023-04-10,2023-04-13,0,0,0.000000,2
1730,2024-10-02,2022-01-30,0,0,0.000000,1
2426,2023-08-21,2020-11-13,0,0,0.000000,2
1071,2020-11-05,2024-01-07,0,1,-294.440000,1
1832,2020-11-21,2024-09-13,0,0,0.000000,2
1923,2021-12-25,2023-10-09,0,0,0.000000,2
368,2023-03-01,2022-01-14,1,0,335.545000,2
705,2020-05-22,2020-08-06,0,0,0.000000,0
431,2024-07-08,2024-10-06,0,0,0.000000,4
1016,2022-06-09,2024-01-13,0,0,-396.140000,2
2041,2023-07-01,2021-03-06,0,0,0.000000,3
2431,2023-06-17,2023-08-19,0,1,275.690000,2
2557,2021-06-22,2022-03-28,0,0,0.000000,2
419,2020-08-09,2023-10-19,0,0,-247.220000,1
1064,2021-08-13,2024-02-29,0,1,-278.050000,0
2555,2023-11-27,2025-01-29,0,1,-249.160000,4
1056,2023-02-06,2023-07-10,0,0,0.000000,1
1324,2024-03-21,2023-03-24,0,0,0.000000,1
1848,2021-10-27,2020-09-07,0,0,-349.440000,3
1069,2021-07-07,2020-12-13,0,0,0.000000,6
2083,2025-01-03,2022-05-13,0,0,46.260000,2
1601,2025-01-31,2020-12-24,0,0,0.000000,2
2696,2022-12-14,2023-08-30,0,1,-385.740000,3
1856,2022-12-14,2023-02-02,1,1,-160.385000,2
1097,2021-03-13,2020-04-28,1,1,-377.020000,3
663,2023-03-08,2024-12-03,0,0,0.000000,1
2460,2023-03-13,2021-02-17,0,0,0.000000,1
2539,2022-12-07,2024-06-08,0,0,0.000000,2
2642,2022-08-17,2021-03-13,0,0,0.000000,5
428,2022-12-03,2023-11-20,0,0,0.000000,0
133,2021-05-20,2024-08-28,0,0,0.000000,2
1465,2020-12-29,2020-12-26,0,0,-450.130000,2
2525,2023-05-13,2022-11-21,0,0,0.000000,2
165,2021-10-19,2023-05-20,0,0,0.000000,3
2756,2022-01-29,2023-02-11,0,0,0.000000,4
1452,2023-04-20,2021-12-22,0,0,0.000000,1
1338,2023-12-02,2022-05-27,1,1,-286.070000,4
932,2024-07-08,2024-05-12,0,0,0.000000,3
860,2024-12-09,2024-11-29,0,1,258.030000,3
2074,2025-04-23,2024-09-08,0,0,0.000000,1
717,2022-06-01,2024-11-29,0,0,148.550000,2
668,2021-01-19,2021-11-24,1,0,0.000000,2
2907,2023-05-17,2023-01-27,1,2,-316.250000,1
2001,2022-10-23,2021-06-11,0,1,86.880000,1
2351,2023-06-17,2023-01-11,0,0,0.000000,3
1884,2020-07-14,2022-11-17,0,0,0.000000,2
1684,2021-02-15,2023-06-27,0,0,0.000000,0
2962,2021-10-04,2023-03-30,0,0,-202.710000,1
2674,2021-04-21,2024-02-25,0,0,0.000000,2
2129,2020-11-19,2024-03-14,0,1,-84.530000,4
2217,2023-08-01,2023-09-25,0,0,304.430000,2
1908,2023-08-19,2022-07-22,0,0,409.075000,0
233,2020-05-09,2020-05-10,0,0,0.000000,3
109,2021-02-01,2023-02-11,0,0,0.000000,2
366,2023-06-16,2021-02-14,0,0,0.000000,2
261,2023-03-21,2022-03-26,0,0,0.000000,4
688,2023-10-26,2021-03-28,0,0,0.000000,0
1164,2022-11-30,2021-08-12,0,0,0.000000,1
1568,2024-11-08,2020-11-27,0,0,0.000000,0
140,2022-10-11,2022-06-08,1,1,-274.880000,1
638,2022-07-09,2022-10-31,0,0,0.000000,1
1173,2023-07-22,2023-12-04,0,0,187.115000,3
766,2025-01-12,2022-06-15,0,0,0.000000,2
1367,2024-05-03,2024-07-15,0,0,0.000000,3
671,2023-11-09,2023-01-13,0,0,0.000000,2
1395,2022-05-11,2022-09-30,0,0,98.300000,1
1309,2024-01-05,2022-11-05,0,0,0.000000,3
2003,2022-11-21,2021-04-04,0,0,0.000000,5
957,2023-02-22,2022-08-06,1,1,-212.180000,3
2309,2025-03-27,2024-04-03,1,0,0.000000,7
1879,2022-03-19,2022-02-01,0,0,0.000000,1
1201,2023-07-01,2024-03-28,1,1,346.770000,4
1699,2023-03-22,2024-03-15,0,0,0.000000,2
885,2023-01-05,2021-04-04,0,0,0.000000,2
692,2024-07-19,2022-12-14,1,2,-152.920000,3
1751,2022-05-23,2025-02-13,0,0,0.000000,2
2897,2023-07-07,2020-06-02,0,0,0.000000,5
1903,2024-08-16,2023-09-22,0,1,-136.460000,2
2230,2022-04-12,2024-01-09,0,0,0.000000,1
1271,2024-05-12,2021-10-08,1,1,451.600000,3
256,2023-08-03,2022-05-16,0,0,0.000000,1
2165,2024-11-11,2022-08-25,1,2,-165.365000,1
1353,2025-02-27,2020-11-04,1,1,-12.070000,1
546,2022-05-22,2022-06-09,0,0,0.000000,2
2384,2021-03-30,2021-04-21,0,1,-212.270000,3
154,2022-09-30,2024-07-30,0,0,0.000000,1
20,2020-05-28,2022-03-06,0,1,208.230000,0
1245,2023-01-06,2023-05-06,0,0,0.000000,3
412,2023-11-14,2021-07-21,1,1,-164.830000,1
348,2021-05-23,2021-08-10,0,0,0.000000,5
1485,2020-10-28,2024-01-23,0,0,0.000000,4
468,2021-09-04,2025-01-09,1,2,-258.180000,4
2049,2022-03-31,2020-09-25,0,0,0.000000,2
2782,2020-07-22,2024-11-23,0,0,0.000000,4
358,2022-04-03,2025-01-04,0,0,-298.540000,2
1516,2023-08-13,2022-08-02,0,0,410.770000,2
2570,2025-02-04,2024-02-08,0,0,0.000000,5
2024,2023-07-17,2023-11-11,0,0,85.300000,1
1947,2023-05-17,2021-03-19,0,0,0.000000,0
1302,2023-05-28,2023-03-29,0,0,0.000000,3
553,2022-06-04,2024-06-30,1,0,124.750000,2
1808,2021-05-31,2024-07-11,0,0,-242.160000,1
1945,2023-01-14,2021-04-21,0,0,0.000000,2
892,2022-05-31,2025-01-11,0,0,440.080000,2
928,2023-04-02,2021-12-15,0,0,0.000000,2
1715,2025-02-01,2021-11-15,0,0,0.000000,1
122,2024-10-07,2022-03-18,1,1,-255.940000,4
2455,2024-10-13,2023-08-18,1,1,350.350000,4
2265,2024-01-10,2023-03-19,0,0,0.000000,2
792,2020-05-08,2023-03-04,0,0,-418.760000,2
2150,2024-04-02,2022-05-18,0,0,0.000000,1
303,2021-07-21,2022-10-20,0,0,-208.630000,3
1692,2023-01-19,2021-04-08,0,0,-361.860000,3
1017,2024-02-18,2022-02-05,1,1,128.050000,3
1937,2024-12-08,2020-10-04,0,0,0.000000,2
1122,2021-12-23,2021-01-18,0,0,0.000000,2
1198,2023-05-20,2024-07-27,0,0,435.790000,1
2180,2020-06-24,2025-01-27,0,0,-454.020000,0
714,2025-04-24,2021-02-18,0,0,-13.290000,5
1405,2022-02-08,2024-03-19,0,0,0.000000,2
1842,2021-11-16,2023-05-02,0,0,0.000000,6
2387,2020-09-04,2021-08-04,0,0,0.000000,2
1316,2024-01-26,2022-07-16,0,0,0.000000,2
1086,2023-05-03,2023-04-21,0,1,256.815000,1
1132,2022-10-06,2021-07-24,0,0,0.000000,1
2927,2021-02-21,2022-10-05,1,1,95.230000,1
1944,2023-04-25,2023-12-18,0,0,-266.385000,3
1081,2025-04-18,2022-07-27,1,1,-186.150000,0
1854,2022-04-22,2022-08-15,0,0,-39.480000,3
1588,2021-05-15,2024-03-25,0,0,-90.130000,0
38,2020-09-10,2025-04-02,0,0,-13.540000,4
2138,2023-06-05,2022-04-20,1,1,261.537500,2
2356,2023-03-10,2021-07-16,0,0,201.020000,0
2580,2022-09-04,2020-06-27,0,0,0.000000,0
1377,2023-10-20,2021-11-23,0,0,0.000000,1
37,2023-12-18,2021-11-12,0,0,-26.070000,1
867,2022-10-10,2021-09-19,0,0,0.000000,2
2496,2022-11-25,2021-10-01,0,0,0.000000,1
1982,2022-07-16,2024-12-30,0,0,-82.500000,3
2324,2024-04-11,2022-07-03,0,0,0.000000,2
2432,2020-12-21,2021-05-08,1,2,-323.100000,0
2379,2023-09-22,2023-03-07,0,0,298.300000,5
1057,2024-10-10,2024-05-11,0,0,0.000000,4
2093,2025-02-06,2023-02-26,0,0,0.000000,4
1495,2023-10-15,2024-11-22,0,0,0.000000,4
1237,2024-12-13,2021-12-18,0,0,0.000000,1
2900,2021-09-22,2025-04-10,1,2,-198.130000,2
2337,2020-09-17,2024-04-29,0,0,0.000000,2
1014,2022-01-13,2024-06-22,0,0,0.000000,1
103,2021-04-26,2022-02-22,0,0,0.000000,1
2576,2022-09-28,2024-01-06,0,1,71.390000,0
289,2022-09-06,2023-04-10,0,0,0.000000,2
1756,2024-03-22,2020-08-09,0,0,0.000000,2
2234,2021-04-26,2020-10-06,1,2,231.075000,1
1614,2021-04-05,2023-09-29,1,1,-219.260000,5
1422,2025-02-06,2020-07-20,0,1,-168.885000,2
2500,2023-09-05,2020-05-19,0,0,16.780000,2
2254,2020-12-12,2021-06-28,0,1,443.785000,1
1119,2022-05-11,2022-05-08,1,1,397.920000,2
2075,2024-01-10,2023-04-05,1,0,0.000000,4
1171,2023-01-26,2024-03-29,0,0,0.000000,1
2922,2022-05-02,2024-04-08,0,0,0.000000,2
2757,2020-06-25,2024-06-10,0,0,0.000000,2
21,2020-07-29,2024-01-29,0,0,0.000000,2
1054,2024-01-31,2023-09-10,0,0,0.000000,1
1504,2023-12-04,2022-09-15,0,0,0.000000,2
2790,2022-11-17,2023-08-30,1,1,94.906667,0
914,2020-06-07,2023-10-29,0,0,202.380000,1
544,2021-06-01,2024-08-26,0,0,0.000000,4
2406,2021-11-01,2020-05-24,1,0,0.000000,4
151,2023-07-20,2020-12-21,0,0,0.000000,2
2445,2022-06-06,2021-05-06,0,0,-386.740000,3
2375,2024-08-04,2021-01-06,0,0,0.000000,1
1505,2023-10-25,2020-11-17,1,1,218.540000,1
2322,2021-11-01,2023-03-10,0,0,-379.860000,1
817,2024-08-06,2024-04-14,0,0,-204.670000,3
1226,2024-08-05,2020-05-07,0,0,-411.650000,2
2102,2025-03-08,2023-10-09,0,1,-121.970000,1
2629,2020-08-13,2023-12-25,0,0,0.000000,3
2245,2021-08-15,2024-09-24,1,2,102.340000,3
2099,2024-05-08,2022-12-12,1,1,204.160000,0
36,2021-09-05,2023-06-26,0,0,0.000000,1
1517,2024-04-01,2021-10-18,0,0,0.000000,1
1729,2024-03-16,2021-03-10,1,1,250.100000,1
392,2021-03-10,2024-12-24,0,0,12.750000,1
2457,2021-07-09,2021-08-06,0,0,0.000000,0
1148,2020-09-19,2020-08-16,0,0,0.000000,0
2952,2022-04-09,2024-05-11,1,1,-425.480000,1
2854,2021-12-12,2024-09-23,0,1,-210.580000,1
2323,2021-02-02,2020-09-21,1,1,259.225000,1
891,2024-07-23,2021-10-29,0,0,0.000000,3
636,2024-10-11,2021-09-02,0,0,0.000000,1
1228,2021-10-18,2022-01-25,0,0,0.000000,2
226,2021-03-07,2024-04-01,1,2,-391.325000,4
684,2022-06-09,2022-01-31,0,0,0.000000,0
1872,2023-06-06,2022-03-01,0,0,0.000000,0
1256,2021-02-26,2024-06-04,0,1,-372.100000,0
460,2023-01-31,2021-09-11,0,0,-21.180000,2
676,2023-10-22,2020-09-11,0,0,0.000000,0
378,2022-01-15,2025-02-02,0,0,-486.440000,1
214,2021-05-05,2022-12-21,1,2,141.010000,2
831,2022-01-26,2023-04-14,0,0,0.000000,4
829,2020-10-25,2022-12-27,0,0,0.000000,2
955,2025-03-03,2022-03-09,0,0,0.000000,4
1518,2021-09-18,2020-07-24,0,0,0.000000,2
2420,2023-05-22,2022-03-17,1,1,-289.290000,2
1169,2021-11-14,2024-05-30,0,0,332.720000,3
2017,2025-01-27,2020-09-17,1,2,-146.565000,2
1,2022-12-05,2024-05-08,0,0,0.000000,2
276,2023-12-23,2021-11-01,0,0,0.000000,1
1767,2023-12-26,2025-03-07,1,0,0.000000,6
1852,2024-07-31,2023-06-14,0,0,0.000000,0
679,2020-07-02,2020-11-03,0,0,0.000000,2
416,2023-07-01,2021-03-04,0,0,0.000000,1
1357,2023-02-26,2022-11-11,0,0,0.000000,2
2015,2021-10-23,2022-02-13,1,1,-191.700000,2
2846,2021-02-06,2023-06-15,1,2,132.200000,0
2295,2021-03-28,2020-07-13,1,1,-315.630000,4
2778,2021-05-19,2024-01-29,0,0,0.000000,1
1675,2020-12-24,2024-05-02,0,0,0.000000,0
1869,2024-11-12,2023-09-07,1,1,115.060000,2
808,2023-10-25,2023-03-26,0,0,366.610000,2
2275,2023-10-28,2021-07-21,0,0,0.000000,1
476,2022-01-24,2021-03-08,0,0,0.000000,2
104,2021-05-21,2025-03-29,0,0,-263.530000,2
1103,2022-03-18,2021-05-19,0,0,0.000000,1
1332,2024-02-23,2021-04-05,0,1,286.990000,1
791,2020-10-18,2023-10-06,0,0,0.000000,1
743,2024-05-21,2023-10-08,0,0,0.000000,1
2433,2021-06-16,2021-04-01,0,0,-194.980000,2
1584,2023-06-30,2022-04-28,0,0,172.820000,0
489,2021-06-14,2025-01-09,0,0,0.000000,3
2357,2022-10-06,2021-06-23,0,0,0.000000,4
881,2022-05-27,2022-02-04,0,0,0.000000,4
2179,2020-09-04,2024-01-31,0,0,0.000000,3
2239,2020-08-22,2024-08-25,0,0,0.000000,1
559,2020-08-15,2025-02-07,0,0,0.000000,5
1484,2022-10-04,2024-02-17,0,0,0.000000,4
593,2024-08-12,2023-04-27,0,0,0.000000,0
2104,2022-08-20,2020-10-15,0,0,0.000000,2
1254,2024-11-09,2021-12-09,0,0,0.000000,5
2859,2023-12-23,2022-06-22,1,2,-195.810000,2
2287,2024-06-29,2020-05-06,0,0,0.000000,2
1983,2024-11-10,2023-08-06,0,0,0.000000,1
1229,2020-08-09,2021-03-23,0,0,0.000000,1
2248,2021-06-22,2021-04-13,0,0,0.000000,4
1722,2021-07-08,2020-06-26,0,0,0.000000,6
2913,2020-10-29,2021-04-14,0,0,0.000000,0
828,2022-12-01,2021-08-25,0,0,426.755000,0
2103,2024-09-05,2025-01-20,0,0,0.000000,2
1018,2021-08-08,2023-04-27,1,0,0.000000,3
990,2024-09-19,2020-12-28,1,1,160.810000,4
1223,2023-04-01,2022-04-04,0,0,0.000000,4
1116,2024-05-18,2023-12-06,1,1,453.770000,4
1586,2021-06-21,2021-08-07,0,0,0.000000,1
2477,2021-11-14,2024-04-09,0,0,468.590000,1
682,2022-06-26,2022-09-28,0,0,0.000000,2
793,2023-06-06,2025-03-02,0,0,0.000000,2
2978,2021-02-18,2020-05-30,0,0,0.000000,1
2744,2024-02-18,2023-11-05,0,0,0.000000,0
913,2020-11-17,2020-09-24,0,0,198.075000,4
1094,2022-02-02,2021-07-30,0,0,0.000000,7
72,2023-03-13,2023-11-03,0,0,0.000000,3
800,2025-01-14,2022-12-19,0,0,0.000000,2
1397,2022-10-08,2021-06-23,0,0,0.000000,4
2350,2025-04-20,2022-12-24,0,0,-39.680000,1
2543,2024-04-19,2022-11-23,0,0,0.000000,3
1905,2022-09-08,2021-01-30,0,1,-408.450000,2
1521,2020-06-25,2022-06-11,0,0,0.000000,0
1637,2024-05-16,2020-10-21,0,0,-134.700000,1
1658,2021-07-02,2021-04-29,1,1,22.650000,2
1124,2021-02-05,2021-07-21,1,0,48.665000,3
661,2023-07-11,2022-05-14,1,2,-395.140000,2
895,2025-02-09,2024-05-23,1,2,143.120000,4
2471,2024-03-06,2021-12-16,0,0,0.000000,2
2853,2022-06-22,2024-10-13,1,1,454.720000,2
1667,2021-12-25,2024-10-28,0,1,86.520000,1
1410,2025-04-15,2023-12-06,1,1,-177.100000,3
969,2024-04-05,2024-04-27,0,0,0.000000,2
2340,2021-02-26,2023-07-16,0,0,0.000000,2
2486,2023-06-12,2022-09-20,1,1,-93.770000,2
1975,2022-04-24,2025-01-28,0,0,226.250000,1
2876,2021-05-22,2020-05-13,0,0,0.000000,1
1010,2022-04-11,2022-03-21,1,1,-94.830000,3
2395,2023-10-10,2021-09-15,0,0,188.750000,2
2745,2021-01-30,2022-05-03,0,0,-463.620000,4
882,2023-01-05,2022-07-11,0,0,0.000000,1
2503,2020-08-07,2023-05-25,0,0,0.000000,0
2708,2024-12-15,2021-06-26,0,0,102.500000,0
2380,2024-12-23,2022-10-07,0,0,0.000000,3
1287,2025-04-01,2021-03-18,0,1,22.210000,0
252,2021-03-11,2024-07-17,0,0,0.000000,4
1005,2022-08-29,2021-12-26,0,0,0.000000,5
524,2022-05-19,2024-11-26,1,2,312.900000,3
591,2024-06-26,2021-01-24,0,0,267.800000,4
1418,2022-02-28,2024-02-26,1,1,-32.600000,0
2681,2025-02-07,2022-09-16,1,2,-116.610000,2
92,2023-01-14,2024-06-01,1,1,-285.630000,2
2652,2022-06-18,2025-01-05,0,0,-482.060000,1
1412,2021-01-11,2023-11-24,1,2,126.750000,0
1702,2021-07-08,2022-08-02,0,0,-266.800000,6
379,2023-03-18,2023-06-21,0,0,-289.590000,1
1048,2022-01-21,2023-05-29,0,0,-459.630000,1
2416,2023-12-27,2020-10-12,1,1,95.750000,2
2636,2021-09-17,2022-12-21,0,0,0.000000,4
2725,2025-01-24,2024-05-13,0,1,210.870000,0
1436,2022-11-09,2023-11-20,0,0,0.000000,2
1522,2022-04-18,2022-01-03,0,0,0.000000,2
2410,2020-11-02,2023-07-27,0,0,0.000000,4
2353,2021-03-18,2023-05-10,0,0,0.000000,2
2472,2024-01-01,2021-05-10,0,0,285.670000,0
600,2021-04-08,2023-02-10,0,0,0.000000,0
2382,2023-11-23,2024-05-29,1,2,140.040000,3
1768,2022-08-03,2022-07-11,0,0,0.000000,2
142,2024-10-13,2025-01-08,0,1,150.950000,4
2545,2022-01-06,2021-03-19,0,0,0.000000,1
2307,2023-10-08,2021-06-09,0,0,0.000000,0
1727,2021-06-02,2023-06-03,0,0,239.640000,2
219,2021-08-16,2023-11-17,0,1,-382.830000,1
241,2022-07-22,2020-10-06,0,0,0.000000,3
272,2023-01-15,2023-06-25,0,0,0.000000,0
1399,2022-09-06,2020-09-16,0,0,20.040000,3
1694,2023-06-29,2022-03-02,0,1,-291.930000,2
694,2021-03-04,2021-07-26,0,0,0.000000,1
1512,2024-08-12,2020-07-20,0,0,299.040000,1
1454,2021-10-22,2022-08-14,0,0,0.000000,0
1142,2023-07-19,2023-06-04,0,0,0.000000,2
137,2021-05-02,2021-11-24,1,0,0.000000,5
106,2021-10-14,2022-07-01,0,0,0.000000,0
1781,2020-07-15,2020-09-13,1,1,-86.450000,2
2013,2022-11-13,2023-06-14,0,0,0.000000,1
2263,2021-08-23,2020-09-13,1,1,-275.990000,2
99,2023-01-04,2021-07-14,0,1,133.910000,1
1330,2024-07-29,2020-07-23,0,0,0.000000,3
462,2021-01-18,2022-03-18,0,0,0.000000,3
274,2024-01-21,2020-12-25,0,1,4.575000,5
1255,2024-08-29,2023-05-15,0,0,0.000000,0
162,2021-04-24,2021-08-07,0,1,-318.750000,5
352,2020-10-02,2022-09-27,0,0,0.000000,3
2873,2024-03-29,2021-06-14,1,2,-186.320000,3
1032,2024-03-16,2023-10-27,0,0,243.130000,1
1558,2022-12-05,2020-09-15,0,0,0.000000,1
127,2021-11-10,2024-08-20,0,0,0.000000,1
880,2023-11-09,2021-08-16,0,0,0.000000,1
967,2021-08-07,2025-04-20,1,1,-405.920000,2
1607,2024-03-28,2021-07-29,0,0,0.000000,2
1242,2020-11-16,2022-10-13,0,0,0.000000,3
508,2021-08-13,2025-01-13,1,2,-247.840000,1
2768,2021-09-13,2021-12-14,0,0,0.000000,0
673,2024-01-13,2021-10-07,0,0,0.000000,1
2211,2022-11-15,2022-10-28,0,1,-284.990000,1
465,2023-07-17,2023-07-28,1,2,277.445000,6
52,2020-09-10,2020-09-28,0,0,-197.170000,1
45,2020-11-13,2021-05-19,0,0,0.000000,3
1281,2022-03-09,2024-09-07,0,0,0.000000,0
15,2023-07-07,2021-11-11,0,0,-22.000000,3
1861,2021-08-06,2023-07-04,0,0,-173.340000,4
1818,2020-11-29,2022-07-14,0,0,0.000000,0
2310,2022-03-01,2022-10-03,1,0,0.000000,2
2857,2021-07-24,2025-01-27,0,1,-345.290000,2
2662,2021-02-15,2024-05-29,1,2,150.880000,2
185,2020-07-21,2024-09-29,0,0,0.000000,1
704,2022-10-07,2022-12-14,0,0,0.000000,1
1328,2021-04-28,2022-07-16,0,0,0.000000,3
421,2022-05-15,2024-04-13,0,0,0.000000,0
672,2022-05-29,2020-06-04,0,0,0.000000,1
2334,2022-05-15,2024-06-29,0,0,0.000000,2
1106,2021-06-01,2024-04-03,0,0,0.000000,1
2057,2021-02-02,2021-07-01,0,0,-313.990000,1
2419,2022-06-28,2021-02-17,0,0,205.810000,2
2834,2022-08-18,2022-02-12,0,1,-478.780000,2
121,2022-10-13,2022-06-21,0,0,0.000000,1
2279,2022-01-22,2022-11-19,0,0,-10.130000,1
983,2024-01-07,2022-02-26,0,0,0.000000,4
2498,2020-12-04,2020-06-18,1,1,-67.670000,1
1954,2024-09-17,2021-08-17,0,0,0.000000,0
2256,2022-01-05,2024-06-12,0,0,0.000000,1
3000,2021-07-16,2023-04-15,0,0,101.620000,3
1744,2024-11-10,2023-09-09,1,1,417.640000,1
295,2024-04-23,2020-05-12,0,0,451.220000,1
1749,2021-05-24,2024-07-25,0,0,0.000000,4
1580,2020-08-14,2024-04-06,0,0,0.000000,2
2202,2023-03-04,2021-08-03,1,1,475.430000,1
1544,2021-03-09,2023-08-22,0,0,79.880000,4
2538,2022-10-29,2022-09-22,0,0,0.000000,2
1052,2020-11-01,2023-03-10,0,0,0.000000,2
114,2021-02-28,2023-11-17,1,1,-95.050000,5
2831,2022-01-21,2020-05-20,0,0,0.000000,4
2262,2022-06-27,2022-01-26,0,0,0.000000,2
689,2020-10-11,2022-01-05,0,0,0.000000,1
1652,2023-10-24,2024-04-05,0,0,311.890000,1
2969,2024-11-02,2024-12-23,0,0,0.000000,2
2269,2024-04-03,2020-08-25,0,0,0.000000,3
667,2021-09-16,2021-02-04,0,0,0.000000,3
410,2024-01-29,2024-05-12,0,0,0.000000,3
572,2024-06-24,2023-01-29,1,1,313.950000,0
2492,2023-12-29,2020-12-01,1,0,0.000000,3
1172,2025-02-20,2023-08-22,1,1,187.230000,0
1002,2025-02-25,2021-05-15,0,0,0.000000,1
1540,2022-03-16,2024-07-22,0,0,0.000000,1
2411,2022-12-31,2023-02-27,0,1,-24.770000,2
2634,2023-01-15,2024-06-21,0,0,291.590000,0
2390,2024-07-08,2021-09-13,0,0,0.000000,3
2167,2024-03-20,2023-09-26,0,0,0.000000,0
2101,2020-08-05,2023-07-07,1,1,497.980000,0
391,2022-06-29,2022-11-13,0,0,0.000000,4
1125,2020-08-19,2024-03-26,0,0,-140.850000,0
2605,2022-02-24,2023-11-10,0,0,0.000000,0
2519,2021-07-13,2024-03-29,0,0,0.000000,2
2964,2020-05-28,2024-12-09,0,0,-243.930000,1
924,2022-07-20,2021-10-08,1,2,24.315000,2
278,2020-11-20,2021-05-16,0,0,0.000000,2
275,2025-02-22,2020-07-03,0,0,0.000000,1
872,2021-12-16,2022-09-27,0,0,0.000000,2
935,2022-04-05,2021-06-13,1,2,444.715000,0
1015,2024-04-17,2024-06-04,0,0,0.000000,2
2494,2020-05-05,2020-06-18,0,0,-126.610000,1
2201,2024-01-06,2023-03-03,0,0,0.000000,3
1391,2022-08-27,2023-02-23,1,0,0.000000,3
2226,2021-06-06,2021-02-24,1,1,73.770000,7
1596,2020-10-06,2020-09-02,0,0,0.000000,1
205,2022-03-23,2020-08-06,0,0,184.830000,3
1303,2023-06-01,2021-08-24,1,1,-148.310000,0
816,2024-02-24,2020-07-09,0,0,0.000000,1
351,2022-11-20,2024-10-14,0,0,37.910000,3
2413,2025-01-01,2025-04-13,1,1,80.600000,2
2588,2022-10-03,2023-11-04,1,1,175.800000,2
1259,2022-07-27,2021-02-05,1,2,-221.485000,2
1393,2024-07-29,2020-09-15,1,2,-29.500000,3
1577,2025-04-20,2022-11-16,1,1,-442.710000,1
556,2023-06-06,2020-05-24,0,1,-256.690000,1
598,2025-03-03,2024-02-28,0,0,0.000000,2
248,2022-11-22,2021-05-20,0,0,0.000000,0
1386,2022-07-19,2021-10-17,0,0,-130.290000,1
119,2021-07-27,2021-04-09,0,0,0.000000,1
2391,2023-01-14,2022-06-18,0,0,-49.770000,1
2905,2024-03-04,2021-02-06,0,0,-308.660000,0
324,2024-11-19,2021-09-19,1,0,-330.710000,2
1878,2022-08-07,2024-11-15,0,0,-51.820000,2
2896,2024-01-10,2020-05-22,0,0,0.000000,3
2793,2021-06-25,2020-08-07,0,0,0.000000,2
1759,2023-03-18,2024-06-11,0,0,0.000000,2
2442,2024-09-05,2021-04-16,0,0,0.000000,6
326,2022-12-24,2023-01-09,0,0,0.000000,3
1624,2023-09-28,2023-06-07,0,0,0.000000,4
375,2025-01-19,2021-07-17,1,1,69.070000,1
2691,2024-11-12,2025-03-25,1,1,495.830000,3
2961,2023-08-26,2021-02-12,0,0,0.000000,2
2986,2024-05-06,2021-09-16,0,0,-32.970000,0
1640,2021-08-22,2020-12-20,0,0,-420.270000,1
2517,2024-10-03,2024-08-20,0,0,-327.790000,3
763,2022-04-29,2024-12-02,0,0,0.000000,3
721,2021-08-17,2023-11-08,0,0,-487.840000,2
1591,2023-05-01,2021-08-11,1,1,445.370000,2
115,2024-03-17,2022-06-15,1,1,-18.230000,0
629,2022-11-23,2022-04-21,0,0,0.000000,2
2124,2022-01-28,2023-12-14,0,0,0.000000,1
1283,2022-02-08,2023-12-01,0,0,0.000000,1
2534,2021-11-23,2024-03-05,0,0,0.000000,1
1876,2022-08-27,2023-11-27,1,0,-77.940000,3
536,2025-02-10,2024-01-18,0,0,-284.950000,2
65,2021-12-17,2023-03-19,0,0,0.000000,4
1305,2020-07-03,2022-10-21,0,1,-410.820000,4
535,2025-03-09,2023-12-08,0,0,0.000000,1
1178,2024-08-29,2021-10-13,1,2,246.155000,1
1009,2024-05-07,2023-04-16,0,0,404.200000,0
617,2025-04-21,2025-03-06,0,0,0.000000,3
2902,2023-05-30,2024-05-31,0,1,468.450000,1
371,2021-07-20,2021-04-13,0,0,0.000000,4
1067,2021-05-10,2023-05-02,1,1,482.330000,3
1451,2021-01-15,2024-06-22,0,0,291.040000,1
1461,2023-03-20,2022-04-10,0,0,0.000000,0
505,2023-03-23,2022-04-20,1,0,483.240000,4
1042,2021-04-14,2023-06-11,1,1,79.070000,1
164,2022-07-10,2020-10-02,1,0,0.000000,3
2863,2021-06-18,2023-12-14,1,1,-104.650000,4
76,2020-05-18,2021-08-20,0,0,0.000000,0
1190,2023-07-09,2023-03-31,0,0,-459.930000,2
2684,2020-07-14,2023-10-26,1,1,134.880000,2
1066,2024-07-16,2022-01-08,0,0,-90.110000,2
1720,2024-01-09,2021-07-27,0,0,470.900000,1
575,2023-11-14,2025-01-29,0,0,0.000000,1
1821,2022-01-30,2023-10-04,0,1,-435.260000,0
735,2021-03-05,2023-09-22,1,1,213.030000,0
2345,2024-09-16,2024-09-01,0,0,0.000000,2
2987,2022-12-21,2022-12-25,0,0,0.000000,1
2288,2024-05-20,2021-12-18,1,1,-144.090000,0
847,2020-10-25,2021-12-25,1,1,-146.660000,1
369,2021-02-17,2023-01-27,0,0,0.000000,3
2283,2022-03-30,2024-02-21,0,0,0.000000,2
2675,2020-12-26,2022-09-26,0,0,0.000000,2
2593,2024-04-06,2023-09-06,0,0,-434.510000,1
2801,2024-04-09,2020-12-11,0,0,0.000000,3
1791,2020-05-07,2020-06-23,0,1,-113.040000,3
2609,2021-02-27,2020-11-23,1,1,422.570000,2
89,2020-08-10,2023-01-06,0,0,0.000000,1
982,2023-05-15,2023-07-16,0,0,21.690000,4
541,2022-03-02,2024-11-14,0,1,-246.400000,1
2033,2023-06-04,2024-03-07,0,0,0.000000,1
170,2022-12-28,2024-11-28,0,0,0.000000,2
2512,2023-01-16,2025-01-17,0,0,0.000000,1
1137,2024-07-05,2023-09-06,0,0,0.000000,2
2903,2020-11-23,2024-02-02,0,0,0.000000,3
769,2020-06-26,2021-08-28,0,0,-109.750000,1
2491,2024-08-24,2020-11-01,0,1,-409.255000,1
1820,2021-03-08,2021-01-19,0,0,-452.370000,3
2653,2024-09-16,2025-01-23,0,0,0.000000,1
628,2021-10-31,2022-05-29,0,1,-120.820000,3
2763,2022-11-19,2024-08-05,1,0,0.000000,2
232,2023-11-29,2024-11-27,0,0,-267.680000,2
1859,2022-03-22,2022-02-01,1,1,-305.810000,2
1093,2023-07-09,2022-05-08,1,0,0.000000,2
2611,2022-12-07,2021-04-05,0,0,-317.330000,1
1763,2025-02-28,2025-02-11,0,0,304.910000,1
2647,2024-03-06,2025-02-13,0,0,0.000000,1
1487,2022-11-01,2021-05-08,0,0,0.000000,4
190,2021-12-21,2020-05-26,0,0,-52.560000,2
2754,2020-05-23,2025-03-15,0,0,0.000000,1
1076,2024-11-06,2024-01-13,0,0,0.000000,3
894,2021-02-04,2023-10-03,0,0,-115.910000,1
532,2021-08-17,2022-12-22,1,1,-339.530000,2
646,2024-05-25,2025-02-13,0,0,-104.590000,2
2396,2021-06-26,2021-04-06,0,0,0.000000,0
2153,2021-08-27,2021-12-18,0,0,0.000000,4
722,2023-03-14,2020-04-28,0,0,-337.430000,8
1765,2020-11-03,2023-05-21,1,1,313.515000,0
1006,2022-09-21,2022-12-31,1,0,0.000000,4
2456,2021-02-16,2023-04-17,0,0,0.000000,3
1111,2020-06-24,2023-10-15,0,0,0.000000,3
2252,2022-05-11,2023-10-15,0,0,329.150000,4
2541,2022-07-07,2022-11-08,0,0,-152.580000,0
5,2020-06-14,2022-03-28,0,0,0.000000,1
1656,2023-10-28,2021-07-31,0,0,0.000000,3
1762,2020-10-09,2021-07-21,0,1,-123.280000,1
2470,2021-04-11,2020-10-10,0,0,0.000000,3
877,2024-12-09,2023-09-24,0,0,0.000000,1
788,2020-08-15,2024-10-17,1,1,232.350000,3
1252,2023-12-10,2025-01-16,0,0,0.000000,1
2452,2023-06-29,2022-06-20,0,0,0.000000,2
612,2022-03-20,2021-04-02,0,0,0.000000,2
2975,2023-07-22,2021-06-15,0,0,0.000000,1
1931,2023-06-10,2023-10-16,1,1,395.360000,3
516,2020-05-10,2021-02-10,0,0,-20.190000,5
1528,2022-04-09,2025-03-06,1,2,144.530000,3
1037,2020-05-07,2025-03-29,0,0,0.000000,1
455,2024-12-22,2023-06-28,0,0,0.000000,0
2349,2022-11-15,2021-03-27,0,0,0.000000,1
778,2024-09-08,2023-08-19,0,0,0.000000,2
1036,2023-09-30,2023-04-22,0,0,0.000000,2
651,2021-04-12,2025-02-12,0,0,0.000000,2
260,2023-06-10,2021-09-27,0,1,73.630000,3
2843,2024-10-26,2022-07-29,0,0,0.000000,0
652,2025-01-12,2022-01-26,1,1,-127.960000,1
1795,2023-04-14,2023-05-25,1,2,-313.605000,1
172,2023-05-26,2024-10-27,0,0,0.000000,4
173,2025-01-28,2024-02-27,0,0,0.000000,1
2680,2020-06-25,2021-02-22,0,0,0.000000,5
339,2023-10-16,2020-05-04,0,0,-276.520000,3
2722,2021-04-27,2021-05-12,1,1,33.810000,5
310,2022-11-07,2023-03-01,0,0,86.840000,4
697,2024-11-11,2024-02-28,0,0,0.000000,1
1074,2021-08-04,2021-05-03,0,0,0.000000,5
2070,2023-04-13,2023-10-19,0,1,-334.290000,3
2444,2020-05-13,2020-05-17,1,0,0.000000,0
1227,2024-08-08,2020-11-20,0,0,0.000000,1
1398,2023-04-04,2023-12-11,0,0,0.000000,3
2421,2024-09-20,2022-05-30,0,0,0.000000,0
1300,2022-06-21,2021-03-07,0,0,0.000000,2
1867,2024-02-17,2021-06-04,1,1,186.650000,4
784,2021-08-25,2024-12-06,1,0,0.000000,1
1264,2022-04-10,2024-08-08,0,0,0.000000,2
1569,2022-07-23,2025-02-15,0,0,0.000000,2
1389,2023-12-01,2022-07-03,0,0,0.000000,0
201,2021-02-01,2024-12-15,1,1,137.620000,1
1725,2021-07-23,2024-01-05,0,1,-208.200000,3
2882,2022-05-27,2024-01-02,0,0,0.000000,3
2,2025-02-13,2021-10-07,1,1,-13.630000,1
1007,2021-09-20,2021-09-14,0,1,274.450000,0
945,2024-02-14,2021-06-10,1,1,-455.290000,1
1757,2021-11-16,2023-01-09,0,0,466.710000,1
1133,2020-06-19,2021-05-29,0,0,0.000000,1
565,2024-05-20,2020-08-30,0,0,-322.260000,4
1467,2024-05-14,2022-07-07,0,0,0.000000,5
823,2022-03-08,2023-07-12,1,1,-128.900000,2
2131,2022-04-04,2025-04-08,0,0,0.000000,2
300,2023-06-28,2022-02-15,0,1,-339.670000,1
2424,2020-05-13,2024-11-16,1,1,-221.310000,0
775,2021-05-28,2024-06-23,0,1,221.550000,1
2261,2022-09-16,2024-02-14,0,0,0.000000,1
976,2023-02-22,2024-01-05,0,0,-92.740000,1
654,2022-11-30,2020-06-30,0,0,0.000000,0
1883,2024-10-05,2020-06-26,0,0,0.000000,4
2880,2021-10-25,2024-05-12,0,0,0.000000,2
509,2023-08-23,2021-11-06,0,0,0.000000,2
435,2024-02-12,2022-09-18,0,0,-313.370000,4
1321,2022-02-12,2023-07-25,0,0,0.000000,1
1952,2024-07-30,2022-09-08,0,0,315.410000,3
2739,2023-01-30,2021-01-01,0,0,0.000000,2
1100,2024-08-31,2021-08-21,0,0,130.550000,3
2549,2022-04-25,2020-07-19,0,0,0.000000,3
1617,2022-04-02,2023-07-24,0,0,0.000000,2
2328,2024-09-16,2022-02-18,0,0,0.000000,7
182,2022-04-11,2020-11-12,0,0,0.000000,2
2343,2024-09-21,2021-12-21,0,0,73.850000,1
2548,2021-10-08,2023-09-30,0,0,0.000000,6
833,2020-09-02,2022-03-24,0,0,0.000000,3
557,2021-06-21,2020-11-17,0,1,-311.090000,1
1092,2024-01-07,2021-07-22,0,0,0.000000,3
2443,2021-08-09,2023-03-24,0,0,0.000000,3
1572,2021-07-06,2023-08-13,0,0,0.000000,1
561,2024-08-22,2024-05-03,0,0,0.000000,4
814,2024-06-18,2024-04-08,0,0,249.640000,4
2314,2024-08-07,2021-04-21,0,0,0.000000,3
473,2023-07-08,2021-12-13,0,1,-141.945000,1
886,2024-04-06,2021-10-03,1,0,0.000000,3
422,2024-08-03,2024-02-28,0,1,-143.660000,2
1105,2021-01-14,2023-11-02,0,0,0.000000,1
450,2021-11-27,2021-01-20,0,0,75.090000,1
2635,2020-12-19,2021-01-18,0,0,0.000000,1
1050,2023-07-24,2023-04-18,0,0,0.000000,2
2059,2021-02-01,2023-03-30,0,0,124.040000,3
2700,2024-04-24,2020-09-26,1,0,0.000000,1
2979,2021-08-27,2020-07-18,0,0,0.000000,3
311,2022-12-25,2020-08-13,0,0,0.000000,4
1310,2020-10-05,2025-04-18,1,0,0.000000,1
669,2025-03-04,2022-10-03,0,0,0.000000,4
2769,2022-09-19,2022-07-03,0,1,-325.840000,1
331,2024-10-16,2020-10-11,0,1,-41.260000,1
2060,2024-08-04,2021-06-10,0,0,0.000000,1
942,2025-01-20,2022-10-17,0,0,-152.360000,2
2168,2023-01-11,2023-10-18,0,0,0.000000,3
120,2020-05-08,2020-12-05,0,0,0.000000,2
973,2020-07-18,2020-10-05,1,1,460.270000,2
1407,2021-10-08,2024-05-06,0,0,0.000000,0
2995,2021-04-25,2020-06-26,0,0,0.000000,4
2333,2021-06-21,2022-10-05,1,0,0.000000,2
2670,2023-07-05,2021-05-02,0,0,0.000000,2
1769,2024-03-15,2021-07-08,1,2,144.020000,0
1874,2022-01-21,2021-11-04,0,0,0.000000,2
2071,2024-07-28,2024-06-12,0,1,83.490000,2
579,2022-09-20,2024-04-01,1,1,129.360000,2
1162,2024-10-11,2023-12-16,1,1,94.870000,5
2032,2022-09-07,2023-08-29,1,1,270.160000,1
448,2021-07-30,2024-12-02,0,1,-133.310000,0
941,2021-04-12,2024-04-27,0,0,0.000000,1
1372,2023-01-02,2020-09-29,0,0,0.000000,1
2386,2020-07-19,2024-01-02,0,0,0.000000,2
2043,2024-03-05,2020-12-21,0,1,-429.310000,0
2628,2021-07-19,2023-07-16,0,0,0.000000,4
799,2023-12-04,2020-08-09,0,0,0.000000,4
921,2022-05-18,2022-03-25,0,1,442.870000,2
2490,2021-02-03,2024-08-05,0,0,0.000000,3
583,2020-06-28,2024-11-03,1,1,-164.410000,1
1830,2020-08-04,2021-03-04,0,0,0.000000,2
2405,2022-03-15,2020-09-03,0,0,0.000000,2
1833,2025-03-20,2024-10-18,0,0,0.000000,2
648,2021-03-12,2023-10-01,0,0,0.000000,2
2372,2023-04-30,2024-01-31,1,1,136.520000,2
2278,2023-07-15,2021-06-22,0,0,-243.325000,3
2425,2023-08-08,2023-09-01,0,0,0.000000,1
1871,2022-03-06,2023-02-27,0,0,476.380000,2
1951,2024-10-03,2024-02-15,0,1,-486.140000,2
2959,2023-02-20,2022-11-04,0,0,0.000000,2
1404,2020-11-29,2024-04-14,0,0,0.000000,1
1706,2020-10-01,2023-04-19,0,0,0.000000,3
1943,2022-12-10,2022-09-21,0,0,0.000000,1
1998,2022-12-25,2020-07-09,0,0,0.000000,1
623,2024-02-13,2024-10-12,0,0,0.000000,2
1587,2023-09-02,2025-03-14,0,0,0.000000,1
2980,2020-08-09,2021-11-10,0,0,0.000000,2
850,2020-11-30,2023-01-01,0,0,0.000000,3
2999,2022-08-30,2021-09-10,0,0,-226.590000,2
259,2020-08-07,2020-10-05,0,0,0.000000,1
586,2023-09-28,2022-05-04,0,0,254.680000,2
2030,2024-11-18,2022-04-08,0,0,287.940000,2
1322,2022-11-09,2023-12-17,1,0,488.830000,2
730,2024-03-17,2021-07-16,1,1,116.240000,2
1602,2022-04-19,2020-09-11,0,1,-273.230000,3
398,2021-06-14,2020-06-04,0,0,0.000000,3
174,2020-11-08,2022-03-06,1,1,-384.560000,2
1849,2024-07-16,2023-10-23,0,0,0.000000,1
1932,2024-06-11,2023-07-08,0,0,0.000000,1
2205,2022-05-15,2023-12-08,1,1,33.130000,2
2145,2020-05-18,2021-12-21,1,1,-40.690000,2
1177,2021-07-09,2025-04-10,1,1,176.875000,2
1359,2022-03-29,2022-02-04,1,0,-421.040000,6
958,2024-11-13,2023-04-26,0,0,0.000000,0
594,2023-06-15,2023-06-03,0,0,0.000000,2
1500,2020-07-30,2024-06-24,1,1,33.160000,1
1593,2023-03-28,2024-11-01,0,1,-55.380000,1
2222,2021-09-12,2020-09-30,0,1,172.445000,3
1354,2024-12-21,2022-10-31,1,1,-30.670000,4
1350,2023-09-06,2020-12-28,0,0,442.190000,3
414,2025-04-16,2022-05-06,0,1,-253.695000,0
2728,2023-01-30,2020-06-05,0,0,0.000000,3
856,2023-02-22,2021-08-05,1,1,-456.610000,2
2361,2021-04-24,2021-11-22,1,1,-239.300000,2
2631,2022-02-23,2023-07-27,1,1,-141.550000,3
2042,2024-04-22,2021-07-08,0,0,0.000000,4
596,2021-06-28,2024-08-05,0,0,0.000000,2
1964,2023-09-13,2024-02-19,0,0,0.000000,1
2564,2022-07-28,2023-03-21,0,1,128.280000,0
2942,2024-04-04,2024-02-01,0,0,0.000000,0
2802,2024-10-10,2020-12-24,0,0,-234.675000,0
2664,2021-02-26,2023-01-01,1,1,212.100000,1
2009,2020-09-29,2024-04-27,0,0,-79.125000,3
1970,2020-08-12,2022-11-27,0,0,0.000000,2
2819,2024-03-12,2024-02-17,0,1,31.720000,4
153,2021-06-16,2022-04-30,0,1,-364.870000,1
507,2023-04-22,2023-01-28,0,0,-178.360000,0
2820,2022-10-25,2024-06-22,1,2,-92.720000,0
2883,2020-10-20,2021-04-26,0,0,352.550000,3
2143,2023-07-09,2023-10-14,0,0,0.000000,0
1203,2024-04-14,2023-06-01,1,2,108.260000,2
2338,2023-09-22,2022-10-19,0,0,0.000000,0
2727,2022-02-05,2022-11-05,0,0,0.000000,1
2856,2022-11-16,2021-10-25,0,0,0.000000,1
237,2023-05-09,2025-01-30,0,0,-137.690000,3
1352,2023-10-11,2024-07-16,0,0,0.000000,1
2552,2024-04-03,2023-09-28,0,0,0.000000,2
329,2021-02-24,2024-08-22,0,0,0.000000,3
2232,2023-06-02,2023-09-29,0,0,0.000000,4
1907,2025-03-13,2021-01-05,0,0,0.000000,4
187,2020-11-06,2020-10-18,0,0,0.000000,2
2112,2025-04-05,2021-01-28,1,1,-352.500000,2
756,2022-04-29,2020-10-29,0,0,348.010000,2
843,2021-05-03,2025-02-14,0,0,-152.165000,4
2170,2022-10-21,2023-11-10,0,0,0.000000,2
951,2023-07-10,2024-09-12,0,0,0.000000,2
2530,2024-04-13,2021-11-27,0,0,0.000000,2
1191,2023-06-09,2023-11-30,0,0,418.045000,2
812,2020-08-08,2021-12-19,1,1,301.855000,1
543,2025-04-03,2021-02-11,0,0,0.000000,3
2954,2025-03-01,2022-07-19,0,0,0.000000,2
1789,2020-10-25,2023-03-07,1,1,-97.910000,1
1249,2023-03-13,2024-02-14,0,0,0.000000,0
1224,2022-12-01,2021-12-10,0,0,0.000000,1
1130,2022-11-28,2023-02-11,0,0,390.320000,2
570,2022-05-22,2023-05-16,0,0,0.000000,1
2025,2021-04-03,2023-08-24,0,0,0.000000,0
2130,2021-10-11,2021-01-27,0,0,0.000000,2
2280,2021-06-12,2021-08-30,0,0,0.000000,3
2134,2020-10-04,2023-04-05,0,0,0.000000,0
2446,2020-10-07,2022-11-26,0,0,0.000000,3
1743,2023-08-16,2023-09-04,0,0,0.000000,2
884,2024-05-15,2021-08-27,1,1,407.100000,2
863,2023-07-31,2021-07-08,1,1,200.320000,2
2992,2025-03-22,2024-01-12,1,1,-270.310000,0
2459,2021-05-28,2023-10-16,1,0,0.000000,3
211,2024-06-22,2023-08-10,0,0,0.000000,3
2948,2021-04-17,2021-10-21,0,1,-441.000000,3
1288,2021-07-13,2024-10-31,0,1,-435.300000,1
2649,2020-05-25,2021-10-02,0,0,-356.820000,2
2427,2021-03-10,2022-05-28,1,1,-318.750000,4
1033,2023-12-18,2022-07-06,0,0,0.000000,1
2938,2020-06-13,2021-02-21,0,1,-38.170000,0
279,2025-02-25,2024-05-18,0,0,388.810000,2
2178,2023-01-20,2020-12-14,0,0,0.000000,1
2711,2021-05-25,2024-08-27,1,1,394.150000,1
1783,2023-05-31,2021-07-03,0,0,0.000000,0
2746,2022-06-04,2022-05-20,0,0,0.000000,2
846,2020-05-11,2020-07-20,0,1,317.440000,1
901,2023-04-06,2020-12-27,1,1,58.800000,1
16,2020-09-22,2025-01-06,1,0,0.000000,3
1368,2022-06-11,2020-08-27,0,0,0.000000,0
1938,2022-01-18,2021-09-11,0,0,0.000000,0
2429,2020-05-28,2021-06-18,1,1,-117.050000,2
459,2022-08-16,2025-04-10,1,1,-375.390000,1
470,2021-06-21,2021-05-07,0,0,0.000000,2
2523,2024-11-28,2023-07-03,0,0,0.000000,5
2011,2023-02-09,2024-01-17,1,0,0.000000,2
533,2023-04-09,2021-11-08,0,0,0.000000,1
1663,2023-05-07,2022-06-14,0,0,0.000000,2
1213,2023-04-01,2023-02-20,0,0,0.000000,1
724,2024-11-04,2023-09-04,0,0,-88.200000,3
2467,2021-02-05,2024-07-29,0,0,0.000000,2
2127,2022-05-15,2024-10-01,0,0,0.000000,2
1053,2021-12-08,2025-03-15,0,0,0.000000,5
467,2022-06-01,2024-11-11,0,1,-334.240000,0
2105,2021-11-03,2023-06-12,1,1,-261.240000,2
887,2024-04-11,2021-07-13,0,1,-379.510000,2
2401,2024-02-04,2025-04-07,0,0,-352.340000,5
2317,2020-06-25,2020-10-14,0,0,0.000000,2
2468,2023-08-02,2020-12-20,0,1,-131.500000,2
337,2023-09-25,2020-10-28,1,2,-222.600000,1
2550,2022-08-06,2021-06-09,0,0,0.000000,2
2901,2023-05-31,2020-04-27,0,0,-426.140000,2
2142,2021-02-22,2023-01-20,0,0,0.000000,2
1108,2024-09-22,2025-02-17,1,1,339.680000,4
2289,2024-03-19,2021-01-23,0,0,0.000000,0
845,2024-09-05,2021-04-06,1,0,164.660000,2
1001,2022-05-22,2024-02-12,0,0,0.000000,1
2126,2023-03-04,2024-05-23,0,0,0.000000,1
1443,2020-07-29,2024-06-10,0,0,-395.970000,2
1698,2022-05-05,2021-02-19,1,1,411.660000,1
1775,2021-11-07,2023-03-11,0,1,-436.360000,1
918,2020-09-04,2023-01-07,0,0,179.530000,4
1369,2025-04-26,2020-06-26,0,0,46.490000,2
2514,2023-09-16,2022-07-29,1,1,-48.400000,1
1650,2023-01-22,2021-11-26,0,1,258.090000,1
2735,2021-05-18,2021-08-22,0,1,-434.130000,2
649,2024-03-17,2024-01-07,0,0,0.000000,2
141,2021-08-12,2021-10-30,0,0,0.000000,4
2862,2023-03-23,2020-05-31,0,0,-417.970000,0
167,2022-03-18,2021-08-20,0,0,0.000000,0
2373,2024-04-09,2025-01-14,0,0,0.000000,5
2187,2021-07-28,2022-05-09,0,0,-132.380000,1
2366,2025-03-27,2024-06-28,1,1,-277.435000,3
481,2022-04-08,2024-02-27,1,2,34.960000,1
1815,2024-04-29,2022-07-11,1,1,278.155000,1
537,2024-12-23,2022-10-09,0,0,-33.630000,1
1230,2024-06-07,2021-09-10,0,0,0.000000,2
1088,2023-12-28,2022-11-26,1,1,-16.870000,4
2643,2022-12-05,2022-01-12,0,0,168.895000,0
2850,2022-06-03,2021-02-28,0,0,0.000000,2
1253,2023-10-11,2024-10-06,0,0,0.000000,2
630,2021-03-15,2023-03-09,0,1,-449.820000,2
198,2023-04-09,2023-08-25,1,1,480.380000,0
1481,2021-08-21,2024-03-22,1,1,-318.020000,2
1061,2024-10-17,2020-11-28,1,1,99.210000,1
2671,2020-09-19,2021-06-13,0,0,0.000000,5
1527,2020-10-09,2023-08-29,1,2,20.135000,2
2606,2024-07-26,2021-05-06,0,0,0.000000,2
2988,2023-09-25,2024-11-20,0,0,0.000000,2
2791,2020-09-29,2020-08-11,0,0,90.850000,2
2339,2020-11-26,2023-05-13,0,0,-431.620000,2
1059,2020-08-14,2023-09-13,0,0,0.000000,5
1463,2024-06-07,2022-08-14,1,1,188.240000,3
1406,2021-07-10,2023-07-09,1,3,-306.630000,2
245,2022-07-28,2022-11-10,0,0,0.000000,2
820,2024-09-07,2024-03-16,1,0,0.000000,2
8,2024-07-20,2025-01-16,1,2,-62.170000,2
758,2022-08-27,2020-12-03,0,0,0.000000,0
1306,2023-03-06,2024-05-22,1,1,286.080000,1
2858,2023-02-24,2023-02-07,1,2,266.735000,0
2918,2024-10-09,2023-12-11,1,1,-192.055000,1
327,2021-05-28,2021-02-03,1,0,405.710000,2
54,2022-12-24,2021-08-23,1,0,323.620000,2
2463,2024-11-26,2021-03-17,0,0,0.000000,3
1313,2022-05-02,2022-10-24,1,1,-460.930000,3
620,2022-03-17,2020-06-18,1,2,192.306667,1
1887,2023-08-22,2024-11-12,0,0,-69.580000,4
849,2021-02-15,2021-03-25,0,0,0.000000,3
1557,2021-06-08,2022-09-14,0,1,-496.750000,0
869,2024-05-28,2024-01-19,1,0,0.000000,2
1196,2021-02-09,2023-09-27,0,0,0.000000,2
1479,2021-10-03,2020-11-02,1,1,-397.710000,3
1286,2024-03-07,2021-12-29,0,0,0.000000,2
77,2025-04-04,2024-06-13,0,0,0.000000,3
975,2022-05-24,2024-03-01,0,0,267.995000,2
2699,2024-03-02,2021-06-15,0,0,-373.000000,1
875,2022-11-22,2022-03-10,0,0,0.000000,2
1753,2020-08-04,2021-11-04,0,0,490.960000,2
2950,2021-08-06,2020-09-30,0,0,0.000000,3
1488,2023-07-30,2022-10-18,0,0,0.000000,4
132,2024-04-15,2021-07-03,0,0,0.000000,0
2712,2024-11-22,2021-03-28,0,1,-469.540000,3
501,2022-09-26,2023-08-14,0,0,0.000000,1
1696,2024-09-11,2021-02-20,0,1,-487.520000,6
487,2024-02-02,2024-03-11,0,0,0.000000,1
1850,2024-03-28,2023-03-03,0,0,0.000000,1
889,2023-07-11,2025-03-10,0,0,491.560000,1
285,2022-05-30,2024-03-31,0,0,0.000000,5
1387,2024-04-20,2024-10-10,0,0,71.850000,1
1078,2024-11-17,2023-01-22,1,2,376.123333,3
744,2024-03-23,2022-10-05,1,0,0.000000,2
752,2020-12-31,2023-05-17,0,0,0.000000,1
1466,2024-12-28,2022-08-13,0,0,82.170000,2
1635,2024-04-05,2022-06-12,0,1,-452.470000,2
2887,2023-05-19,2022-06-15,1,1,183.445000,1
2622,2024-11-09,2024-08-20,0,0,112.310000,0
851,2024-05-27,2024-06-25,0,0,0.000000,4
1682,2023-06-12,2024-03-25,0,0,103.860000,1
1927,2021-07-29,2021-09-30,0,0,-124.020000,0
116,2021-12-04,2024-02-09,0,0,-291.265000,2
1380,2023-11-01,2023-07-22,0,0,0.000000,2
1275,2022-06-01,2023-02-01,1,0,0.000000,3
2688,2022-11-18,2022-04-12,0,0,0.000000,1
1678,2022-09-16,2021-07-26,0,0,0.000000,4
587,2021-03-07,2020-11-13,0,0,0.000000,0
2718,2020-08-11,2022-08-01,0,0,0.000000,2
451,2024-11-02,2020-09-26,0,0,0.000000,1
2526,2025-03-08,2022-12-17,0,0,0.000000,1
156,2025-01-27,2024-12-19,0,0,0.000000,2
478,2024-09-15,2024-08-28,0,0,-112.480000,2
60,2024-01-29,2021-06-18,0,0,0.000000,0
223,2023-06-18,2025-04-23,0,0,0.000000,1
126,2025-02-20,2024-01-14,0,0,207.950000,1
1151,2025-04-17,2022-04-14,0,1,-319.110000,2
2274,2021-02-10,2024-10-07,0,0,-460.460000,0
1776,2022-10-31,2020-12-23,0,0,0.000000,1
1721,2025-01-13,2021-09-21,1,1,-314.930000,0
2272,2024-05-21,2020-12-08,0,0,418.580000,1
519,2024-04-13,2023-04-09,0,0,0.000000,4
1537,2022-06-15,2021-09-16,1,0,0.000000,7
2958,2024-11-27,2022-08-05,0,1,-249.340000,4
2483,2022-10-10,2022-04-08,1,1,-192.210000,2
2069,2023-05-20,2020-10-28,0,0,0.000000,2
81,2020-06-15,2022-09-04,0,0,0.000000,2
2536,2021-04-24,2021-10-13,1,1,-45.480000,1
2971,2022-11-01,2021-12-28,0,0,-111.220000,1
2304,2020-06-09,2022-08-01,0,1,253.590000,0
424,2020-08-06,2022-04-03,0,0,0.000000,1
143,2024-01-29,2021-05-20,0,0,0.000000,1
2063,2023-04-20,2023-08-25,0,0,91.710000,2
344,2023-09-24,2024-04-04,0,0,0.000000,1
2348,2022-11-25,2021-06-17,0,0,0.000000,1
916,2023-07-07,2022-11-06,0,1,-236.925000,1
2599,2024-06-24,2020-05-15,0,0,0.000000,1
2094,2024-08-13,2023-08-27,0,1,-493.650000,2
844,2020-06-08,2022-09-04,0,0,0.000000,3
2679,2020-06-03,2021-07-10,1,2,409.270000,2
2347,2020-10-26,2023-05-24,0,0,0.000000,3
1899,2021-02-07,2021-03-22,0,0,0.000000,2
2529,2022-08-29,2023-04-29,0,0,0.000000,1
68,2025-04-23,2024-02-03,0,0,0.000000,3
90,2021-04-04,2023-01-05,0,1,139.240000,3
2602,2024-04-30,2023-05-18,1,1,113.140000,4
1251,2024-09-03,2024-08-03,0,0,0.000000,2
1748,2023-03-09,2020-06-02,1,1,369.270000,1
1362,2023-05-20,2022-05-20,1,1,391.020000,1
2141,2024-01-13,2022-03-10,0,0,0.000000,1
1344,2021-04-25,2024-01-26,0,0,0.000000,2
2240,2024-03-02,2024-05-28,1,1,348.170000,2
1644,2023-07-04,2022-01-26,1,0,-20.150000,1
1546,2021-12-04,2024-11-11,0,0,0.000000,4
1549,2025-02-20,2024-08-03,0,0,0.000000,1
2006,2024-06-10,2025-03-10,0,0,237.610000,1
625,2023-10-19,2022-10-07,1,0,490.100000,2
2989,2024-12-03,2021-10-24,0,1,-452.260000,2
1297,2022-08-03,2024-11-14,1,1,386.000000,1
2743,2024-07-16,2021-07-19,0,0,80.740000,2
444,2023-07-21,2024-03-12,0,0,0.000000,4
1985,2021-04-11,2023-11-01,0,0,0.000000,1
2388,2021-10-25,2021-06-10,0,0,0.000000,1
192,2022-08-16,2024-09-12,0,0,-233.980000,2
998,2021-10-04,2023-08-31,0,0,0.000000,0
2196,2022-07-16,2022-07-21,0,0,0.000000,0
2149,2022-05-31,2021-02-16,0,0,0.000000,4
1576,2024-01-16,2024-07-01,0,0,0.000000,0
2898,2023-08-19,2021-05-14,0,0,0.000000,2
163,2020-06-30,2020-12-09,1,1,-350.380000,3
984,2022-03-17,2024-06-24,0,0,0.000000,3
280,2022-03-03,2022-10-15,0,0,0.000000,1
1519,2020-08-03,2021-11-04,0,0,0.000000,1
740,2022-09-01,2022-07-15,0,0,-214.830000,1
2064,2022-08-30,2021-04-17,1,0,-467.180000,4
2985,2023-04-05,2024-04-01,0,0,198.310000,2
1314,2024-09-14,2023-01-08,0,0,430.675000,1
1277,2023-04-23,2021-09-06,1,1,-128.840000,2
1649,2020-05-11,2024-12-20,1,1,255.330000,3
595,2022-01-08,2021-07-17,0,0,0.000000,5
1351,2020-05-12,2023-07-12,0,0,0.000000,2
2156,2022-01-29,2021-09-23,0,0,0.000000,0
2119,2021-11-23,2021-06-29,0,0,0.000000,1
1746,2022-04-21,2023-03-02,0,0,0.000000,1
1533,2021-06-09,2021-06-25,0,0,0.000000,1
1021,2021-06-22,2022-03-13,0,0,0.000000,2
1083,2023-06-22,2024-05-19,0,0,-363.420000,2
1940,2022-07-11,2020-05-23,1,1,165.160000,3
2721,2023-07-29,2022-11-26,1,0,0.000000,4
2255,2023-07-19,2023-08-05,1,1,25.600000,2
605,2021-09-05,2021-06-09,0,0,0.000000,3
1633,2022-08-23,2024-05-16,0,0,259.870000,1
1402,2022-12-08,2024-01-27,1,1,-24.240000,3
956,2021-04-07,2024-01-03,0,0,0.000000,1
2147,2022-06-07,2021-09-06,1,1,-293.490000,5
1745,2022-08-10,2023-09-19,0,0,0.000000,2
2188,2020-10-20,2023-02-02,0,0,0.000000,1
1155,2022-04-19,2024-05-09,0,0,0.000000,1
1490,2021-04-09,2022-03-25,0,0,0.000000,2
2082,2021-11-09,2023-06-13,0,0,0.000000,4
1312,2021-09-12,2022-12-28,1,0,-96.650000,8
1653,2022-09-13,2024-02-24,0,0,0.000000,1
497,2020-10-26,2020-10-27,0,0,0.000000,1
1180,2022-03-11,2021-02-07,0,0,0.000000,4
221,2020-07-18,2023-02-12,0,0,0.000000,2
2994,2024-07-12,2023-08-03,0,0,181.200000,7
307,2024-05-22,2024-01-31,0,0,0.000000,1
946,2024-02-25,2021-12-15,0,1,-378.690000,0
498,2023-04-15,2020-12-29,0,0,-127.150000,1
2847,2020-12-24,2022-08-12,0,1,166.710000,0
1570,2024-08-13,2020-09-18,0,0,0.000000,2
2936,2020-04-29,2023-01-13,0,0,295.460000,2
1285,2021-03-18,2025-03-29,1,0,363.230000,3
317,2020-10-07,2024-02-29,0,0,0.000000,2
2302,2023-01-06,2023-11-03,0,0,0.000000,1
2516,2022-04-05,2023-02-27,0,0,0.000000,1
699,2024-08-21,2025-02-26,0,0,0.000000,1
1891,2023-10-08,2023-06-15,0,1,-303.620000,0
2448,2023-11-13,2021-03-21,0,0,0.000000,0
2092,2022-03-25,2024-10-20,0,0,202.960000,0
2321,2025-03-16,2020-10-24,0,0,0.000000,1
2813,2024-05-29,2021-10-03,0,0,0.000000,0
2409,2025-02-01,2024-06-07,0,0,-26.620000,2
2924,2022-11-15,2021-08-18,0,1,-455.950000,1
962,2024-02-14,2021-12-10,0,0,0.000000,1
2981,2023-08-29,2021-09-03,1,1,-97.330000,1
2318,2024-07-27,2024-09-29,0,0,0.000000,1
1374,2021-03-12,2021-11-12,0,1,-378.050000,4
2148,2020-06-13,2024-10-06,0,0,0.000000,1
1676,2020-09-23,2022-09-21,1,1,-259.110000,0
2826,2024-08-09,2022-10-31,0,0,0.000000,2
390,2021-09-17,2020-06-25,0,0,-327.520000,1
1144,2022-07-19,2020-10-03,0,0,0.000000,5
418,2021-09-03,2020-12-02,0,0,0.000000,1
727,2021-07-10,2024-01-10,1,2,2.390000,2
1163,2023-08-08,2024-05-08,0,0,0.000000,4
57,2022-04-13,2022-10-01,0,0,0.000000,3
488,2022-05-23,2020-12-12,0,0,0.000000,3
795,2021-03-07,2023-06-13,0,0,0.000000,1
1409,2022-04-14,2023-05-28,0,0,0.000000,6
2963,2025-01-12,2022-11-17,1,1,-342.590000,4
558,2021-06-25,2020-06-18,0,0,-193.310000,1
39,2024-11-13,2020-06-02,0,0,213.330000,3
2220,2023-08-14,2021-10-28,0,0,0.000000,2
1677,2022-03-04,2021-03-26,0,0,0.000000,4
2224,2022-09-16,2024-02-11,0,0,0.000000,0
388,2023-10-27,2023-03-19,0,0,0.000000,0
218,2020-05-06,2020-07-28,0,0,0.000000,1
746,2024-08-07,2023-04-03,0,0,-243.370000,3
1138,2021-12-21,2024-02-09,0,0,159.420000,6
1128,2023-09-17,2023-10-21,0,0,-355.830000,2
1687,2025-02-02,2022-04-14,1,2,214.075000,4
1963,2022-04-07,2023-03-17,1,1,-233.840000,3
2940,2025-01-11,2024-12-20,1,0,-19.820000,1
772,2021-02-10,2023-08-30,0,0,0.000000,1
403,2020-08-11,2022-09-19,0,0,0.000000,0
2241,2024-10-09,2020-08-14,0,0,0.000000,2
346,2024-01-16,2020-11-29,0,0,0.000000,2
1408,2020-10-10,2021-01-03,0,0,63.450000,1
1953,2023-06-11,2024-09-29,0,0,0.000000,3
2553,2021-02-16,2023-05-01,1,2,19.440000,3
1834,2021-05-26,2020-08-23,0,1,-185.595000,4
384,2022-06-23,2020-08-05,1,0,119.410000,3
1685,2023-10-11,2023-10-15,1,2,6.260000,1
2374,2024-05-20,2021-01-01,0,0,153.480000,2
639,2023-12-19,2022-04-05,0,0,0.000000,1
2243,2022-06-18,2024-03-31,0,0,0.000000,2
1562,2024-11-30,2022-09-18,0,0,0.000000,4
1958,2022-12-05,2024-10-30,0,0,-46.790000,5
158,2022-09-07,2022-05-08,0,0,0.000000,2
2966,2024-11-20,2024-09-19,0,0,0.000000,3
2140,2021-04-15,2022-02-09,0,0,0.000000,2
2088,2025-01-28,2022-09-22,0,0,0.000000,4
726,2021-07-20,2023-06-05,0,0,0.000000,1
1444,2023-10-23,2021-03-18,1,1,240.230000,3
2729,2021-01-14,2024-02-07,0,0,0.000000,1
2110,2023-06-10,2024-02-20,0,1,-379.700000,2
1437,2021-08-14,2024-11-23,0,0,235.370000,2
1012,2022-05-07,2021-03-06,0,0,0.000000,1
554,2025-02-14,2024-01-30,0,1,153.070000,2
1962,2020-06-17,2021-02-13,0,0,0.000000,1
1847,2021-08-13,2023-11-26,0,0,370.990000,0
2352,2023-06-08,2022-10-03,0,0,0.000000,5
1794,2021-12-23,2022-03-17,0,0,0.000000,4
1496,2021-09-20,2020-07-25,1,1,308.860000,1
1726,2025-03-18,2022-07-03,0,0,0.000000,2
2672,2024-08-10,2021-09-30,0,0,0.000000,2
1728,2024-08-29,2022-10-28,0,0,0.000000,5
1346,2022-04-12,2021-01-30,1,1,-43.200000,1
1936,2021-05-06,2024-07-01,1,1,348.590000,3
265,2024-08-07,2024-12-19,0,1,-135.740000,4
2316,2025-03-28,2023-08-16,0,0,265.640000,4
2162,2023-03-17,2024-02-16,1,1,-293.360000,3
2253,2021-01-19,2024-05-24,0,0,0.000000,1
1494,2020-09-25,2021-03-23,0,0,0.000000,2
1003,2020-07-01,2023-09-21,0,1,12.550000,2
2246,2021-10-10,2021-09-19,0,0,128.390000,4
723,2023-12-08,2020-12-12,0,1,-201.010000,3
2319,2022-11-08,2024-08-09,0,0,0.000000,2
621,2025-04-08,2021-01-31,1,2,28.070000,2
1686,2022-05-20,2020-12-13,0,0,78.710000,2
2943,2023-11-13,2020-05-04,0,0,0.000000,3
2365,2021-12-15,2022-06-14,0,0,86.990000,2
1218,2022-11-14,2020-06-04,0,0,0.000000,1
1441,2023-11-18,2024-05-24,0,0,0.000000,0
1877,2020-11-13,2022-07-08,1,1,220.950000,1
1292,2021-03-06,2025-04-04,0,0,0.000000,2
1175,2025-04-20,2023-03-16,0,0,0.000000,0
313,2022-02-25,2023-10-30,0,0,0.000000,4
1626,2023-05-01,2022-02-23,0,0,0.000000,0
578,2024-01-12,2022-04-20,0,0,0.000000,3
931,2021-04-20,2024-10-26,1,1,497.140000,3
356,2022-11-19,2025-01-13,1,2,157.260000,3
996,2022-07-15,2025-01-08,0,0,0.000000,1
852,2020-06-06,2020-11-15,0,0,0.000000,0
1336,2021-04-21,2022-01-27,0,0,0.000000,3
1348,2020-08-22,2025-04-06,1,2,342.950000,4
2837,2022-12-12,2020-12-23,1,1,-236.330000,3
93,2025-03-12,2022-05-06,0,0,0.000000,3
2665,2021-03-05,2021-12-12,0,0,0.000000,1
1202,2024-11-24,2021-03-03,0,0,-352.810000,2
2759,2025-04-10,2023-06-30,0,0,60.960000,4
555,2021-10-09,2020-08-06,0,0,0.000000,2
2651,2023-12-30,2024-10-22,0,0,0.000000,2
184,2021-04-20,2024-05-12,0,0,-309.460000,1
377,2021-07-27,2025-01-04,0,0,-460.630000,2
1547,2022-03-25,2024-04-22,0,0,-296.570000,1
2881,2021-07-09,2021-03-24,0,0,0.000000,4
186,2021-08-29,2025-04-19,0,0,0.000000,5
796,2023-02-11,2022-09-23,1,0,0.000000,3
759,2023-08-21,2021-07-29,0,0,0.000000,2
2367,2021-12-24,2024-12-21,1,1,-248.950000,4
1911,2024-08-30,2022-01-04,0,0,0.000000,1
1898,2022-10-20,2021-05-03,0,0,0.000000,1
2161,2024-09-21,2022-01-14,0,0,0.000000,3
607,2023-02-04,2022-11-13,0,0,0.000000,4
2575,2020-06-16,2024-07-27,0,1,-496.130000,3
737,2021-11-11,2022-10-25,0,0,0.000000,2
539,2023-11-21,2023-10-02,0,0,0.000000,1
2107,2024-07-19,2023-09-02,0,1,-406.040000,2
745,2025-01-30,2022-12-11,0,0,339.100000,0
91,2021-08-31,2022-01-20,0,0,-170.350000,4
268,2023-07-26,2023-06-11,1,1,33.580000,3
760,2023-09-04,2020-10-07,1,1,483.970000,2
1013,2024-09-30,2024-11-03,0,0,-417.670000,5
1375,2020-12-13,2022-03-08,0,0,163.030000,1
1738,2024-03-20,2023-10-18,0,0,-179.630000,1
442,2025-01-02,2021-11-22,0,0,0.000000,1
1473,2022-09-17,2022-03-09,0,0,0.000000,4
655,2024-07-05,2022-02-19,0,0,0.000000,1
2668,2020-09-23,2020-06-26,0,0,0.000000,0
1420,2020-10-18,2023-08-13,0,0,0.000000,2
659,2023-10-24,2021-10-24,0,0,0.000000,3
1472,2023-10-09,2021-03-20,0,0,307.090000,1
2122,2025-04-19,2023-11-08,1,1,249.780000,1
2203,2022-09-06,2023-04-05,0,0,421.410000,3
718,2024-05-28,2020-05-17,0,0,0.000000,2
135,2021-09-01,2020-09-16,0,0,0.000000,3
2666,2022-03-31,2021-01-13,0,0,0.000000,1
2655,2022-11-23,2024-05-08,0,0,0.000000,1
2621,2022-12-10,2024-07-12,1,1,-474.500000,5
738,2020-06-02,2024-10-03,0,0,-106.600000,1
1631,2025-04-21,2023-11-12,0,0,479.780000,1
2305,2024-05-27,2022-06-29,0,1,-356.160000,2
1828,2021-11-09,2025-04-15,0,1,424.420000,3
2229,2021-02-24,2024-09-23,0,0,-304.110000,2
1724,2020-07-29,2022-11-17,0,0,0.000000,3
779,2021-10-24,2023-10-29,0,0,0.000000,6
2050,2024-06-11,2020-10-28,0,1,317.030000,0
1615,2023-04-07,2022-05-17,0,0,0.000000,2
2657,2022-08-24,2023-05-09,1,1,95.200000,2
1008,2025-04-02,2022-02-12,1,1,237.310000,2
1909,2021-04-21,2022-10-08,0,0,-62.120000,5
1910,2022-03-26,2022-09-24,0,0,0.000000,2
11,2024-09-11,2021-01-26,0,0,462.140000,2
2741,2024-11-24,2021-11-12,0,0,0.000000,2
839,2024-09-19,2020-05-03,1,1,-279.050000,2
547,2023-12-05,2020-07-03,0,0,0.000000,2
2237,2020-10-28,2021-07-27,0,0,0.000000,0
157,2024-08-10,2022-10-13,0,0,0.000000,2
686,2020-09-19,2022-11-17,1,1,-225.475000,2
1174,2021-06-08,2024-02-01,1,1,123.080000,2
1564,2022-02-06,2020-06-14,0,0,0.000000,1
2022,2020-10-05,2024-02-23,0,0,0.000000,2
1520,2022-06-26,2023-08-20,0,0,0.000000,1
420,2024-11-25,2020-05-29,0,0,0.000000,0
568,2022-03-24,2022-01-07,0,0,0.000000,1
2816,2021-05-14,2022-08-20,0,0,0.000000,3
1774,2022-04-14,2022-08-11,0,1,-191.270000,2
2639,2024-10-13,2021-10-29,0,0,0.000000,3
2097,2023-01-09,2024-01-21,0,0,0.000000,1
1232,2021-11-15,2020-10-01,1,1,270.470000,2
46,2024-07-12,2023-01-02,0,0,0.000000,0
571,2023-08-23,2025-01-20,1,0,0.000000,2
320,2023-02-16,2021-05-17,0,0,0.000000,1
2726,2022-07-06,2022-03-21,0,0,0.000000,1
18,2021-01-09,2024-05-18,0,0,0.000000,0
2086,2021-04-08,2022-10-11,0,0,0.000000,2
2535,2022-08-04,2022-02-12,0,0,0.000000,2
486,2024-06-25,2022-03-12,0,0,0.000000,3
2667,2024-04-02,2024-11-11,0,0,0.000000,3
2363,2022-04-07,2023-01-08,0,0,-336.180000,0
55,2021-02-18,2021-10-17,0,0,141.090000,3
2173,2023-09-01,2021-08-16,0,0,0.000000,2
2414,2025-04-23,2025-03-16,0,0,0.000000,5
960,2020-10-28,2024-07-19,0,0,-108.650000,5
1113,2023-09-16,2024-08-29,1,3,125.743333,0
857,2020-08-08,2023-12-15,0,0,0.000000,2
1559,2020-07-26,2024-06-12,0,0,0.000000,0
2028,2024-06-08,2021-11-30,0,0,0.000000,0
1579,2022-07-13,2021-01-21,0,0,328.490000,0
2892,2024-10-15,2024-07-11,0,0,0.000000,1
1761,2022-12-07,2025-02-18,0,0,-150.550000,2
1990,2023-04-13,2024-07-03,1,1,437.490000,3
2779,2022-05-18,2024-08-11,0,0,-18.520000,1
1194,2021-04-25,2023-07-17,0,1,123.900000,2
1421,2021-10-26,2022-11-02,0,0,0.000000,0
934,2023-08-31,2023-12-13,0,0,0.000000,3
970,2020-05-16,2022-06-25,1,1,156.300000,4
2185,2020-10-14,2024-07-05,0,0,0.000000,1
2114,2022-08-21,2023-10-15,0,0,0.000000,5
2434,2024-01-07,2021-12-11,0,0,-90.670000,5
2753,2021-09-17,2021-07-08,0,1,-120.570000,1
2397,2025-03-19,2021-06-09,0,0,0.000000,3
2845,2025-03-30,2022-09-02,0,0,430.500000,2
637,2023-07-03,2021-03-27,0,0,-28.640000,2
2192,2024-08-17,2025-02-23,0,0,0.000000,2
1560,2022-01-01,2024-09-23,0,0,0.000000,2
993,2022-06-10,2022-09-04,1,1,127.880000,0
1060,2024-02-11,2021-03-25,0,0,0.000000,0
2607,2021-11-12,2020-07-21,0,0,0.000000,0
1403,2021-01-08,2022-04-28,0,0,0.000000,1
2036,2022-08-27,2024-01-07,0,1,403.860000,0
2296,2024-06-04,2024-11-28,0,0,0.000000,2
1989,2023-05-05,2020-12-27,1,0,0.000000,4
1475,2021-05-08,2024-10-05,0,0,0.000000,0
2811,2024-12-14,2021-01-13,0,0,0.000000,4
1208,2021-07-07,2021-07-04,1,2,-27.695000,3
1582,2024-11-22,2024-02-24,0,0,0.000000,3
1238,2023-11-06,2024-07-09,0,1,-210.060000,2
1195,2020-08-06,2022-09-14,1,0,281.230000,2
1134,2023-10-31,2022-12-22,0,0,0.000000,5
1411,2020-08-28,2024-07-02,0,0,0.000000,2
2182,2021-04-21,2020-07-24,0,0,0.000000,3
2683,2024-04-02,2023-02-26,0,0,0.000000,5
189,2023-07-16,2021-10-31,0,0,0.000000,2
695,2021-03-13,2023-06-19,0,0,0.000000,2
2800,2024-11-04,2020-05-18,1,0,474.660000,5
1530,2022-03-26,2020-07-11,0,0,0.000000,3
23,2022-03-11,2024-03-10,0,0,0.000000,4
2299,2021-01-23,2024-07-24,0,1,-351.820000,1
1153,2022-06-18,2024-12-30,0,0,0.000000,3
1335,2020-11-05,2024-07-03,1,1,-238.330000,1
1199,2023-08-31,2020-07-18,0,0,0.000000,0
1957,2020-12-23,2021-01-06,1,1,-401.220000,3
2676,2024-08-29,2024-10-24,0,0,0.000000,2
83,2025-04-14,2020-10-23,1,0,0.000000,2
361,2021-06-06,2024-03-10,0,0,-160.930000,1
169,2020-06-21,2023-01-01,0,0,0.000000,2
171,2023-11-03,2021-09-09,0,0,470.280000,3
2613,2024-10-21,2020-12-05,0,0,0.000000,4
2216,2024-09-19,2024-08-16,0,0,0.000000,2
236,2021-05-01,2023-11-19,0,0,0.000000,1
262,2020-06-27,2024-06-08,0,0,-343.510000,0
925,2021-11-23,2021-08-17,1,1,145.500000,6
2748,2023-11-02,2021-11-12,0,1,-146.200000,4
1629,2022-10-12,2022-11-30,0,0,-154.715000,0
196,2023-07-21,2021-10-20,0,0,0.000000,1
747,2023-03-16,2023-07-14,0,0,0.000000,3
1638,2024-02-26,2024-03-27,0,0,0.000000,0
584,2022-10-23,2022-06-02,0,0,-57.990000,0
822,2024-11-12,2020-12-17,1,1,-267.620000,5
1433,2021-11-15,2022-04-01,0,0,0.000000,2
1146,2024-06-06,2021-04-23,0,0,-275.405000,0
1157,2020-08-18,2024-12-21,0,0,0.000000,1
948,2022-10-17,2023-06-29,0,0,0.000000,2
1186,2024-03-29,2020-08-31,0,0,-160.240000,0
1239,2020-05-18,2023-02-13,0,0,0.000000,0
1507,2021-03-23,2020-07-19,0,1,-278.350000,0
1385,2025-03-17,2024-08-11,0,0,0.000000,2
2487,2023-04-25,2021-05-25,0,0,409.840000,1
1291,2022-08-25,2020-11-17,1,0,0.000000,3
2081,2023-05-10,2021-12-08,0,0,269.150000,0
2038,2023-07-30,2022-12-03,0,0,0.000000,2
2803,2022-07-12,2023-11-20,1,1,135.410000,5
2616,2024-08-02,2023-09-06,0,0,0.000000,2
2792,2024-03-13,2021-03-01,1,2,258.830000,1
2780,2023-01-02,2024-11-09,0,0,369.340000,3
1986,2023-09-29,2025-03-29,0,1,-415.610000,2
1158,2023-05-18,2021-08-22,0,0,0.000000,1
890,2023-04-12,2025-01-25,0,0,0.000000,2
1149,2023-05-03,2024-08-21,0,0,147.420000,2
2186,2023-04-06,2024-08-08,1,1,466.310000,2
490,2022-02-05,2024-03-24,0,0,0.000000,1
2937,2023-05-28,2024-04-21,0,0,0.000000,4
2223,2022-12-14,2024-05-09,0,0,0.000000,0
312,2021-08-09,2023-06-24,0,0,0.000000,3
335,2024-12-20,2025-04-05,0,0,0.000000,3
1280,2024-09-01,2021-07-17,0,1,205.260000,4
2874,2022-05-30,2020-08-13,0,0,0.000000,3
1150,2022-11-29,2022-04-17,1,1,370.380000,2
859,2024-01-25,2021-09-17,0,0,0.000000,0
2957,2025-03-11,2020-08-02,0,0,-263.410000,0
879,2024-11-03,2023-03-08,1,1,287.960000,4
25,2023-02-07,2025-02-08,0,0,0.000000,0
959,2023-03-18,2025-04-21,0,0,0.000000,4
2939,2021-09-18,2023-01-26,0,1,38.390000,3
1136,2020-04-28,2024-08-19,1,0,0.000000,2
1799,2023-01-07,2025-04-26,0,0,0.000000,4
2654,2021-05-26,2021-07-12,0,0,0.000000,1
1145,2021-10-22,2024-09-30,1,1,303.870000,4
1616,2024-09-22,2025-03-30,0,0,0.000000,4
4,2023-08-17,2020-11-13,0,0,-361.600000,0
1709,2024-04-21,2023-06-18,0,0,269.420000,5
253,2023-03-13,2023-05-09,0,1,-65.060000,0
1268,2020-12-08,2023-03-13,0,0,0.000000,3
2394,2023-07-08,2023-12-03,0,0,65.380000,2
64,2022-06-07,2024-10-14,0,0,-462.180000,2
2236,2023-02-11,2023-06-16,0,0,-499.090000,0
494,2023-10-28,2025-03-30,0,0,0.000000,3
2678,2023-07-29,2025-02-22,1,0,427.230000,2
2084,2024-06-05,2024-04-28,0,0,0.000000,3
100,2022-10-16,2021-09-25,0,0,0.000000,2
645,2023-07-31,2024-06-27,0,0,0.000000,0
112,2024-09-21,2025-02-06,1,1,251.280000,2
2326,2024-10-11,2021-11-05,0,0,0.000000,2
254,2020-05-13,2024-12-07,1,1,241.200000,2
2215,2024-11-26,2020-06-04,0,0,470.960000,4
741,2023-01-19,2022-03-19,0,0,13.480000,1
2661,2021-11-11,2025-04-04,0,0,247.560000,2
1543,2024-02-19,2023-03-03,0,0,0.000000,0
940,2023-08-07,2021-12-21,1,1,434.200000,3
1102,2023-02-23,2022-06-02,1,2,14.700000,0
1594,2025-03-12,2022-09-02,0,0,0.000000,4
400,2021-01-11,2020-10-07,0,0,0.000000,4
1181,2023-11-11,2022-02-12,1,1,-271.680000,4
66,2024-12-19,2023-02-05,0,1,-134.400000,3
599,2023-09-03,2023-09-02,0,0,0.000000,2
2520,2021-05-27,2021-03-13,0,0,0.000000,3
2955,2024-08-26,2020-06-08,0,0,0.000000,2
2267,2022-01-12,2020-06-26,0,0,0.000000,1
2037,2024-01-11,2022-09-18,0,0,0.000000,4
1641,2023-09-17,2021-11-05,0,0,0.000000,0
243,2021-11-15,2021-08-13,1,1,485.460000,5
634,2024-07-13,2020-09-23,1,0,0.000000,4
1023,2024-09-03,2024-08-03,0,0,-223.080000,1
1835,2023-08-18,2024-04-11,0,0,0.000000,1
43,2022-04-11,2021-04-18,0,0,264.560000,0
2488,2025-01-04,2023-05-23,0,0,0.000000,1
915,2021-09-04,2023-02-08,0,0,0.000000,0
2567,2023-03-14,2023-05-28,1,1,480.000000,1
963,2024-09-07,2022-09-18,0,1,271.110000,3
1621,2020-11-05,2023-06-01,0,0,0.000000,2
909,2021-12-01,2020-12-09,0,0,0.000000,4
777,2020-10-11,2024-07-11,0,0,0.000000,4
2840,2021-03-17,2023-04-18,0,1,254.750000,1
2686,2024-12-29,2023-02-12,0,0,229.870000,1
2953,2023-05-22,2021-03-11,0,0,0.000000,3
2303,2022-07-17,2024-01-18,0,0,0.000000,1
1590,2024-06-10,2023-01-28,0,0,0.000000,1
666,2021-05-18,2021-08-26,1,1,294.390000,0
2852,2022-10-24,2024-06-18,0,0,0.000000,4
1665,2022-11-13,2023-01-12,0,0,-322.360000,2
2513,2024-01-10,2023-04-19,0,0,0.000000,3
2627,2023-03-06,2023-07-13,0,0,0.000000,0
1599,2024-02-22,2022-11-30,0,1,63.390000,1
1630,2021-01-25,2024-12-27,1,0,228.730000,3
2398,2021-09-26,2022-06-17,0,1,-155.460000,4
1225,2020-10-12,2023-03-15,0,1,-94.570000,2
2542,2023-06-19,2022-06-13,0,0,0.000000,1
1965,2020-12-15,2024-09-12,0,0,0.000000,2
2783,2021-05-01,2024-12-07,0,0,306.640000,4
134,2024-07-07,2022-07-01,0,1,284.255000,2
681,2023-08-06,2024-08-24,0,0,0.000000,3
88,2024-04-15,2022-06-17,1,1,-267.460000,1
798,2020-08-22,2024-12-06,1,0,97.690000,3
1733,2024-10-02,2022-10-16,1,1,-146.595000,3
1438,2022-03-15,2023-11-23,0,0,0.000000,1
102,2023-09-22,2021-11-14,0,0,-449.020000,1
374,2021-11-20,2025-02-19,0,0,0.000000,1
2990,2023-05-13,2023-12-03,0,1,-116.500000,2
2615,2021-12-29,2025-02-27,0,0,-243.730000,2
2956,2021-06-11,2021-07-23,0,0,0.000000,1
842,2023-09-24,2021-10-22,0,0,316.560000,1
1360,2023-11-24,2020-07-10,1,1,-101.810000,2
209,2022-05-05,2020-12-18,0,0,-42.930000,0
2404,2021-09-14,2023-11-29,0,0,0.000000,2
804,2021-04-01,2021-07-16,0,0,0.000000,5
2951,2021-10-30,2020-05-29,0,0,-328.285000,3
1031,2024-04-09,2020-04-27,0,0,0.000000,1
1779,2023-12-14,2021-05-24,0,0,0.000000,3
479,2021-05-30,2022-08-12,0,0,0.000000,1
2335,2024-03-07,2023-05-23,1,1,181.560000,1
1273,2021-01-27,2022-02-14,0,0,0.000000,2
2598,2023-09-22,2020-05-28,0,0,0.000000,1
680,2020-05-22,2024-10-09,0,0,0.000000,1
1670,2021-11-20,2024-10-12,1,1,46.530000,3
258,2023-03-24,2024-07-13,1,1,378.070000,3
1690,2023-04-08,2022-07-16,0,0,0.000000,2
2325,2022-09-04,2021-12-23,0,0,0.000000,1
417,2023-08-02,2023-09-20,0,1,34.430000,2
1523,2023-09-16,2024-07-11,0,0,94.430000,3
2640,2021-08-24,2023-06-10,0,0,448.150000,0
950,2022-11-23,2025-04-26,0,0,108.220000,2
685,2020-09-09,2023-01-08,0,0,0.000000,3
309,2024-09-21,2021-09-06,0,0,0.000000,4
183,2024-01-13,2021-01-13,1,1,33.710000,1
1219,2021-03-01,2021-04-02,0,0,0.000000,5
2740,2023-07-06,2021-11-08,0,1,-191.045000,0
2320,2022-07-17,2020-08-23,0,0,0.000000,1
1279,2023-03-12,2023-01-15,0,0,0.000000,2
1772,2020-06-04,2022-03-10,0,0,0.000000,1
1959,2023-08-25,2021-06-19,0,0,0.000000,1
2208,2024-05-03,2023-04-01,0,0,0.000000,3
2574,2022-04-29,2023-07-19,0,0,0.000000,5
2842,2024-09-12,2025-01-13,0,0,0.000000,1
159,2025-03-17,2022-09-22,0,0,-400.070000,1
2298,2024-05-18,2025-03-22,0,0,-307.750000,1
1838,2022-01-03,2023-03-29,0,0,-492.580000,0
2704,2022-04-30,2022-01-24,0,0,-112.360000,1
569,2020-05-24,2024-06-14,0,0,-326.310000,2
1489,2023-02-18,2021-11-05,0,0,-149.100000,3
1366,2022-06-26,2025-03-31,0,0,0.000000,1
2597,2020-07-29,2024-01-08,1,2,192.240000,2
989,2021-09-13,2021-07-20,0,0,0.000000,4
438,2024-10-05,2021-11-07,1,2,-83.320000,2
1458,2022-01-01,2022-05-12,0,1,-147.640000,2
1446,2024-02-01,2021-10-26,1,2,-403.320000,0
1585,2024-10-26,2022-12-18,0,0,0.000000,2
338,2024-02-05,2022-10-11,0,0,-270.770000,0
2151,2022-09-23,2023-06-30,1,0,212.440000,1
566,2021-02-26,2024-12-27,0,0,0.000000,4
825,2021-05-10,2021-10-21,0,1,90.430000,2
2439,2022-02-16,2022-08-24,0,0,-456.120000,4
2849,2022-03-20,2023-02-14,0,0,0.000000,3
35,2022-01-21,2022-08-27,1,1,-487.990000,0
2646,2020-09-07,2021-10-17,0,0,0.000000,4
1969,2022-05-26,2023-07-16,0,0,0.000000,1
2945,2022-02-18,2020-12-28,0,0,0.000000,1
923,2023-08-01,2024-05-03,0,0,-387.000000,3
757,2024-03-28,2020-10-23,1,0,0.000000,4
1846,2022-01-19,2023-07-04,0,0,0.000000,1
2447,2022-12-19,2023-03-26,1,0,-85.420000,0
1606,2025-01-26,2024-11-03,0,0,0.000000,1
1070,2021-08-13,2020-12-16,0,1,81.510000,0
1851,2020-06-16,2022-05-01,0,0,0.000000,3
2089,2022-11-24,2024-08-18,0,0,0.000000,3
56,2023-12-11,2022-10-02,0,0,0.000000,1
1782,2024-04-22,2021-07-19,0,0,0.000000,0
2090,2024-04-04,2023-01-20,0,0,0.000000,1
282,2020-12-28,2022-07-11,0,0,-202.460000,0
1096,2021-04-04,2023-10-16,0,0,448.880000,1
1311,2020-05-26,2024-09-07,0,0,392.990000,2
225,2024-05-16,2023-08-25,0,0,0.000000,1
1780,2020-09-17,2023-10-23,0,0,-341.035000,4
2007,2022-07-19,2021-05-15,1,2,319.890000,0
1701,2022-02-28,2021-10-11,1,1,-452.390000,6
2872,2023-10-14,2021-05-23,0,0,0.000000,2
389,2023-05-01,2022-03-01,0,0,0.000000,5
292,2024-03-21,2021-09-12,1,1,158.840000,2
1080,2021-10-30,2022-02-12,0,0,-468.400000,1
1742,2024-10-11,2020-12-30,0,0,0.000000,3
2663,2022-01-15,2024-04-10,0,0,0.000000,1
95,2022-01-05,2024-02-09,0,1,-230.820000,5
2864,2020-05-02,2024-06-04,0,0,335.960000,0
862,2023-06-13,2023-04-27,1,1,148.180000,2
1029,2021-04-09,2020-06-04,0,0,0.000000,1
2596,2022-10-18,2022-01-21,0,0,0.000000,0
316,2024-12-06,2021-11-22,1,1,49.970000,1
2169,2020-12-10,2023-07-19,1,1,-46.650000,2
1112,2024-05-23,2025-01-25,0,0,0.000000,4
1627,2023-10-07,2021-04-22,1,0,0.000000,2
1703,2021-12-23,2020-12-26,0,0,0.000000,2
719,2022-08-29,2023-12-31,0,0,0.000000,1
2312,2022-06-23,2024-06-03,0,0,75.760000,3
734,2020-06-23,2024-04-19,0,0,0.000000,4
2132,2020-11-02,2020-06-19,0,0,0.000000,1
854,2020-10-02,2020-09-25,0,0,0.000000,0
701,2023-03-26,2024-10-12,0,1,11.220000,4
238,2021-12-14,2022-09-12,0,0,0.000000,1
1865,2024-09-20,2024-09-27,1,1,333.180000,2
653,2022-01-07,2023-06-18,0,0,0.000000,2
736,2022-09-05,2023-12-13,0,0,0.000000,3
1184,2023-05-30,2022-07-10,0,0,0.000000,2
2906,2022-04-13,2020-05-28,0,0,0.000000,0
2480,2021-08-31,2021-06-03,1,1,-135.320000,2
2893,2021-08-31,2024-05-15,0,0,0.000000,0
2579,2023-07-15,2024-09-19,0,0,0.000000,2
2910,2021-09-11,2021-01-21,0,0,0.000000,2
2210,2025-02-13,2023-07-21,1,1,-53.780000,2
2417,2021-04-07,2022-07-17,0,1,-473.370000,2
273,2023-11-06,2024-04-03,0,0,0.000000,1
2469,2023-04-16,2020-12-12,0,0,360.010000,3
51,2023-08-10,2022-05-03,1,1,200.480000,2
1480,2020-07-02,2023-05-24,0,1,-54.800000,1
2650,2021-05-26,2021-03-21,0,0,0.000000,4
181,2025-02-10,2020-07-09,0,0,0.000000,2
748,2024-07-06,2022-08-20,1,2,328.290000,1
819,2024-05-14,2021-06-24,0,1,-118.310000,6
1205,2024-07-02,2022-09-09,0,0,0.000000,1
2742,2021-09-02,2021-07-25,0,0,0.000000,0
1647,2020-11-29,2020-12-17,0,0,0.000000,2
1597,2021-02-20,2022-11-17,0,1,-143.870000,0
1502,2022-03-22,2024-05-30,1,1,-244.140000,0
2012,2020-09-13,2024-07-25,0,0,0.000000,3
1906,2023-08-21,2024-12-11,0,1,362.890000,1
485,2020-05-23,2024-06-01,0,0,0.000000,1
1200,2020-08-06,2022-06-11,1,1,401.810000,1
563,2021-10-03,2023-12-20,1,1,-43.090000,3
