customer_id,signup_date,age,FullMembership
2139,2021-01-25,70,1
1697,2022-07-16,44,0
1243,2021-04-03,31,1
1498,2020-02-05,60,1
1187,2023-07-20,52,0
716,2022-11-06,33,0
2889,2020-03-03,47,0
2885,2024-05-11,53,0
2213,2022-08-10,40,0
2710,2020-05-14,69,0
1140,2021-09-25,29,0
452,2021-05-26,59,0
111,2022-12-02,21,1
1020,2020-07-31,66,0
1574,2024-05-13,37,0
1719,2024-09-20,38,0
1034,2024-12-09,69,1
2055,2022-11-29,57,0
1301,2024-09-13,58,0
2624,2020-04-08,59,0
2804,2021-05-04,18,0
2967,2023-07-23,43,0
1645,2020-01-11,41,0
564,2020-12-08,67,0
2258,2021-03-10,27,0
255,2021-01-04,39,0
573,2022-07-31,69,0
806,2024-02-12,64,0
619,2021-09-13,37,0
2891,2024-09-12,41,0
2183,2024-12-19,22,0
2290,2020-05-30,22,0
2810,2024-03-12,59,0
861,2023-05-28,28,0
1356,2021-12-03,60,0
2212,2025-01-15,56,0
506,2024-01-23,38,0
2932,2020-11-05,30,1
2617,2024-01-08,53,1
284,2020-06-03,68,0
1267,2021-07-09,28,1
1679,2020-11-01,45,1
336,2020-01-31,26,0
2078,2020-08-01,54,0
1942,2023-12-02,47,0
2623,2023-11-12,46,0
2458,2024-05-19,36,0
581,2021-10-16,68,0
2796,2024-11-16,67,0
1674,2020-12-14,48,0
2073,2023-04-25,56,0
1378,2020-04-10,63,0
74,2022-06-28,55,1
1773,2020-01-06,70,0
1525,2020-11-05,42,0
2342,2023-09-23,20,0
212,2020-01-20,28,0
1453,2023-02-20,21,0
207,2021-02-26,51,1
1955,2021-10-28,58,0
1536,2025-01-01,52,0
2376,2021-12-20,26,0
22,2022-03-01,50,1
1661,2024-09-04,67,0
979,2020-11-06,67,1
480,2022-07-17,40,0
2281,2024-07-10,45,0
876,2020-04-15,28,1
1019,2020-02-17,32,0
2159,2023-10-01,57,0
1474,2023-04-19,69,0
239,2020-03-13,46,1
1095,2020-04-14,28,1
264,2020-08-26,19,0
1129,2024-10-27,57,0
790,2023-08-30,41,0
2474,2021-02-12,25,0
2276,2023-04-13,23,0
2184,2020-03-22,39,1
2268,2020-08-29,49,1
531,2022-03-19,46,1
1025,2021-03-24,50,0
2698,2023-09-21,27,0
1260,2023-11-29,38,0
1425,2024-04-18,20,0
1307,2020-04-13,68,0
700,2024-06-30,57,0
1361,2022-01-14,31,0
386,2022-03-02,34,0
2355,2024-01-03,69,1
2369,2022-12-27,45,0
1117,2022-07-03,59,0
1373,2020-04-28,67,1
40,2022-01-19,69,1
208,2024-05-27,45,0
1426,2020-07-06,55,0
79,2020-10-19,25,0
1914,2023-12-05,36,0
2909,2020-10-25,54,0
1941,2024-08-26,58,1
2594,2022-08-20,35,0
222,2025-01-18,45,0
813,2024-07-02,43,0
1269,2024-05-16,44,1
1058,2025-01-20,69,0
308,2024-05-16,65,0
1987,2022-01-14,63,0
85,2021-09-19,21,0
2544,2023-08-10,30,1
2311,2024-04-16,32,0
2152,2020-02-26,31,1
2968,2024-06-15,68,0
567,2022-04-25,20,0
1651,2021-01-01,25,0
2894,2024-05-02,38,0
2418,2024-01-15,66,0
1604,2020-12-01,19,0
751,2023-09-30,33,0
802,2023-01-05,37,0
1030,2020-09-14,21,0
618,2025-01-24,59,0
2771,2020-08-03,62,0
453,2021-05-11,49,0
870,2020-10-19,70,0
206,2022-04-17,54,0
2200,2022-03-23,35,0
1250,2024-09-03,67,0
1293,2022-09-08,19,1
1295,2024-04-08,38,0
203,2021-04-17,19,0
662,2022-10-25,36,0
1717,2022-10-03,45,0
381,2024-04-20,69,0
2832,2020-10-01,23,0
1278,2020-11-29,44,0
1027,2024-07-27,54,1
2693,2024-08-26,54,0
1654,2024-07-05,28,0
1968,2021-09-08,70,0
2895,2022-08-02,61,0
2221,2020-12-09,65,0
349,2023-07-17,67,0
2225,2020-02-26,62,0
2608,2021-05-31,20,0
991,2024-05-28,25,1
922,2024-05-07,23,0
2181,2023-09-16,66,0
1087,2024-10-06,54,1
2360,2024-11-16,65,0
670,2022-12-11,42,0
1210,2023-05-10,57,0
202,2020-09-09,56,0
1994,2023-05-07,55,0
2402,2022-03-22,22,1
1609,2024-06-18,59,1
1993,2022-06-22,32,0
912,2024-03-15,64,1
2270,2020-02-06,53,0
1671,2024-09-01,53,0
2113,2020-04-16,47,0
2568,2020-04-25,36,0
1823,2023-02-23,61,0
318,2022-02-18,26,0
1882,2021-08-24,41,0
896,2023-07-06,37,0
939,2021-06-05,69,1
1979,2020-07-25,31,0
1304,2022-02-09,21,0
774,2024-05-11,43,0
1492,2024-08-14,27,1
2451,2022-12-31,63,0
117,2024-08-06,35,1
2368,2024-04-16,70,0
2327,2024-07-03,47,1
2128,2020-10-21,59,0
1732,2024-05-25,69,0
220,2023-09-09,31,1
1347,2021-11-22,38,0
2370,2023-06-03,18,0
693,2022-12-30,32,0
2277,2022-12-28,61,0
947,2021-05-15,30,0
2511,2024-05-29,21,0
1284,2020-10-06,40,0
1508,2020-06-26,31,0
706,2024-07-06,31,1
865,2022-06-07,69,0
2998,2021-01-03,61,0
1777,2022-05-23,46,0
1457,2022-08-30,31,1
1840,2024-01-24,18,0
2423,2022-01-13,52,0
383,2022-06-19,36,1
2125,2021-11-26,60,1
433,2020-10-03,52,0
2144,2022-03-07,68,0
44,2020-07-23,52,1
787,2022-07-16,32,0
2359,2023-12-18,28,0
2921,2020-06-24,66,0
733,2021-09-26,58,1
1841,2022-10-16,69,1
1900,2021-12-06,65,0
1826,2023-04-04,19,0
2066,2020-12-07,60,0
562,2022-05-08,48,0
2197,2020-02-08,40,1
2251,2024-04-26,37,0
1946,2024-07-18,28,1
1855,2024-11-23,31,1
50,2021-06-09,44,0
1206,2022-12-21,58,0
1079,2023-08-31,42,0
754,2024-10-14,54,0
34,2021-10-06,68,0
1915,2020-04-05,60,0
1382,2024-09-24,67,0
2823,2020-09-01,19,1
866,2023-06-02,42,0
213,2023-06-23,53,0
2928,2023-03-07,35,0
404,2024-09-11,22,0
2121,2020-01-13,34,0
2733,2024-04-12,41,1
63,2020-05-04,19,0
113,2023-05-25,40,1
463,2020-05-25,66,1
1933,2022-10-19,65,0
1235,2023-06-21,21,0
2508,2021-11-14,24,0
836,2021-08-18,29,0
405,2022-01-04,36,0
108,2021-07-18,35,0
1866,2023-05-31,42,0
2198,2024-07-20,35,0
910,2025-01-17,20,0
2660,2023-10-06,33,1
123,2021-03-10,37,1
1639,2024-09-17,62,0
503,2022-03-18,62,0
1754,2021-11-15,55,0
2929,2022-05-09,33,0
2209,2024-06-18,50,1
246,2022-03-08,18,0
771,2023-02-14,42,1
2207,2024-12-20,33,0
1075,2022-05-25,58,0
1104,2023-03-17,36,0
1462,2020-08-03,45,0
1423,2020-05-10,23,0
2228,2021-01-06,56,1
2381,2021-09-21,46,0
1707,2022-04-08,34,0
1662,2023-09-04,47,1
31,2021-01-02,21,0
2154,2023-12-20,51,0
1390,2023-02-27,28,0
332,2023-02-16,61,0
138,2020-08-16,55,1
2566,2024-06-27,49,1
1167,2021-12-30,58,0
1333,2021-06-04,29,0
1318,2020-06-07,55,0
482,2025-01-18,50,0
1370,2023-11-12,24,0
522,2023-07-27,48,0
2206,2021-07-19,33,0
997,2021-02-21,34,0
2026,2022-04-16,43,0
1161,2021-05-02,37,0
1813,2021-03-14,41,0
511,2021-09-18,18,0
1045,2025-01-21,46,0
1024,2020-11-07,35,1
302,2024-12-11,18,0
1723,2020-03-13,36,0
1272,2021-05-28,21,0
821,2022-09-21,31,0
1978,2023-12-21,53,1
2997,2024-01-24,68,0
526,2021-01-13,34,0
2933,2023-10-11,21,1
2068,2020-10-02,37,0
2344,2020-02-19,64,0
622,2020-08-28,39,0
1204,2025-01-10,43,0
341,2024-04-13,27,0
1786,2022-09-13,19,1
1793,2022-03-07,20,0
2163,2024-09-25,49,0
1592,2024-08-10,38,0
2805,2022-11-07,20,0
2476,2020-05-16,38,0
632,2020-07-06,38,0
2291,2021-12-27,54,1
585,2024-02-12,68,0
674,2021-05-03,50,0
2403,2024-03-23,20,0
2191,2024-11-15,21,0
1299,2022-03-22,23,0
2021,2021-10-27,45,1
1154,2023-07-17,34,0
1668,2020-04-09,37,0
270,2021-11-11,31,1
2527,2020-06-29,43,1
968,2024-11-18,35,0
691,2024-09-26,32,0
2972,2022-11-15,70,0
966,2022-06-07,67,0
1750,2021-10-15,34,0
2242,2023-03-29,65,0
2738,2022-09-09,45,0
2214,2022-11-18,63,1
1816,2023-10-09,55,0
2056,2021-03-18,26,0
527,2021-01-10,27,1
1183,2020-07-12,30,0
994,2022-08-29,58,0
2031,2020-11-15,40,0
2865,2022-07-27,25,0
2058,2021-11-05,59,0
783,2024-02-03,47,0
1526,2020-12-25,37,0
29,2020-08-31,26,0
2603,2024-03-14,39,0
502,2021-07-07,39,1
2908,2023-06-14,27,0
2019,2021-12-10,66,0
315,2024-02-27,38,1
1764,2022-04-05,21,0
355,2020-06-30,53,1
2111,2020-07-20,29,0
1550,2021-12-10,32,0
999,2024-01-01,41,0
698,2021-09-12,68,1
290,2024-10-11,21,0
1216,2020-07-05,33,0
299,2024-05-09,70,0
1182,2022-01-19,28,0
1392,2020-12-15,19,0
1895,2021-04-22,49,0
1317,2020-05-18,18,0
609,2022-04-24,55,0
613,2023-11-23,26,0
1090,2022-03-25,47,0
1263,2024-07-05,48,0
1571,2023-03-02,40,0
1334,2020-12-11,27,0
2911,2021-10-26,63,0
2106,2021-09-17,64,1
2590,2022-06-18,45,0
588,2022-07-29,25,0
1787,2024-03-01,44,0
427,2021-02-05,67,0
2563,2021-05-09,65,0
1055,2023-04-07,30,0
972,2020-12-10,34,0
888,2022-03-11,58,0
874,2020-10-12,39,0
2231,2021-02-21,55,0
1513,2020-04-22,24,0
2648,2020-12-01,53,1
1538,2020-04-27,68,1
1107,2020-02-05,22,0
323,2023-07-07,36,0
1261,2020-06-20,27,1
1657,2024-07-29,23,0
834,2023-01-25,31,0
1294,2022-05-25,61,0
49,2023-11-15,37,1
145,2024-08-30,61,0
2331,2022-10-07,48,0
2385,2020-05-04,18,1
247,2022-11-22,36,1
1442,2023-08-31,48,0
2016,2023-06-16,39,0
1655,2022-10-15,21,0
1734,2025-01-03,35,0
2499,2020-02-09,69,0
1063,2024-07-06,50,0
1240,2022-03-28,40,0
2799,2024-10-16,48,0
665,2023-02-04,68,0
1700,2021-09-22,60,0
873,2022-07-16,69,0
776,2023-11-23,35,0
853,2024-04-04,52,0
1486,2020-07-21,32,1
803,2024-06-26,24,0
943,2022-08-28,33,0
2595,2022-11-02,21,0
1556,2024-08-05,50,1
293,2024-04-17,34,0
2767,2021-03-26,64,0
810,2020-02-19,46,0
1455,2021-11-06,52,0
2051,2022-05-30,69,0
513,2024-05-24,24,1
2393,2024-09-04,33,0
1984,2023-01-01,19,1
1810,2020-01-02,70,0
360,2023-02-09,38,0
538,2020-03-25,52,0
2692,2021-10-18,36,1
2713,2024-07-13,42,0
1613,2020-11-13,23,0
933,2024-09-24,46,0
1646,2023-01-20,36,0
1551,2020-04-23,45,0
1991,2022-01-14,35,0
1371,2024-11-14,61,0
980,2023-11-07,28,0
1339,2021-03-02,50,0
1581,2020-09-21,60,0
878,2025-01-08,39,0
711,2023-08-07,45,0
2673,2020-03-04,36,0
48,2020-12-14,22,0
1939,2023-02-01,68,1
402,2020-12-23,22,1
1666,2022-10-21,34,0
1973,2024-04-29,45,0
408,2021-05-10,47,0
2787,2022-08-29,63,0
2035,2023-07-26,26,0
125,2021-09-11,22,0
1084,2025-01-23,27,0
1934,2020-08-27,25,0
529,2022-07-14,25,1
815,2021-11-12,46,0
643,2024-03-31,59,0
1051,2022-02-28,67,0
601,2020-07-27,30,1
148,2023-05-11,21,0
510,2023-01-23,49,0
1193,2022-11-05,30,0
1807,2020-01-22,45,1
2899,2024-06-27,31,1
359,2024-05-15,52,0
1214,2020-04-01,44,0
2509,2020-02-05,29,0
1065,2020-08-29,41,0
2177,2023-03-22,59,0
1276,2023-02-12,51,0
2592,2022-03-06,36,0
2120,2024-07-31,66,1
2788,2023-10-25,47,0
2308,2024-01-21,46,0
139,2020-02-29,70,0
128,2020-12-21,49,0
2766,2023-08-24,59,0
1168,2025-01-14,53,0
2702,2022-10-26,20,1
2506,2020-09-22,50,1
294,2021-01-06,35,0
228,2022-05-28,24,0
1126,2020-04-03,44,1
1207,2022-12-14,28,0
2524,2022-12-11,62,0
1440,2021-09-27,66,0
1974,2022-02-01,60,0
2877,2021-11-07,35,1
2054,2021-04-26,26,0
441,2021-11-05,43,0
179,2024-10-19,21,0
1524,2022-08-05,67,0
2946,2022-01-16,59,0
1961,2020-06-20,47,0
1829,2023-01-27,32,0
1349,2023-08-13,35,0
2020,2023-10-30,29,0
1503,2024-01-08,45,0
900,2022-04-08,58,0
33,2024-10-27,70,0
2462,2023-10-31,64,0
466,2024-07-09,30,0
1427,2022-01-04,54,0
2807,2020-01-27,24,0
610,2020-11-10,24,0
1566,2022-05-29,47,0
472,2022-01-18,32,0
2504,2020-09-12,55,0
2286,2023-06-14,54,1
325,2020-12-07,25,0
168,2021-10-08,23,0
1605,2021-02-05,44,0
449,2021-04-17,21,0
1889,2022-06-13,31,0
589,2023-05-03,57,1
807,2023-06-18,55,1
2244,2023-07-02,20,0
2730,2021-11-10,43,0
193,2022-07-30,47,1
1099,2023-06-12,30,1
75,2022-03-05,67,0
2430,2021-11-10,28,0
436,2020-02-14,45,0
394,2021-02-09,49,0
576,2020-03-23,41,0
1950,2021-06-05,62,0
903,2024-10-28,67,0
1266,2021-03-28,21,0
1231,2023-02-11,45,0
1241,2021-06-11,34,0
2482,2024-10-13,29,0
1355,2022-08-08,53,0
2264,2020-05-05,23,0
69,2021-05-22,65,0
1792,2022-02-19,58,0
363,2022-05-01,36,0
1573,2021-04-20,29,0
13,2021-07-15,35,0
1890,2020-03-20,63,0
426,2022-01-25,58,0
1337,2020-01-16,66,0
2199,2021-03-23,19,0
1325,2024-12-12,38,0
1881,2020-08-03,55,0
235,2024-02-10,66,1
1996,2022-02-25,30,0
382,2024-10-26,26,1
2189,2024-06-09,31,0
1918,2024-08-20,20,0
1217,2025-01-19,28,0
504,2021-10-23,68,0
2993,2020-02-24,52,0
631,2024-01-01,24,0
291,2021-10-27,30,0
1320,2025-01-07,54,0
160,2023-08-22,67,0
2707,2020-12-02,69,0
2717,2023-05-23,20,0
2723,2022-03-04,41,0
1209,2024-01-23,20,0
1718,2020-09-19,70,0
350,2024-05-03,51,0
443,2023-12-02,31,1
1561,2023-01-19,58,1
231,2023-12-12,30,0
2005,2023-03-11,68,0
2108,2021-11-17,42,1
1680,2023-09-09,44,0
1695,2020-09-22,52,0
2554,2020-06-28,60,0
2364,2021-10-30,23,0
977,2023-02-28,18,0
2306,2022-08-06,25,0
2983,2021-06-12,48,0
1659,2022-12-06,41,0
530,2020-02-04,36,0
2765,2022-06-09,58,1
1358,2021-03-07,30,1
949,2024-04-15,51,1
2982,2020-10-24,33,0
1929,2023-08-22,61,0
1290,2024-08-15,50,1
2814,2023-11-21,63,0
406,2022-07-19,39,0
840,2021-11-13,57,0
2174,2020-03-23,24,0
1917,2021-10-26,52,0
2614,2024-07-02,24,0
1802,2022-08-09,37,0
1785,2023-09-30,37,0
1497,2022-09-17,28,0
1790,2021-07-04,55,0
215,2020-01-03,57,0
2571,2023-08-08,63,1
500,2021-09-27,42,0
1022,2020-02-04,59,0
24,2024-08-05,38,0
1062,2023-08-07,31,0
210,2022-11-03,39,0
1072,2023-01-07,64,0
1482,2020-04-15,28,1
1755,2020-03-29,57,1
1583,2021-01-23,28,0
188,2020-09-06,44,0
2479,2020-07-16,45,0
2293,2021-07-14,28,0
2136,2023-12-24,61,0
2776,2023-01-08,55,0
98,2022-12-31,60,0
2218,2021-11-24,43,0
1327,2022-07-08,65,0
2659,2021-05-25,29,0
708,2023-02-23,45,0
1468,2021-09-07,49,0
2400,2022-12-17,33,0
2701,2024-10-29,25,0
978,2020-04-09,51,0
1089,2021-03-08,28,0
2341,2022-12-24,35,0
2560,2023-12-28,32,1
2532,2022-01-05,60,0
454,2020-11-04,43,1
2720,2024-02-01,58,0
2475,2020-06-10,59,0
2977,2024-03-22,41,1
1860,2023-01-09,23,0
2079,2020-07-04,27,0
627,2021-04-21,42,0
2839,2020-04-18,34,0
30,2024-05-06,53,0
32,2024-02-06,26,1
710,2021-09-21,70,0
1567,2024-07-29,30,0
1539,2020-04-29,21,0
1634,2024-09-03,24,1
2578,2020-07-12,36,0
1147,2020-08-02,63,0
785,2020-04-16,27,1
830,2022-05-17,40,1
577,2024-07-27,32,0
2547,2021-09-09,35,0
2440,2020-07-15,32,0
1340,2021-02-27,21,0
615,2021-03-06,32,0
2501,2021-06-23,44,0
906,2024-03-27,65,0
1730,2022-06-10,56,0
2426,2022-06-21,20,0
1071,2022-09-22,60,0
1832,2022-03-19,32,0
1923,2024-12-06,44,0
368,2024-10-02,28,0
705,2022-11-07,47,0
431,2021-10-06,31,1
1016,2024-03-04,40,1
2041,2020-09-07,37,0
2431,2021-09-16,61,0
2557,2024-07-09,35,0
419,2024-04-14,58,0
1064,2023-03-08,18,1
2555,2024-06-03,21,0
1056,2023-11-07,37,1
1324,2024-06-22,31,0
1848,2020-12-27,36,0
1069,2023-07-07,67,0
2083,2024-01-08,47,1
1601,2020-06-19,66,0
2696,2021-09-29,29,0
1856,2024-07-01,70,0
1097,2020-03-31,21,0
663,2023-02-13,65,0
2460,2023-06-17,65,0
2539,2020-09-10,29,1
2642,2022-09-10,32,0
428,2024-03-29,68,0
133,2020-01-27,61,0
1465,2021-07-26,18,1
2525,2023-03-10,19,0
165,2022-06-27,48,1
2756,2021-02-23,44,0
1452,2024-07-05,37,0
1338,2024-07-12,22,1
932,2024-09-11,70,0
860,2020-05-26,57,0
2074,2023-02-14,43,0
717,2021-02-16,18,0
668,2023-11-08,70,0
2907,2025-01-12,27,1
2001,2024-08-30,50,0
2351,2023-01-04,68,0
1884,2022-08-12,57,0
1684,2022-10-28,20,1
2962,2023-11-19,20,1
2674,2023-06-21,29,0
2129,2023-01-07,49,0
2217,2024-08-30,44,0
1908,2020-07-24,41,0
233,2024-05-18,63,0
109,2020-09-14,39,0
366,2023-06-29,57,0
261,2020-05-28,60,1
688,2022-01-31,26,0
1164,2021-03-19,58,0
1568,2021-03-17,21,0
140,2023-07-19,43,0
638,2024-02-10,67,0
1173,2023-10-19,30,0
766,2021-10-02,55,0
1367,2024-12-05,47,0
671,2022-11-16,69,1
1395,2021-08-06,68,0
1309,2024-03-31,33,0
2003,2023-08-19,47,1
957,2022-07-09,55,1
2309,2024-07-09,58,0
1879,2022-03-10,23,0
1201,2022-02-24,41,1
1699,2024-06-07,18,1
885,2020-01-20,36,1
692,2023-08-22,39,0
1751,2020-10-06,56,1
2897,2022-07-22,50,0
1903,2022-10-25,23,0
2230,2021-11-18,69,1
1271,2021-09-15,21,0
256,2023-08-10,31,0
2165,2021-01-01,64,0
1353,2024-10-20,58,0
546,2021-10-23,20,0
2384,2022-07-07,28,0
154,2020-06-12,38,0
20,2020-10-07,44,0
1245,2020-06-15,44,0
412,2023-06-18,65,0
348,2020-03-04,42,0
1485,2020-05-13,50,1
468,2021-04-24,41,1
2049,2023-06-14,27,1
2782,2023-09-30,18,0
358,2022-06-19,55,0
1516,2021-01-03,49,0
2570,2021-08-09,56,0
2024,2022-04-26,19,1
1947,2022-08-15,27,0
1302,2024-09-27,50,0
553,2024-10-07,52,0
1808,2024-09-20,26,1
1945,2024-05-25,24,0
892,2024-02-11,28,1
928,2021-02-10,56,0
1715,2022-08-06,32,0
122,2024-02-18,30,0
2455,2020-02-04,69,0
2265,2021-01-17,53,0
792,2021-05-12,63,0
2150,2022-08-12,22,0
303,2023-03-06,51,0
1692,2023-05-22,26,0
1017,2022-03-04,57,1
1937,2021-08-20,69,0
1122,2021-10-09,62,0
1198,2023-09-19,61,1
2180,2023-06-22,35,1
714,2021-08-12,30,1
1405,2022-04-22,37,0
1842,2023-08-28,42,0
2387,2021-05-07,66,0
1316,2023-07-11,58,0
1086,2022-07-29,21,0
1132,2024-02-14,25,0
2927,2023-10-06,58,0
1944,2020-12-17,54,0
1081,2023-07-15,55,0
1854,2024-12-04,54,0
1588,2023-10-07,36,0
38,2020-10-12,52,0
2138,2023-10-08,67,0
2356,2022-05-31,28,0
2580,2022-11-08,65,0
1377,2023-12-03,28,0
37,2023-10-26,63,0
867,2021-07-05,59,0
2496,2021-05-22,40,0
1982,2021-07-18,40,0
2324,2020-01-20,49,0
2432,2023-03-19,47,1
2379,2021-06-25,57,0
1057,2024-07-08,50,0
2093,2023-05-11,27,0
1495,2020-07-20,23,1
1237,2023-04-07,26,0
2900,2024-02-24,64,0
2337,2024-06-13,42,1
1014,2022-02-07,59,0
103,2023-03-07,39,0
2576,2024-06-20,42,1
289,2022-05-06,52,0
1756,2020-10-19,37,0
2234,2020-08-18,67,0
1614,2023-02-10,69,0
1422,2021-03-02,50,0
2500,2020-12-10,59,0
2254,2021-11-02,49,0
1119,2021-04-18,39,0
2075,2024-09-07,63,0
1171,2024-04-08,39,0
2922,2023-10-26,18,0
2757,2021-07-08,56,0
21,2022-09-16,34,0
1054,2024-07-30,20,0
1504,2022-04-03,56,0
2790,2023-06-10,27,1
914,2022-04-23,68,0
544,2022-02-13,69,1
2406,2024-11-26,21,0
151,2024-01-08,69,0
2445,2020-01-11,46,1
2375,2024-06-08,37,0
1505,2021-11-06,61,0
2322,2023-06-28,58,0
817,2020-12-14,35,0
1226,2023-07-07,61,0
2102,2021-01-14,46,0
2629,2024-02-03,20,1
2245,2021-02-07,24,0
2099,2022-10-12,23,0
36,2021-07-25,27,0
1517,2020-08-31,47,0
1729,2023-03-28,49,0
392,2020-08-19,25,0
2457,2021-03-20,18,0
1148,2020-01-02,65,0
2952,2023-12-19,37,1
2854,2021-11-10,34,1
2323,2021-10-21,43,0
891,2020-10-09,31,0
636,2023-03-02,65,0
1228,2024-10-27,24,0
226,2022-06-01,23,0
684,2024-12-30,50,0
1872,2023-12-02,20,0
1256,2022-08-01,40,0
460,2022-11-20,46,0
676,2022-02-04,44,1
378,2021-01-29,46,0
214,2023-07-07,32,0
831,2020-03-26,67,1
829,2025-01-16,30,0
955,2022-03-02,48,0
1518,2021-07-25,53,1
2420,2023-05-03,28,0
1169,2021-04-26,44,0
2017,2020-10-29,45,0
1,2024-08-25,51,0
276,2022-08-23,47,1
1767,2020-09-05,19,1
1852,2024-02-08,23,0
679,2022-11-23,61,0
416,2021-08-14,38,1
1357,2022-11-28,59,0
2015,2022-02-19,47,0
2846,2020-10-06,63,0
2295,2021-12-26,20,0
2778,2021-11-05,52,0
1675,2023-09-17,24,1
1869,2022-09-08,19,1
808,2021-03-10,34,1
2275,2025-01-01,49,0
476,2023-08-04,22,0
104,2021-11-03,24,0
1103,2021-09-19,51,0
1332,2021-06-04,26,0
791,2021-06-26,34,0
743,2021-04-04,29,0
2433,2021-11-23,48,0
1584,2023-06-15,54,1
489,2021-07-09,70,0
2357,2023-09-16,45,0
881,2022-08-04,32,0
2179,2022-03-30,44,0
2239,2022-05-24,65,1
559,2023-06-28,36,0
1484,2021-11-08,65,0
593,2020-09-08,63,0
2104,2021-02-05,50,1
1254,2023-10-24,23,0
2859,2022-05-26,56,0
2287,2023-07-15,51,0
1983,2023-02-14,54,0
1229,2021-07-29,25,0
2248,2024-12-13,62,0
1722,2021-03-23,28,0
2913,2021-04-14,30,1
828,2024-11-27,20,0
2103,2020-11-06,67,0
1018,2024-01-12,70,0
990,2023-05-04,36,1
1223,2023-11-27,33,0
1116,2024-01-25,24,0
1586,2022-06-16,46,0
2477,2022-05-02,25,1
682,2022-05-30,33,0
793,2020-04-23,64,0
2978,2024-05-02,57,0
2744,2024-11-19,51,0
913,2020-09-03,37,1
1094,2024-11-05,25,0
72,2020-05-25,48,1
800,2021-01-16,49,0
1397,2023-06-11,26,0
2350,2020-04-04,53,0
2543,2024-11-12,69,1
1905,2022-08-10,68,1
1521,2021-10-08,43,0
1637,2024-06-10,19,0
1658,2021-08-11,69,0
1124,2020-07-31,18,0
661,2020-08-05,30,0
895,2021-09-06,45,1
2471,2021-08-14,55,1
2853,2024-09-15,49,0
1667,2024-05-12,47,1
1410,2024-12-11,20,0
969,2020-09-15,22,0
2340,2021-02-06,52,0
2486,2024-04-22,42,0
1975,2023-02-23,52,0
2876,2024-02-13,49,0
1010,2024-05-14,45,0
2395,2024-01-15,68,1
2745,2020-10-30,24,0
882,2024-10-27,54,0
2503,2021-11-24,43,0
2708,2022-12-13,23,0
2380,2022-10-05,34,0
1287,2021-08-07,19,0
252,2021-12-23,47,1
1005,2020-05-10,33,0
524,2021-05-28,30,1
591,2021-04-24,23,0
1418,2020-10-29,51,0
2681,2022-12-18,64,0
92,2022-02-06,56,0
2652,2023-01-19,69,0
1412,2023-03-01,34,0
1702,2020-04-16,51,0
379,2021-02-20,66,0
1048,2021-12-18,69,0
2416,2022-11-02,26,1
2636,2021-07-24,40,0
2725,2020-03-15,59,0
1436,2020-02-03,21,0
1522,2023-01-20,49,0
2410,2024-12-04,19,0
2353,2024-09-17,33,0
2472,2024-02-13,49,0
600,2023-01-10,59,0
2382,2021-09-14,63,0
1768,2022-11-08,51,0
142,2024-04-01,30,0
2545,2023-02-01,20,0
2307,2023-02-15,26,0
1727,2022-10-30,21,1
219,2023-10-04,66,1
241,2021-03-24,26,0
272,2022-09-15,24,0
1399,2024-02-23,69,0
1694,2025-01-04,46,0
694,2022-01-24,60,0
1512,2022-02-06,61,0
1454,2022-10-03,25,0
1142,2020-07-21,68,0
137,2024-08-02,64,0
106,2024-10-18,55,0
1781,2021-03-19,19,0
2013,2021-07-15,67,0
2263,2021-01-21,57,1
99,2022-09-27,37,1
1330,2024-08-04,48,0
462,2022-10-16,28,1
274,2022-01-27,70,0
1255,2023-06-04,44,0
162,2024-06-01,34,0
352,2021-09-08,66,0
2873,2022-06-21,65,0
1032,2021-07-04,34,0
1558,2021-07-26,54,0
127,2022-10-14,63,0
880,2024-03-25,49,1
967,2024-05-12,34,0
1607,2023-05-24,36,0
1242,2021-05-10,19,1
508,2020-01-14,31,0
2768,2024-03-03,24,0
673,2024-09-26,49,0
2211,2023-11-23,18,0
465,2020-06-18,31,1
52,2022-05-09,50,1
45,2022-01-08,25,0
1281,2021-11-30,55,0
15,2020-04-05,19,0
1861,2024-07-07,46,0
1818,2024-12-30,66,0
2310,2024-05-28,68,0
2857,2020-06-08,58,0
2662,2024-05-07,52,0
185,2023-10-10,49,0
704,2023-11-22,51,0
1328,2020-01-30,19,0
421,2023-02-21,45,1
672,2020-07-20,21,0
2334,2023-03-01,20,0
1106,2023-09-29,18,0
2057,2021-12-22,50,0
2419,2022-11-30,70,0
2834,2020-11-22,59,0
121,2022-05-01,64,1
2279,2024-02-03,40,0
983,2023-07-18,39,0
2498,2024-09-12,48,0
1954,2023-05-14,48,1
2256,2023-09-12,51,0
3000,2024-04-28,55,0
1744,2024-03-13,31,0
295,2023-05-26,40,0
1749,2021-06-19,30,1
1580,2020-08-18,47,0
2202,2020-06-07,27,0
1544,2022-05-29,35,0
2538,2021-11-21,29,1
1052,2024-08-28,56,0
114,2024-06-07,19,0
2831,2023-03-18,23,0
2262,2023-04-15,52,0
689,2020-05-13,67,1
1652,2023-05-16,60,0
2969,2024-05-08,41,0
2269,2022-08-08,30,0
667,2020-05-06,24,0
410,2022-05-13,27,1
572,2020-05-10,39,0
2492,2022-12-20,57,0
1172,2021-08-16,55,1
1002,2023-01-28,62,0
1540,2021-01-30,23,1
2411,2024-09-22,67,0
2634,2021-03-30,33,1
2390,2022-04-30,52,0
2167,2020-04-30,40,1
2101,2021-05-12,67,0
391,2022-01-15,58,0
1125,2020-08-28,51,0
2605,2020-09-25,21,0
2519,2023-09-20,44,0
2964,2023-09-29,69,0
924,2023-05-20,66,0
278,2024-09-19,70,0
275,2022-07-11,19,0
872,2021-09-09,29,0
935,2023-07-27,48,0
1015,2020-06-06,64,0
2494,2023-02-06,52,0
2201,2023-06-12,66,0
1391,2023-05-07,51,1
2226,2020-07-05,30,1
1596,2021-02-12,18,1
205,2023-02-01,54,0
1303,2021-02-01,66,0
816,2023-10-31,69,0
351,2023-07-15,56,1
2413,2021-06-13,33,1
2588,2021-03-25,41,0
1259,2020-06-06,31,0
1393,2021-12-07,44,0
1577,2022-03-04,54,0
556,2020-07-27,63,0
598,2024-11-26,47,0
248,2020-06-13,34,1
1386,2020-05-06,61,0
119,2023-07-26,58,0
2391,2022-07-02,60,0
2905,2021-08-07,24,0
324,2020-11-14,46,0
1878,2020-10-03,59,0
2896,2022-08-21,28,0
2793,2021-06-02,37,0
1759,2020-09-13,64,0
2442,2023-12-14,69,0
326,2020-09-21,34,0
1624,2021-09-12,62,0
375,2024-09-05,38,0
2691,2020-02-07,24,0
2961,2022-06-27,27,0
2986,2023-03-21,26,0
1640,2023-11-21,26,1
2517,2022-03-09,43,0
763,2021-06-18,27,0
721,2020-02-17,63,0
1591,2020-03-26,50,1
115,2020-12-29,47,1
629,2021-04-26,58,1
2124,2021-08-21,20,1
1283,2023-07-15,41,0
2534,2021-02-08,67,0
1876,2022-12-14,60,0
536,2021-10-05,59,0
65,2023-01-07,41,0
1305,2020-08-05,45,1
535,2024-05-14,57,0
1178,2023-12-17,37,0
1009,2021-12-02,66,0
617,2024-09-03,68,1
2902,2024-04-13,49,0
371,2023-05-17,67,1
1067,2021-09-22,24,0
1451,2023-04-09,59,0
1461,2021-06-07,51,1
505,2020-06-14,33,0
1042,2023-06-12,70,0
164,2021-04-30,43,1
2863,2021-05-31,66,0
76,2021-08-30,18,1
1190,2023-07-27,35,0
2684,2023-11-27,37,0
1066,2020-02-18,45,0
1720,2024-07-30,38,0
575,2023-04-18,49,0
1821,2021-04-29,21,0
735,2021-08-25,66,0
2345,2022-04-05,60,0
2987,2024-10-30,31,0
2288,2024-11-19,64,0
847,2021-02-25,59,1
369,2023-03-08,63,1
2283,2023-09-02,63,0
2675,2022-10-13,47,0
2593,2021-04-18,19,0
2801,2022-01-03,27,0
1791,2023-04-15,64,0
2609,2020-01-01,53,0
89,2020-10-07,35,1
982,2023-05-15,61,0
541,2021-04-05,42,0
2033,2022-01-11,33,0
170,2023-05-30,58,0
2512,2024-10-03,25,0
1137,2024-02-10,70,1
2903,2021-05-19,61,0
769,2022-04-08,29,0
2491,2020-06-18,21,0
1820,2022-03-11,36,0
2653,2022-09-06,20,0
628,2021-09-19,18,0
2763,2020-08-25,61,0
232,2023-01-04,54,0
1859,2023-08-13,28,0
1093,2022-01-06,37,1
2611,2024-03-10,30,0
1763,2022-11-07,43,1
2647,2022-05-11,67,0
1487,2023-05-25,32,0
190,2021-01-24,58,0
2754,2020-10-21,62,0
1076,2023-01-22,53,0
894,2023-12-04,56,1
532,2021-10-17,21,0
646,2024-12-06,56,0
2396,2023-05-11,33,1
2153,2023-07-22,58,1
722,2020-10-17,41,1
1765,2024-06-25,49,0
1006,2021-07-31,19,0
2456,2024-03-08,36,0
1111,2023-11-10,55,0
2252,2020-09-27,45,0
2541,2020-05-11,29,0
5,2022-09-02,41,0
1656,2023-08-30,23,0
1762,2023-04-18,65,0
2470,2023-03-28,48,0
877,2020-12-10,64,0
788,2020-11-02,45,0
1252,2024-12-06,34,1
2452,2022-09-29,52,1
612,2020-07-09,24,1
2975,2020-11-13,66,1
1931,2020-04-01,43,1
516,2021-10-21,48,1
1528,2023-12-23,38,0
1037,2023-09-01,62,0
455,2020-08-18,45,0
2349,2021-10-10,25,0
778,2023-09-24,30,0
1036,2024-10-12,18,0
651,2023-12-30,27,0
260,2022-11-08,51,0
2843,2021-05-09,64,0
652,2022-08-14,66,0
1795,2022-01-23,54,0
172,2022-05-17,32,0
173,2021-08-15,52,0
2680,2021-12-27,41,0
339,2023-05-29,68,0
2722,2020-02-18,37,0
310,2020-09-15,20,0
697,2022-01-28,38,0
1074,2020-01-27,35,0
2070,2023-08-07,44,0
2444,2023-12-26,62,1
1227,2024-04-02,31,0
1398,2022-04-01,67,0
2421,2020-09-09,65,0
1300,2020-01-29,28,0
1867,2021-05-28,39,1
784,2023-07-26,38,1
1264,2024-02-07,45,0
1569,2024-11-30,48,0
1389,2024-11-07,62,0
201,2025-01-14,41,0
1725,2021-03-23,62,0
2882,2023-07-01,69,0
2,2020-09-15,44,1
1007,2024-02-27,49,1
945,2021-06-06,53,1
1757,2020-09-30,24,0
1133,2024-09-13,19,0
565,2020-04-17,50,0
1467,2023-02-11,40,0
823,2022-10-28,24,0
2131,2020-01-23,40,0
300,2021-10-20,44,0
2424,2022-02-12,49,0
775,2020-06-12,24,1
2261,2021-04-09,60,0
976,2022-03-17,61,0
654,2021-03-19,61,1
1883,2022-10-15,68,0
2880,2020-04-10,65,1
509,2021-10-25,29,1
435,2024-02-18,64,0
1321,2020-11-20,23,0
1952,2022-08-25,35,0
2739,2021-03-07,68,0
1100,2024-05-26,68,0
2549,2022-12-30,65,1
1617,2023-06-17,35,0
2328,2023-11-05,18,1
182,2024-03-07,55,0
2343,2021-04-03,54,0
2548,2024-10-19,48,0
833,2023-10-09,32,0
557,2022-10-15,21,0
1092,2021-11-14,59,0
2443,2022-03-23,32,0
1572,2022-10-23,60,1
561,2021-04-08,40,0
814,2022-10-22,18,0
2314,2022-06-04,70,0
473,2022-10-18,66,1
886,2023-07-29,59,0
422,2024-02-07,24,1
1105,2020-12-22,49,0
450,2024-09-20,40,1
2635,2023-01-20,33,0
1050,2022-11-16,57,0
2059,2020-07-30,62,0
2700,2022-02-02,67,0
2979,2021-05-27,59,0
311,2024-02-21,58,0
1310,2021-02-01,21,0
669,2021-07-30,66,1
2769,2022-01-10,35,0
331,2024-01-08,37,0
2060,2022-06-16,21,0
942,2020-10-23,68,0
2168,2023-12-30,70,0
120,2020-03-24,21,1
973,2020-03-27,46,0
1407,2023-08-27,58,0
2995,2024-03-19,51,1
2333,2024-07-31,60,0
2670,2024-02-01,21,1
1769,2021-06-02,63,0
1874,2024-03-29,57,1
2071,2020-03-28,37,0
579,2021-07-12,56,0
1162,2020-02-26,23,0
2032,2022-09-24,51,0
448,2022-08-09,55,0
941,2024-09-10,19,0
1372,2024-07-24,62,0
2386,2024-10-12,64,1
2043,2020-02-03,31,0
2628,2022-07-13,29,0
799,2021-10-30,33,0
921,2023-10-29,31,0
2490,2022-06-12,26,0
583,2020-07-31,40,1
1830,2023-08-17,25,1
2405,2020-12-17,38,0
1833,2021-11-07,70,1
648,2020-09-05,64,0
2372,2024-02-02,47,0
2278,2021-04-30,39,0
2425,2021-08-31,54,0
1871,2022-05-26,70,1
1951,2020-03-05,33,0
2959,2022-09-01,41,1
1404,2024-11-18,21,0
1706,2023-07-05,53,0
1943,2022-05-07,33,1
1998,2024-08-02,41,0
623,2020-04-23,53,0
1587,2021-10-01,67,0
2980,2023-07-30,49,0
850,2025-01-13,44,0
2999,2022-08-27,32,1
259,2023-03-20,24,0
586,2021-05-27,27,0
2030,2020-09-04,34,1
1322,2021-01-04,39,0
730,2024-06-11,67,0
1602,2021-02-14,37,0
398,2022-02-01,50,0
174,2022-10-22,34,0
1849,2020-04-01,36,0
1932,2022-01-08,29,0
2205,2022-01-03,38,0
2145,2023-03-02,30,1
1177,2024-10-12,33,0
1359,2022-10-09,53,0
958,2023-04-17,36,1
594,2020-01-19,43,0
1500,2024-08-16,39,0
1593,2023-12-30,49,0
2222,2021-08-05,53,0
1354,2025-01-20,69,0
1350,2023-06-26,54,0
414,2022-12-25,37,0
2728,2023-06-27,41,0
856,2024-09-02,21,0
2361,2021-08-08,42,1
2631,2022-08-23,53,0
2042,2024-09-30,60,0
596,2025-01-03,61,0
1964,2022-09-01,56,0
2564,2020-03-14,42,0
2942,2021-11-02,56,0
2802,2021-10-27,30,1
2664,2021-06-12,49,0
2009,2020-08-13,69,0
1970,2021-09-05,67,0
2819,2020-05-03,25,0
153,2022-07-03,69,0
507,2020-02-08,42,0
2820,2022-08-17,52,0
2883,2020-07-09,51,0
2143,2021-09-25,38,0
1203,2024-12-18,51,0
2338,2021-04-12,45,1
2727,2020-02-06,35,1
2856,2024-12-23,57,1
237,2020-07-09,46,0
1352,2021-01-02,66,1
2552,2021-09-23,39,0
329,2023-09-20,61,1
2232,2020-06-22,56,0
1907,2022-07-21,26,1
187,2024-12-14,53,0
2112,2024-03-08,40,0
756,2024-03-04,46,0
843,2020-07-27,20,0
2170,2020-01-10,51,0
951,2021-02-18,22,1
2530,2024-01-14,27,1
1191,2022-07-20,67,0
812,2021-04-22,50,0
543,2020-01-28,34,0
2954,2023-09-08,44,0
1789,2020-04-04,45,0
1249,2021-02-17,23,1
1224,2021-11-28,29,0
1130,2023-07-09,69,0
570,2021-05-12,48,0
2025,2020-06-20,51,0
2130,2024-09-22,70,0
2280,2020-10-21,58,0
2134,2021-01-18,29,1
2446,2020-11-02,22,0
1743,2022-10-30,23,1
884,2022-01-06,70,1
863,2024-01-20,66,0
2992,2023-03-04,44,0
2459,2023-11-03,70,0
211,2020-10-22,55,1
2948,2023-06-23,46,0
1288,2023-07-28,45,0
2649,2024-07-29,30,0
2427,2023-07-25,36,0
1033,2024-06-11,58,1
2938,2020-05-11,68,0
279,2022-01-03,66,1
2178,2023-09-30,33,0
2711,2021-01-07,27,0
1783,2024-01-31,59,1
2746,2023-04-08,64,1
846,2022-12-30,70,0
901,2024-10-15,21,1
16,2022-04-22,33,0
1368,2022-05-12,49,0
1938,2022-04-15,18,0
2429,2024-01-30,32,0
459,2023-10-18,37,0
470,2022-08-19,63,0
2523,2022-02-22,29,0
2011,2024-11-03,33,1
533,2021-01-23,23,0
1663,2021-10-27,23,1
1213,2021-02-24,54,0
724,2023-12-22,42,0
2467,2023-11-28,59,1
2127,2021-05-14,41,0
1053,2023-05-27,41,0
467,2020-12-21,31,0
2105,2022-03-24,70,0
887,2022-09-14,65,1
2401,2024-05-03,65,0
2317,2023-08-09,24,1
2468,2021-01-07,51,0
337,2021-11-06,31,0
2550,2024-10-08,37,0
2901,2022-06-05,28,0
2142,2020-09-25,61,1
1108,2021-10-15,45,0
2289,2021-07-29,61,0
845,2023-02-28,66,0
1001,2024-01-20,37,0
2126,2022-03-08,26,0
1443,2020-09-30,34,1
1698,2024-03-07,46,0
1775,2021-07-27,41,1
918,2021-06-03,55,0
1369,2021-03-06,43,0
2514,2021-07-13,60,0
1650,2020-07-28,48,0
2735,2023-01-10,32,1
649,2020-04-19,55,0
141,2023-09-03,29,0
2862,2021-12-28,33,0
167,2022-01-11,52,1
2373,2024-01-03,52,0
2187,2021-07-05,27,0
2366,2023-08-01,44,0
481,2020-12-09,64,0
1815,2020-09-05,44,0
537,2024-11-12,34,0
1230,2022-11-03,51,0
1088,2021-07-25,62,0
2643,2024-06-17,21,0
2850,2024-09-16,35,0
1253,2024-11-30,38,0
630,2020-01-14,47,1
198,2024-02-01,38,0
1481,2022-08-10,25,1
1061,2021-10-18,64,0
2671,2024-07-25,62,1
1527,2021-06-12,48,1
2606,2021-01-15,18,0
2988,2021-11-22,45,0
2791,2022-08-24,61,0
2339,2021-11-07,30,0
1059,2021-10-08,34,0
1463,2024-11-19,34,0
1406,2024-11-21,42,0
245,2021-09-09,46,0
820,2022-04-27,50,0
8,2024-02-20,67,0
758,2021-05-24,26,0
1306,2024-02-09,48,0
2858,2024-07-25,57,0
2918,2022-01-08,52,0
327,2023-06-21,33,0
54,2024-03-12,58,0
2463,2024-04-12,68,0
1313,2022-12-14,32,0
620,2020-11-13,37,0
1887,2020-09-15,58,0
849,2024-06-05,44,0
1557,2021-04-07,70,1
869,2024-04-27,27,0
1196,2023-10-07,67,0
1479,2020-09-25,69,1
1286,2022-07-03,20,0
77,2024-02-01,43,0
975,2024-11-12,69,0
2699,2025-01-20,41,0
875,2020-02-07,65,1
1753,2022-11-05,45,0
2950,2023-07-26,24,1
1488,2023-11-14,42,0
132,2024-12-28,51,0
2712,2022-04-17,32,0
501,2022-07-18,49,1
1696,2022-05-08,18,0
487,2023-02-02,65,1
1850,2022-04-18,64,1
889,2023-03-22,63,0
285,2021-06-01,25,0
1387,2020-05-22,21,1
1078,2024-09-23,52,0
744,2020-08-28,68,0
752,2023-10-26,70,0
1466,2021-08-02,41,0
1635,2024-03-17,38,1
2887,2021-11-03,53,0
2622,2022-02-19,33,1
851,2024-03-24,39,0
1682,2023-12-19,38,0
1927,2023-03-27,36,0
116,2022-01-06,65,0
1380,2024-09-01,57,0
1275,2020-10-12,39,0
2688,2024-12-28,68,0
1678,2020-03-28,37,1
587,2020-12-22,42,0
2718,2022-03-21,47,0
451,2021-03-18,61,0
2526,2020-10-25,65,0
156,2023-12-10,28,0
478,2025-01-07,60,0
60,2024-02-05,70,1
223,2023-08-04,40,1
126,2020-01-16,65,0
1151,2023-11-27,60,0
2274,2023-07-10,29,0
1776,2023-12-15,58,0
1721,2021-01-06,43,0
2272,2020-08-08,62,0
519,2022-07-10,49,1
1537,2020-06-12,54,0
2958,2020-02-29,61,1
2483,2021-08-08,22,1
2069,2020-01-04,64,0
81,2022-12-04,31,0
2536,2022-03-04,53,0
2971,2020-04-12,48,0
2304,2022-10-01,67,0
424,2022-09-03,66,0
143,2020-04-01,34,0
2063,2024-03-15,40,0
344,2022-05-18,23,0
2348,2022-06-24,28,0
916,2022-06-17,23,0
2599,2020-01-14,69,0
2094,2023-12-02,55,0
844,2023-08-10,63,0
2679,2023-07-21,23,0
2347,2024-11-14,55,0
1899,2022-12-30,52,0
2529,2025-01-21,34,0
68,2021-09-19,66,0
90,2024-06-12,30,0
2602,2025-01-16,56,0
1251,2022-01-31,64,0
1748,2020-02-29,33,0
1362,2022-09-23,33,0
2141,2025-01-07,28,0
1344,2023-10-19,69,0
2240,2020-11-30,30,0
1644,2022-09-22,46,0
1546,2022-05-30,30,0
1549,2024-08-20,43,1
2006,2020-06-16,68,0
625,2024-01-21,45,0
2989,2023-08-16,35,0
1297,2022-09-21,26,0
2743,2020-03-30,35,0
444,2023-02-11,38,0
1985,2022-01-31,33,0
2388,2022-12-23,26,0
192,2024-07-21,22,0
998,2024-03-08,50,0
2196,2024-12-19,31,0
2149,2021-10-10,40,0
1576,2022-09-21,36,0
2898,2021-04-13,41,0
163,2020-12-29,60,0
984,2021-03-25,18,0
280,2021-02-10,32,0
1519,2021-04-16,35,0
740,2024-07-17,69,0
2064,2024-04-12,41,0
2985,2022-05-24,37,1
1314,2021-04-17,19,1
1277,2023-02-19,69,1
1649,2024-01-10,49,1
595,2021-07-07,25,0
1351,2023-03-17,49,0
2156,2023-09-02,20,0
2119,2023-02-03,64,0
1746,2023-12-17,39,0
1533,2024-04-15,59,0
1021,2022-01-09,56,0
1083,2021-09-25,57,1
1940,2023-02-03,54,0
2721,2022-01-16,26,0
2255,2023-03-05,56,0
605,2021-08-11,21,0
1633,2021-06-25,36,0
1402,2020-12-10,40,0
956,2020-04-07,35,1
2147,2020-05-23,50,0
1745,2021-05-06,69,0
2188,2025-01-11,45,0
1155,2020-05-18,26,0
1490,2020-01-23,38,0
2082,2022-09-18,36,0
1312,2022-10-21,22,0
1653,2020-12-09,22,0
497,2020-04-20,32,0
1180,2022-07-07,42,0
221,2022-09-12,37,0
2994,2024-03-29,48,0
307,2020-12-14,66,1
946,2020-07-19,70,0
498,2022-10-04,61,1
2847,2022-03-10,63,0
1570,2022-03-02,61,0
2936,2023-01-14,36,0
1285,2022-05-28,35,1
317,2025-01-23,39,0
2302,2022-07-01,46,0
2516,2020-08-28,34,0
699,2022-06-13,31,0
1891,2021-10-21,48,0
2448,2024-04-04,48,0
2092,2020-01-04,20,1
2321,2022-01-11,36,1
2813,2021-09-06,52,0
2409,2024-10-18,63,0
2924,2022-10-07,30,0
962,2023-10-06,46,0
2981,2024-03-31,51,0
2318,2022-08-12,41,0
1374,2023-04-18,24,0
2148,2022-06-17,60,0
1676,2020-03-15,60,0
2826,2021-05-03,49,0
390,2024-04-30,18,1
1144,2022-01-28,56,0
418,2023-05-17,50,0
727,2020-09-23,52,0
1163,2020-04-28,23,0
57,2021-01-26,61,0
488,2022-05-23,46,0
795,2023-10-27,48,0
1409,2022-11-13,34,0
2963,2024-02-05,61,0
558,2020-03-31,35,0
39,2020-07-18,53,1
2220,2022-04-18,22,0
1677,2023-07-26,40,0
2224,2022-09-24,32,1
388,2020-06-03,30,0
218,2021-12-29,29,0
746,2023-04-06,55,0
1138,2024-02-05,68,0
1128,2023-09-15,30,0
1687,2020-01-29,36,0
1963,2023-05-23,37,0
2940,2023-04-11,33,0
772,2022-05-18,60,0
403,2022-06-22,36,0
2241,2024-06-14,66,1
346,2023-10-10,46,1
1408,2022-05-27,65,0
1953,2024-12-23,56,0
2553,2021-05-03,28,1
1834,2020-03-30,19,0
384,2021-09-03,33,0
1685,2020-10-22,69,0
2374,2020-12-15,65,0
639,2023-02-18,21,0
2243,2021-06-28,57,0
1562,2023-01-29,38,0
1958,2021-08-05,23,0
158,2021-07-16,23,0
2966,2021-01-29,70,1
2140,2022-09-06,65,0
2088,2023-01-17,64,0
726,2024-11-13,20,0
1444,2024-06-08,21,1
2729,2022-01-14,31,0
2110,2021-10-07,51,0
1437,2024-12-14,33,0
1012,2020-11-11,20,0
554,2023-09-07,57,1
1962,2022-08-15,33,1
1847,2023-10-07,28,1
2352,2024-09-07,63,0
1794,2023-08-03,48,0
1496,2023-12-28,39,1
1726,2023-08-24,52,0
2672,2024-12-04,55,0
1728,2022-09-21,44,0
1346,2020-07-14,70,0
1936,2021-09-02,54,0
265,2022-01-24,25,0
2316,2023-05-29,58,0
2162,2020-04-07,60,0
2253,2023-11-16,34,0
1494,2022-05-16,23,0
1003,2024-07-27,32,0
2246,2024-05-17,52,1
723,2024-02-03,45,1
2319,2023-02-11,40,0
621,2024-04-05,56,0
1686,2022-02-16,58,0
2943,2021-04-15,22,0
2365,2022-05-29,58,0
1218,2023-03-18,38,1
1441,2024-01-24,20,0
1877,2021-11-08,57,1
1292,2022-10-21,29,0
1175,2024-04-22,62,0
313,2020-04-16,36,0
1626,2021-02-02,60,0
578,2023-06-23,18,1
931,2024-08-13,26,0
356,2020-07-23,27,0
996,2021-09-16,41,0
852,2024-06-13,51,0
1336,2022-12-19,45,0
1348,2021-03-13,30,0
2837,2021-09-16,54,0
93,2023-05-12,53,0
2665,2024-10-17,52,0
1202,2023-04-06,43,0
2759,2022-01-17,70,1
555,2023-10-10,22,0
2651,2022-03-28,30,0
184,2020-01-21,70,0
377,2020-06-10,66,0
1547,2024-02-24,67,0
2881,2024-06-18,39,0
186,2020-05-05,32,0
796,2024-03-03,23,0
759,2024-07-31,19,0
2367,2021-08-26,31,1
1911,2022-04-06,59,0
1898,2024-05-06,63,1
2161,2024-04-01,65,0
607,2023-09-23,35,0
2575,2020-11-30,37,0
737,2023-04-30,62,0
539,2024-01-31,37,0
2107,2023-08-13,23,0
745,2022-12-07,40,0
91,2022-07-24,65,0
268,2023-08-30,37,0
760,2023-03-06,26,0
1013,2023-11-25,43,0
1375,2022-01-08,58,0
1738,2020-11-06,43,0
442,2020-03-24,59,0
1473,2024-12-03,18,0
655,2022-07-05,38,0
2668,2021-12-31,22,0
1420,2021-04-20,63,0
659,2022-08-28,54,0
1472,2020-12-23,62,0
2122,2024-05-03,22,1
2203,2023-08-18,27,0
718,2022-06-29,34,1
135,2023-10-02,43,1
2666,2022-07-09,38,0
2655,2023-08-23,59,0
2621,2024-04-29,57,0
738,2023-03-31,55,0
1631,2024-06-28,19,0
2305,2021-11-04,62,1
1828,2021-04-20,32,1
2229,2021-05-26,59,0
1724,2021-06-11,19,0
779,2020-08-18,27,1
2050,2022-10-18,45,0
1615,2020-05-08,69,0
2657,2021-08-12,62,0
1008,2023-06-23,22,0
1909,2020-12-01,32,0
1910,2021-11-19,24,0
11,2022-10-22,52,0
2741,2024-12-11,51,1
839,2023-12-29,56,0
547,2024-09-06,67,0
2237,2022-04-06,47,0
157,2021-10-18,44,0
686,2022-02-04,43,0
1174,2024-06-18,50,0
1564,2022-01-01,28,0
2022,2021-03-19,40,0
1520,2023-06-08,63,0
420,2022-07-17,27,0
568,2022-03-11,41,0
2816,2022-08-04,43,0
1774,2024-07-20,18,0
2639,2021-11-01,24,0
2097,2024-02-05,51,1
1232,2022-11-21,38,1
46,2021-10-31,63,0
571,2020-05-15,46,0
320,2021-01-09,33,0
2726,2022-03-10,23,0
18,2023-11-03,70,0
2086,2023-12-09,49,0
2535,2023-06-12,46,0
486,2024-11-03,48,0
2667,2023-06-25,67,0
2363,2020-07-29,31,0
55,2022-12-12,56,0
2173,2023-03-26,33,1
2414,2023-09-10,32,0
960,2024-01-15,29,0
1113,2022-09-15,62,1
857,2023-09-18,19,0
1559,2021-06-07,44,0
2028,2020-12-07,55,1
1579,2020-12-30,31,1
2892,2024-11-08,48,1
1761,2021-08-13,32,0
1990,2023-05-24,64,0
2779,2020-01-05,55,0
1194,2021-06-07,39,0
1421,2020-06-15,33,0
934,2022-10-11,70,1
970,2024-10-11,64,0
2185,2021-01-17,54,0
2114,2020-02-01,36,0
2434,2022-03-10,48,0
2753,2023-04-01,40,0
2397,2020-05-05,70,0
2845,2020-08-10,30,0
637,2021-08-23,47,0
2192,2022-11-20,65,0
1560,2023-11-25,27,1
993,2020-07-21,69,0
1060,2020-03-22,53,0
2607,2023-11-16,48,0
1403,2020-08-25,67,0
2036,2024-05-12,49,1
2296,2021-01-18,29,0
1989,2023-06-25,49,0
1475,2024-01-10,37,0
2811,2021-07-14,24,0
1208,2024-09-21,31,1
1582,2020-07-27,20,0
1238,2021-01-31,50,0
1195,2024-10-06,51,0
1134,2021-01-17,35,0
1411,2023-06-23,58,1
2182,2021-07-06,24,0
2683,2020-05-27,67,0
189,2021-10-30,51,0
695,2021-12-22,38,0
2800,2020-04-04,58,1
1530,2022-05-07,37,0
23,2020-01-13,69,0
2299,2021-02-21,58,0
1153,2021-09-14,30,0
1335,2020-10-03,67,0
1199,2022-03-12,36,0
1957,2022-06-24,57,1
2676,2021-02-02,49,0
83,2024-05-12,51,0
361,2023-08-23,49,0
169,2022-12-06,52,0
171,2021-11-10,33,0
2613,2022-10-21,65,0
2216,2020-06-10,52,0
236,2023-01-24,29,0
262,2023-10-01,62,0
925,2020-07-07,41,1
2748,2022-12-04,26,1
1629,2023-03-16,44,1
196,2020-06-19,32,0
747,2021-05-16,56,1
1638,2024-08-23,55,0
584,2022-10-12,51,0
822,2021-07-31,31,1
1433,2022-03-10,45,0
1146,2020-03-27,42,0
1157,2022-05-10,52,0
948,2023-10-06,67,0
1186,2023-09-11,58,1
1239,2023-12-21,27,0
1507,2020-12-22,58,0
1385,2022-05-29,25,1
2487,2020-08-22,27,0
1291,2024-01-26,59,0
2081,2024-05-01,67,1
2038,2022-11-29,69,0
2803,2022-03-25,53,0
2616,2022-09-06,62,0
2792,2020-08-03,61,0
2780,2021-04-04,56,0
1986,2020-10-24,42,0
1158,2020-05-12,60,0
890,2022-05-08,44,0
1149,2023-09-09,25,0
2186,2022-04-09,24,0
490,2022-02-27,59,1
2937,2022-11-12,56,0
2223,2024-01-30,36,0
312,2023-06-09,64,1
335,2020-01-04,41,0
1280,2023-06-18,28,0
2874,2024-10-08,64,0
1150,2022-01-25,35,0
859,2022-04-18,22,0
2957,2024-09-02,63,1
879,2022-10-09,38,0
25,2023-03-03,58,1
959,2023-08-05,52,0
2939,2024-04-20,23,1
1136,2022-03-12,57,0
1799,2023-10-15,64,0
2654,2022-07-31,29,0
1145,2022-11-28,30,0
1616,2022-05-11,56,1
4,2024-07-18,37,0
1709,2021-03-11,55,0
253,2023-03-17,39,1
1268,2022-04-13,70,0
2394,2022-02-15,19,0
64,2022-01-26,45,0
2236,2023-11-08,59,0
494,2023-08-03,45,0
2678,2021-10-29,56,0
2084,2020-10-04,60,0
100,2022-02-26,40,1
645,2020-03-21,37,0
112,2021-09-23,66,0
2326,2023-07-13,51,0
254,2022-02-01,66,1
2215,2024-08-07,47,0
741,2020-11-10,68,1
2661,2023-11-05,19,0
1543,2020-04-30,44,0
940,2024-11-28,44,0
1102,2024-10-29,41,0
1594,2020-01-18,45,0
400,2022-11-12,33,0
1181,2024-07-07,37,0
66,2024-11-23,54,0
599,2021-05-05,27,0
2520,2023-11-29,23,0
2955,2020-05-06,34,0
2267,2022-10-05,43,1
2037,2021-07-05,35,0
1641,2024-04-22,47,0
243,2021-10-23,53,0
634,2021-04-13,66,0
1023,2020-02-04,34,0
1835,2023-05-30,24,0
43,2023-07-20,39,0
2488,2021-03-10,57,1
915,2023-04-13,24,0
2567,2023-07-16,41,0
963,2021-08-05,27,0
1621,2020-06-21,36,0
909,2021-07-13,38,0
777,2021-03-18,30,0
2840,2022-10-04,31,0
2686,2022-06-27,52,0
2953,2024-01-22,45,0
2303,2022-05-03,55,0
1590,2020-03-07,32,0
666,2024-02-18,23,0
2852,2021-08-21,20,1
1665,2024-11-15,43,1
2513,2022-12-29,51,0
2627,2024-10-01,68,1
1599,2024-04-25,61,0
1630,2020-12-25,45,0
2398,2021-01-28,57,1
1225,2023-12-20,30,0
2542,2024-09-30,53,0
1965,2021-07-15,52,0
2783,2020-06-28,58,0
134,2022-11-11,26,0
681,2020-03-12,54,0
88,2021-05-18,68,0
798,2024-11-24,24,0
1733,2023-10-10,35,0
1438,2023-07-14,69,0
102,2022-03-26,28,1
374,2023-05-21,53,0
2990,2021-05-02,35,1
2615,2022-10-10,19,0
2956,2024-10-24,55,0
842,2022-09-14,49,0
1360,2022-11-17,63,1
209,2020-10-17,21,0
2404,2024-07-17,21,0
804,2023-03-11,34,0
2951,2020-01-06,63,1
1031,2020-08-02,18,1
1779,2020-12-13,70,0
479,2021-07-10,30,0
2335,2023-08-23,23,0
1273,2022-06-02,54,0
2598,2020-06-08,64,0
680,2020-06-02,34,1
1670,2022-04-19,56,0
258,2021-07-20,35,0
1690,2022-07-20,70,0
2325,2021-12-07,26,0
417,2021-06-25,54,1
1523,2022-06-07,27,0
2640,2023-01-12,25,1
950,2020-12-28,59,0
685,2022-06-02,65,0
309,2023-06-20,68,0
183,2022-09-23,43,0
1219,2022-08-26,53,0
2740,2022-09-18,18,0
2320,2020-08-05,59,1
1279,2024-01-07,62,1
1772,2020-12-22,43,0
1959,2022-02-12,39,1
2208,2024-08-23,49,1
2574,2023-04-27,38,0
2842,2020-10-18,21,1
159,2023-09-09,62,1
2298,2021-08-30,58,0
1838,2022-07-05,48,0
2704,2023-08-24,68,0
569,2021-04-03,41,0
1489,2022-03-02,50,0
1366,2024-04-10,45,0
2597,2020-07-19,29,0
989,2024-05-25,48,0
438,2020-12-31,35,1
1458,2024-01-13,64,0
1446,2024-11-10,36,0
1585,2020-11-20,42,0
338,2023-06-14,50,0
2151,2022-04-28,39,0
566,2020-02-25,24,0
825,2020-07-19,40,0
2439,2022-06-16,49,0
2849,2024-09-04,49,0
35,2022-05-03,30,1
2646,2021-12-12,51,0
1969,2023-06-06,44,0
2945,2024-12-29,53,0
923,2024-06-26,69,1
757,2023-06-25,25,0
1846,2020-12-24,68,0
2447,2020-03-31,62,0
1606,2021-10-17,26,0
1070,2020-10-08,65,0
1851,2020-10-02,20,0
2089,2024-10-04,40,0
56,2024-11-22,27,0
1782,2024-10-04,32,0
2090,2022-04-17,42,0
282,2024-11-16,19,0
1096,2024-06-14,23,0
1311,2024-01-16,39,0
225,2023-02-28,55,0
1780,2025-01-11,28,0
2007,2020-05-12,42,0
1701,2020-06-14,28,1
2872,2021-01-23,65,1
389,2021-08-26,41,1
292,2020-10-19,52,0
1080,2024-05-14,52,0
1742,2020-04-30,45,0
2663,2023-06-18,42,0
95,2020-06-17,53,0
2864,2023-07-08,26,0
862,2023-12-18,36,0
1029,2020-12-22,70,1
2596,2022-05-12,67,0
316,2020-02-15,25,0
2169,2024-10-17,62,0
1112,2021-12-31,63,1
1627,2023-11-23,30,0
1703,2020-06-24,32,1
719,2024-07-17,21,0
2312,2024-06-07,69,0
734,2020-01-20,52,1
2132,2020-12-04,31,0
854,2024-11-01,47,0
701,2024-04-21,24,0
238,2020-07-23,47,0
1865,2023-12-22,42,1
653,2023-07-18,22,0
736,2022-09-12,38,0
1184,2022-04-02,56,1
2906,2020-02-08,43,0
2480,2023-07-18,20,0
2893,2022-11-24,50,0
2579,2021-08-04,63,0
2910,2023-07-15,37,1
2210,2024-04-23,19,0
2417,2020-10-12,63,1
273,2022-02-18,67,0
2469,2020-09-11,45,0
51,2022-06-23,23,0
1480,2023-04-07,37,0
2650,2020-09-24,42,0
181,2021-01-07,49,0
748,2024-01-13,60,0
819,2020-12-10,28,0
1205,2020-08-19,35,0
2742,2024-10-04,51,0
1647,2020-11-08,55,1
1597,2022-08-08,35,0
1502,2022-08-22,36,1
2012,2022-11-16,68,0
1906,2021-07-23,26,0
485,2022-12-09,55,0
1200,2023-11-09,47,0
563,2020-09-13,31,1
