payment_id,customer_id,payment_date,amount_paid,payment_status,default_flag
2139,1016,2025-03-14,423.286498,Completed,0
1697,1177,2025-03-03,56.668691,Pending,0
1243,2495,2025-04-04,334.512207,Failed,0
1498,2039,2025-01-26,139.708839,Completed,0
1187,2872,2025-03-23,427.052381,Completed,0
716,595,2025-02-07,342.385821,Failed,1
2889,2716,2025-04-20,76.918519,Failed,0
2885,971,2025-03-17,218.446656,Failed,1
2213,122,2025-03-29,229.541277,Completed,0
2710,2504,2025-03-15,72.036651,Pending,0
1140,2690,2025-03-17,234.089743,Failed,0
452,1611,2025-03-19,112.918768,Pending,1
111,1475,2025-02-03,70.895866,Failed,0
1020,2961,2025-04-02,489.807898,Completed,0
1574,91,2025-03-01,311.997077,Pending,0
1719,1104,2025-01-03,448.927022,Pending,0
1034,1693,2025-03-16,305.266453,Pending,0
2055,1097,2025-01-29,210.209404,Completed,0
1301,2506,2025-02-07,82.147527,Pending,0
2624,2297,2025-02-08,150.843322,Pending,0
2804,1253,2025-01-11,275.453505,Pending,0
2967,2699,2025-03-17,442.786979,Pending,0
1645,531,2025-03-06,88.528607,Pending,0
564,4,2025-01-01,387.092166,Completed,0
2258,1908,2025-04-22,414.778128,Pending,0
255,1096,2025-03-15,440.640872,Pending,0
573,587,2025-03-12,434.395342,Completed,0
806,2070,2025-03-30,292.787059,Failed,0
619,2605,2025-02-02,225.602796,Failed,0
2891,2800,2025-02-01,414.875298,Completed,0
2183,106,2025-03-28,238.165406,Pending,0
2290,2501,2025-04-19,365.739384,Completed,1
2810,161,2025-02-04,437.243644,Pending,0
861,1993,2025-01-09,240.131688,Failed,0
1356,517,2025-02-28,284.230270,Pending,0
2212,307,2025-01-28,395.164086,Pending,0
506,790,2025-01-01,310.748566,Completed,0
2932,2834,2025-01-06,457.900049,Failed,0
2617,1368,2025-03-06,374.178642,Completed,1
284,1520,2025-03-10,317.127987,Pending,0
1267,2607,2025-04-21,425.370375,Pending,1
1679,1880,2025-01-24,495.135382,Completed,0
336,72,2025-02-26,212.458831,Failed,0
2078,1637,2025-04-19,87.338863,Pending,1
1942,2998,2025-01-07,197.980664,Failed,1
2623,2637,2025-02-25,401.651767,Pending,1
2458,1518,2025-01-06,320.615876,Completed,0
581,841,2025-02-04,85.027993,Completed,0
2796,2209,2025-02-09,97.900237,Pending,0
1674,188,2025-03-14,313.551578,Pending,1
2073,1482,2025-01-04,445.946215,Failed,0
1378,1657,2025-01-26,178.895804,Pending,0
74,1663,2025-04-02,498.433346,Pending,0
1773,98,2025-01-17,432.668692,Failed,0
1525,2486,2025-04-23,141.517927,Completed,0
2342,1619,2025-01-29,162.532604,Completed,1
212,260,2025-01-31,440.937425,Pending,0
1453,2785,2025-02-19,242.981006,Completed,0
207,1672,2025-03-26,83.196837,Completed,0
1955,186,2025-03-14,253.873007,Completed,0
1536,2587,2025-02-08,69.646181,Failed,1
2376,2519,2025-03-27,104.603038,Failed,0
22,1087,2025-03-03,484.489891,Failed,0
1661,1815,2025-01-22,243.643788,Pending,0
979,1311,2025-04-18,198.761900,Failed,0
480,2918,2025-03-09,114.705140,Failed,0
2281,1781,2025-01-14,196.612241,Completed,0
876,1940,2025-02-08,118.731409,Failed,1
1019,1884,2025-01-15,383.500199,Failed,0
2159,74,2025-02-09,457.979768,Failed,0
1474,1723,2025-02-08,102.037348,Pending,0
239,2506,2025-01-07,68.857271,Completed,0
1095,1508,2025-03-29,165.039088,Failed,0
264,1901,2025-02-01,51.402649,Failed,1
1129,2410,2025-03-23,313.502363,Pending,0
790,2029,2025-01-11,326.699836,Failed,1
2474,889,2025-04-12,464.683800,Pending,0
2276,72,2025-02-27,229.368572,Completed,0
2184,2040,2025-04-19,181.178116,Pending,1
2268,1460,2025-03-09,355.911720,Completed,0
531,1274,2025-04-23,174.525409,Pending,0
1025,1262,2025-01-07,263.456013,Pending,0
2698,59,2025-01-25,122.333507,Failed,1
1260,2710,2025-03-28,439.867836,Pending,0
1425,447,2025-01-31,150.844712,Failed,0
1307,1652,2025-02-03,333.410546,Pending,0
700,1510,2025-03-12,362.041435,Completed,0
1361,673,2025-01-09,166.547932,Completed,0
386,465,2025-03-29,160.056460,Pending,0
2355,729,2025-04-19,145.242188,Failed,0
2369,970,2025-04-04,167.546400,Failed,0
1117,1947,2025-01-25,131.224440,Pending,0
1373,2188,2025-03-01,51.054954,Pending,0
40,1294,2025-02-25,499.413405,Failed,0
208,2952,2025-02-08,394.066187,Completed,0
1426,2720,2025-03-11,307.820822,Failed,0
79,187,2025-02-09,50.302030,Pending,0
1914,1865,2025-01-04,234.030910,Pending,0
2909,512,2025-01-17,186.443440,Pending,0
1941,441,2025-02-27,456.823325,Completed,0
2594,1201,2025-02-12,453.340748,Completed,0
222,7,2025-03-23,228.951644,Completed,0
813,1251,2025-01-09,147.517070,Completed,0
1269,1096,2025-03-27,101.510528,Pending,0
1058,2310,2025-01-03,431.942188,Completed,0
308,51,2025-02-09,277.740120,Pending,0
1987,1086,2025-02-13,179.479952,Completed,0
85,1401,2025-02-20,162.278919,Completed,0
2544,2533,2025-03-02,480.041023,Pending,1
2311,2614,2025-03-28,50.132110,Completed,0
2152,1499,2025-02-21,267.146266,Pending,0
2968,1554,2025-01-19,190.072150,Completed,0
567,1557,2025-02-04,403.687480,Failed,1
1651,1629,2025-01-28,144.431300,Pending,0
2894,1342,2025-01-14,241.709909,Pending,0
2418,2224,2025-02-08,97.395255,Pending,1
1604,139,2025-01-04,60.423926,Failed,1
751,2142,2025-03-25,189.781033,Pending,0
802,223,2025-02-12,82.610754,Completed,0
1030,1973,2025-03-01,458.929853,Pending,0
618,1022,2025-02-10,121.335061,Pending,0
2771,922,2025-03-05,181.969929,Failed,0
453,1976,2025-03-30,375.045782,Completed,0
870,1543,2025-02-02,141.657717,Completed,0
206,1880,2025-01-06,300.506768,Pending,0
2200,2623,2025-04-22,144.274026,Pending,0
1250,2116,2025-03-25,495.505034,Failed,0
1293,956,2025-04-02,81.518391,Failed,1
1295,733,2025-01-30,242.632081,Pending,0
203,80,2025-01-18,263.856491,Completed,0
662,2518,2025-03-10,156.438496,Completed,0
1717,564,2025-01-14,176.716786,Failed,0
381,427,2025-03-17,259.231207,Completed,1
2832,2281,2025-04-24,100.863073,Completed,0
1278,2791,2025-01-27,366.515669,Pending,0
1027,474,2025-04-06,437.567333,Failed,1
2693,1018,2025-01-28,368.527196,Pending,0
1654,2047,2025-04-20,201.962456,Completed,0
1968,2904,2025-04-10,218.126625,Completed,0
2895,2802,2025-03-14,300.219775,Pending,0
2221,1028,2025-03-10,356.153624,Completed,0
349,1007,2025-03-26,110.157315,Failed,1
2225,371,2025-02-05,157.879923,Failed,0
2608,2367,2025-04-21,106.038820,Failed,0
991,1393,2025-03-03,408.978384,Completed,0
922,2698,2025-03-28,122.330783,Pending,1
2181,1246,2025-01-25,371.983293,Pending,0
1087,2992,2025-02-26,472.188285,Failed,0
2360,1085,2025-01-06,235.138864,Failed,0
670,2327,2025-03-17,57.923937,Failed,0
1210,2710,2025-04-22,213.421609,Pending,0
202,1907,2025-04-06,477.444146,Failed,0
1994,2104,2025-02-28,446.283509,Failed,0
2402,2156,2025-04-14,168.743354,Pending,0
1609,1134,2025-01-21,365.246715,Completed,0
1993,96,2025-02-07,109.461028,Completed,0
912,2438,2025-01-23,280.933591,Failed,0
2270,1126,2025-03-09,119.877781,Failed,0
1671,2371,2025-03-19,359.508403,Completed,0
2113,2030,2025-03-28,239.062671,Completed,0
2568,1295,2025-01-18,52.002621,Completed,0
1823,1758,2025-02-16,498.878727,Completed,0
318,2002,2025-02-09,463.768220,Completed,0
1882,1804,2025-01-22,117.286775,Failed,0
896,692,2025-03-07,158.965327,Pending,1
939,1820,2025-02-22,168.307338,Failed,1
1979,2763,2025-01-13,137.540026,Failed,0
1304,2702,2025-02-28,492.771413,Failed,0
774,2473,2025-02-24,379.060744,Completed,0
1492,1964,2025-02-11,278.684790,Pending,0
2451,2711,2025-04-13,494.897386,Completed,0
117,1736,2025-02-22,469.843072,Pending,1
2368,2745,2025-03-24,132.852328,Completed,0
2327,2944,2025-02-27,275.822185,Failed,1
2128,1052,2025-02-18,235.300666,Failed,0
1732,549,2025-02-24,276.447541,Completed,1
220,895,2025-03-26,266.119279,Completed,0
1347,892,2025-04-10,363.122330,Failed,1
2370,2088,2025-01-11,435.087157,Pending,0
693,780,2025-01-27,335.249658,Pending,0
2277,1499,2025-01-17,275.555076,Pending,0
947,1656,2025-03-08,156.297918,Failed,0
2511,1802,2025-01-27,61.431958,Failed,0
1284,271,2025-01-26,271.141213,Completed,0
1508,2056,2025-02-21,147.518743,Completed,0
706,631,2025-04-18,123.023063,Pending,0
865,321,2025-04-10,341.675828,Pending,1
2998,853,2025-04-08,415.697542,Pending,0
1777,1027,2025-03-07,83.009837,Completed,1
1457,15,2025-04-17,97.059137,Failed,0
1840,2404,2025-03-16,125.533403,Completed,0
2423,441,2025-03-27,325.906466,Failed,0
383,2125,2025-02-12,249.874688,Failed,0
2125,885,2025-03-11,438.109107,Failed,0
433,543,2025-01-01,250.646247,Pending,0
2144,2181,2025-02-10,132.486965,Failed,1
44,2384,2025-03-16,356.532048,Failed,1
787,2789,2025-01-28,179.464398,Failed,0
2359,1613,2025-04-13,105.097135,Failed,0
2921,1203,2025-04-24,126.231449,Failed,0
733,2850,2025-04-14,126.943892,Completed,0
1841,981,2025-02-17,433.385007,Failed,1
1900,238,2025-04-05,325.237846,Completed,0
1826,2740,2025-01-31,81.702101,Failed,0
2066,1833,2025-01-06,89.992232,Completed,0
562,1751,2025-01-29,246.454957,Failed,1
2197,974,2025-04-10,240.536366,Pending,0
2251,2877,2025-04-20,157.083127,Failed,0
1946,422,2025-03-15,393.572800,Pending,0
1855,2777,2025-04-03,214.522382,Completed,1
50,2719,2025-03-17,376.174052,Completed,0
1206,176,2025-03-16,178.766588,Completed,0
1079,1315,2025-02-01,395.870226,Completed,0
754,896,2025-02-14,358.480485,Completed,0
34,2651,2025-03-30,292.874564,Pending,0
1915,1785,2025-02-27,71.789189,Completed,0
1382,53,2025-01-13,298.449976,Pending,0
2823,1200,2025-03-07,459.248815,Completed,0
866,2059,2025-02-22,112.014321,Pending,0
213,2810,2025-04-10,89.448814,Pending,0
2928,1351,2025-04-13,434.547674,Pending,0
404,2628,2025-01-14,195.282963,Pending,0
2121,182,2025-03-07,73.677476,Completed,0
2733,1321,2025-01-26,481.473362,Completed,1
63,1440,2025-03-11,277.901462,Failed,0
113,1558,2025-01-17,85.309814,Completed,0
463,1506,2025-01-14,480.400914,Completed,0
1933,1580,2025-04-19,54.454473,Pending,0
1235,762,2025-02-06,157.010263,Failed,0
2508,2221,2025-03-05,180.319826,Completed,0
836,604,2025-04-15,221.290350,Pending,0
405,1913,2025-03-08,485.492102,Completed,0
108,1367,2025-01-10,275.831540,Pending,0
1866,2382,2025-03-10,123.882881,Completed,0
2198,747,2025-01-17,380.509964,Completed,0
910,30,2025-03-22,188.386679,Failed,1
2660,240,2025-02-14,106.996016,Failed,1
123,857,2025-04-16,369.479055,Failed,0
1639,515,2025-04-03,174.212841,Failed,0
503,2709,2025-01-12,254.797783,Failed,1
1754,507,2025-04-18,219.766082,Failed,0
2929,189,2025-02-25,286.224808,Pending,0
2209,2029,2025-04-15,243.590109,Failed,1
246,2181,2025-01-26,234.951792,Failed,1
771,1007,2025-01-10,369.264089,Pending,1
2207,2884,2025-01-07,153.151783,Completed,0
1075,1467,2025-01-08,416.002601,Pending,0
1104,2132,2025-03-02,167.664883,Pending,0
1462,2521,2025-02-04,448.382314,Failed,1
1423,1189,2025-02-14,488.762774,Pending,0
2228,2149,2025-01-28,150.212452,Pending,0
2381,1260,2025-01-17,81.358286,Pending,0
1707,810,2025-02-20,394.677184,Completed,0
1662,32,2025-01-04,291.225425,Completed,0
31,220,2025-02-26,300.938592,Failed,1
2154,1139,2025-03-22,484.172521,Pending,0
1390,1314,2025-01-23,157.541492,Pending,0
332,508,2025-02-02,266.201652,Completed,0
138,1415,2025-03-02,66.885772,Failed,1
2566,1802,2025-03-13,429.437320,Pending,0
1167,2193,2025-03-01,233.729341,Failed,1
1333,1236,2025-01-01,54.405423,Completed,0
1318,2690,2025-04-21,362.967003,Completed,0
482,212,2025-04-21,197.042439,Pending,0
1370,2561,2025-03-26,308.240035,Pending,0
522,1630,2025-04-14,222.162634,Completed,0
2206,1572,2025-04-20,345.694025,Pending,0
997,765,2025-04-22,281.589348,Pending,0
2026,1493,2025-01-03,154.554747,Completed,0
1161,2657,2025-04-08,447.166810,Pending,0
1813,1954,2025-01-01,149.824097,Pending,0
511,2930,2025-02-16,270.426867,Failed,0
1045,2562,2025-04-19,469.811837,Pending,1
1024,2488,2025-02-23,148.661875,Failed,0
302,939,2025-04-06,51.153902,Completed,0
1723,2787,2025-01-09,348.200068,Completed,0
1272,2467,2025-01-10,381.086391,Completed,0
821,1278,2025-01-29,75.922885,Pending,0
1978,2732,2025-02-25,143.691786,Completed,0
2997,1085,2025-03-08,455.709012,Pending,0
526,744,2025-02-16,124.804126,Failed,0
2933,1383,2025-01-14,154.542152,Failed,1
2068,1109,2025-03-15,455.837326,Completed,1
2344,664,2025-01-01,327.304170,Completed,0
622,2801,2025-02-19,346.799189,Completed,0
1204,680,2025-04-09,136.833528,Failed,1
341,1919,2025-01-18,299.267204,Pending,0
1786,1876,2025-02-12,112.394062,Failed,1
1793,2019,2025-03-22,123.628094,Completed,0
2163,250,2025-02-09,69.649234,Completed,0
1592,718,2025-03-18,366.738724,Pending,0
2805,896,2025-04-21,268.029111,Completed,0
2476,1781,2025-02-25,137.239250,Pending,0
632,2521,2025-01-29,146.046051,Failed,1
2291,1355,2025-04-21,201.435453,Failed,0
585,154,2025-02-13,210.444262,Completed,0
674,1415,2025-01-27,260.784751,Failed,1
2403,2381,2025-02-01,198.355816,Pending,0
2191,1291,2025-04-06,210.935142,Failed,1
1299,1001,2025-02-21,225.635709,Pending,0
2021,2859,2025-04-19,123.078164,Pending,0
1154,1668,2025-03-15,332.468515,Completed,0
1668,2615,2025-03-01,291.418225,Completed,0
270,1596,2025-03-11,340.094948,Completed,0
2527,2381,2025-02-07,215.018901,Failed,0
968,2142,2025-02-09,212.129833,Failed,0
691,1820,2025-01-28,212.836904,Pending,0
2972,443,2025-03-13,152.279890,Completed,0
966,1130,2025-04-07,332.019051,Pending,0
1750,2166,2025-01-14,376.903599,Pending,0
2242,2511,2025-04-16,461.939174,Failed,1
2738,1737,2025-03-03,153.500406,Completed,0
2214,2684,2025-02-22,125.849903,Completed,0
1816,2609,2025-02-03,492.981367,Completed,0
2056,59,2025-03-02,265.516164,Failed,1
527,538,2025-02-15,176.327688,Completed,0
1183,1066,2025-04-24,266.687387,Failed,0
994,1434,2025-01-04,116.341525,Failed,0
2031,635,2025-03-18,377.010590,Failed,1
2865,563,2025-03-15,134.020946,Pending,0
2058,350,2025-03-12,108.415566,Failed,0
783,292,2025-02-15,274.388974,Pending,0
1526,1003,2025-02-05,151.830691,Completed,0
29,462,2025-03-03,313.318756,Completed,0
2603,644,2025-01-14,64.853478,Failed,0
502,1883,2025-02-05,76.421066,Pending,0
2908,122,2025-03-22,409.869821,Failed,0
2019,2906,2025-03-26,137.376779,Completed,0
315,827,2025-01-23,198.552304,Failed,0
1764,552,2025-02-28,71.953769,Completed,0
355,1848,2025-04-01,144.167293,Failed,0
2111,2400,2025-03-11,331.281725,Failed,0
1550,2806,2025-04-06,285.412793,Failed,1
999,417,2025-03-12,323.296974,Completed,0
698,1659,2025-03-13,315.863606,Pending,0
290,2936,2025-04-04,186.906970,Completed,0
1216,1290,2025-02-23,360.536831,Completed,0
299,1495,2025-04-07,183.166642,Pending,0
1182,273,2025-02-16,111.639600,Pending,0
1392,609,2025-03-01,475.482447,Failed,0
1895,923,2025-02-27,413.667475,Completed,0
1317,865,2025-01-15,54.358957,Pending,0
609,1788,2025-04-18,332.218035,Failed,0
613,673,2025-03-21,376.470681,Failed,1
1090,2819,2025-03-15,69.949369,Completed,0
1263,759,2025-03-11,441.504601,Failed,0
1571,2453,2025-04-18,414.236995,Pending,0
1334,1731,2025-01-26,251.147367,Failed,0
2911,456,2025-02-10,293.674453,Failed,0
2106,2011,2025-03-31,56.391121,Completed,0
2590,2303,2025-03-28,158.307887,Completed,0
588,394,2025-02-05,405.016174,Pending,0
1787,1302,2025-03-13,200.564077,Completed,0
427,1080,2025-02-21,464.071471,Completed,0
2563,549,2025-03-24,110.690507,Failed,1
1055,1402,2025-04-20,63.078156,Failed,0
972,1164,2025-01-08,107.333053,Completed,0
888,548,2025-02-14,350.582974,Pending,0
874,2671,2025-03-23,437.456277,Failed,0
2231,459,2025-01-08,462.262329,Pending,0
1513,162,2025-03-25,350.415197,Pending,0
2648,2100,2025-03-11,340.940020,Pending,0
1538,1969,2025-03-04,301.909852,Failed,0
1107,1324,2025-02-18,383.139616,Failed,1
323,2395,2025-02-02,99.714695,Failed,1
1261,2122,2025-03-19,437.145411,Failed,1
1657,1689,2025-02-02,220.001163,Completed,0
834,2271,2025-04-21,206.992524,Pending,0
1294,1869,2025-04-18,150.774152,Pending,0
49,481,2025-03-19,192.415115,Completed,0
145,859,2025-03-14,327.909412,Completed,0
2331,657,2025-01-29,140.859439,Completed,0
2385,2291,2025-02-11,400.248961,Failed,0
247,425,2025-01-01,296.341906,Pending,0
1442,2946,2025-04-21,284.857472,Completed,0
2016,1373,2025-04-20,435.605161,Pending,0
1655,1263,2025-04-15,153.050763,Completed,1
1734,1952,2025-03-02,174.110729,Completed,0
2499,2014,2025-01-01,93.234231,Pending,0
1063,2604,2025-02-27,367.550747,Failed,0
1240,2376,2025-04-21,383.393276,Failed,0
2799,2195,2025-04-20,264.680973,Failed,1
665,2719,2025-02-14,246.667290,Failed,0
1700,2473,2025-03-22,420.673721,Failed,0
873,2154,2025-04-07,363.387292,Completed,0
776,1511,2025-03-29,307.494854,Failed,0
853,779,2025-03-30,220.648417,Pending,0
1486,1734,2025-04-03,447.197809,Pending,0
803,602,2025-02-28,467.739420,Completed,0
943,1500,2025-01-04,418.816759,Completed,0
2595,529,2025-02-20,286.879314,Failed,0
1556,956,2025-03-19,260.195484,Failed,1
293,2441,2025-01-20,400.427939,Completed,0
2767,370,2025-02-27,333.974766,Pending,0
810,2934,2025-01-07,486.201879,Pending,0
1455,470,2025-01-03,230.558578,Failed,0
2051,2397,2025-01-09,327.780343,Failed,0
513,2013,2025-04-07,96.859618,Completed,1
2393,1468,2025-02-08,347.331745,Failed,0
1984,469,2025-04-02,343.861451,Pending,0
1810,2114,2025-01-03,351.955695,Pending,0
360,1076,2025-01-25,327.593785,Failed,0
538,1305,2025-01-26,245.240011,Failed,0
2692,2273,2025-01-15,353.426858,Completed,0
2713,1418,2025-01-23,130.408069,Completed,0
1613,232,2025-03-20,354.447420,Failed,0
933,1248,2025-02-20,302.697796,Failed,0
1646,2501,2025-04-04,153.387883,Completed,0
1551,1272,2025-01-25,146.336499,Failed,0
1991,393,2025-04-17,136.447004,Completed,0
1371,2453,2025-03-17,117.076271,Failed,0
980,907,2025-03-07,460.656362,Pending,0
1339,2267,2025-03-02,88.278967,Completed,0
1581,446,2025-02-25,480.701806,Completed,1
878,571,2025-03-23,400.777131,Pending,0
711,14,2025-01-20,98.644492,Completed,0
2673,2101,2025-02-02,359.138719,Pending,0
48,158,2025-02-02,224.687970,Completed,0
1939,632,2025-03-08,319.775553,Pending,0
402,2917,2025-01-02,366.496877,Pending,0
1666,1826,2025-02-22,166.299318,Pending,0
1973,1204,2025-02-23,305.519211,Completed,0
408,2411,2025-02-09,314.775821,Completed,0
2787,990,2025-04-23,287.179311,Completed,0
2035,1233,2025-02-18,463.356948,Failed,0
125,647,2025-03-04,400.396048,Pending,0
1084,1688,2025-03-16,232.215130,Pending,0
1934,733,2025-04-16,424.339882,Pending,0
529,311,2025-02-17,175.906831,Failed,0
815,494,2025-01-04,459.789076,Failed,0
643,1833,2025-02-13,255.994246,Pending,0
1051,2404,2025-01-29,392.860993,Pending,0
601,492,2025-01-30,446.482904,Completed,0
148,1876,2025-02-10,96.713333,Failed,1
510,485,2025-03-23,154.197261,Failed,0
1193,323,2025-04-05,230.222558,Failed,0
1807,817,2025-04-24,244.542504,Completed,0
2899,2012,2025-03-17,172.239951,Completed,0
359,708,2025-02-14,447.038294,Completed,0
1214,1588,2025-02-02,417.537425,Pending,0
2509,79,2025-04-19,261.738026,Completed,0
1065,2000,2025-03-29,290.522110,Completed,0
2177,227,2025-03-02,261.931320,Failed,0
1276,389,2025-04-03,350.377463,Pending,0
2592,2743,2025-02-13,224.247141,Completed,0
2120,441,2025-03-11,175.416785,Completed,0
2788,1625,2025-03-08,489.698941,Completed,0
2308,1637,2025-03-10,92.611401,Failed,1
139,2109,2025-01-02,366.998622,Completed,0
128,89,2025-03-08,382.256677,Failed,0
2766,1424,2025-03-31,121.163462,Completed,0
1168,1388,2025-01-20,116.022053,Completed,0
2702,2987,2025-01-18,73.599473,Pending,0
2506,188,2025-04-02,210.315088,Pending,0
294,535,2025-04-19,95.166086,Completed,0
228,1752,2025-03-19,337.874277,Failed,0
1126,1833,2025-03-09,463.984723,Failed,0
1207,1654,2025-03-14,164.152474,Pending,0
2524,2074,2025-03-03,379.594246,Pending,1
1440,1428,2025-03-26,159.791416,Completed,0
1974,2355,2025-04-18,160.882975,Failed,0
2877,881,2025-02-13,234.157871,Completed,0
2054,1223,2025-02-01,480.883040,Completed,0
441,1990,2025-04-12,429.335757,Failed,1
179,1348,2025-01-11,318.504002,Pending,0
1524,161,2025-02-20,90.335872,Failed,0
2946,533,2025-04-03,473.524964,Completed,0
1961,2842,2025-03-31,298.153281,Failed,0
1829,618,2025-03-13,316.642529,Failed,0
1349,2267,2025-01-23,488.441123,Completed,0
2020,2875,2025-04-10,346.899224,Completed,0
1503,1406,2025-04-12,202.794142,Completed,0
900,1371,2025-02-06,197.138017,Pending,0
33,1519,2025-02-19,240.799296,Completed,0
2462,2848,2025-02-05,298.095712,Failed,0
466,352,2025-01-12,173.600992,Completed,0
1427,2803,2025-04-21,215.897257,Completed,0
2807,795,2025-03-08,178.531556,Completed,0
610,1566,2025-03-18,488.907894,Pending,0
1566,205,2025-01-12,428.275921,Completed,0
472,1276,2025-03-03,496.490059,Pending,0
2504,558,2025-02-25,83.724001,Failed,0
2286,2865,2025-04-12,179.531475,Failed,0
325,641,2025-02-11,284.949725,Failed,1
168,1045,2025-02-23,481.455191,Completed,0
1605,2341,2025-01-14,280.885479,Failed,0
449,1946,2025-01-11,400.533749,Completed,0
1889,1607,2025-04-13,414.148092,Completed,0
589,2215,2025-02-10,103.062457,Pending,0
807,2917,2025-03-20,243.604786,Completed,0
2244,155,2025-04-09,436.563799,Completed,0
2730,2668,2025-01-03,301.316719,Failed,0
193,2317,2025-01-29,296.156324,Completed,0
1099,2558,2025-03-17,293.967235,Failed,1
75,637,2025-01-06,102.552501,Completed,0
2430,2177,2025-03-10,120.203326,Pending,0
436,1791,2025-03-09,311.679243,Completed,0
394,1630,2025-04-14,204.908197,Failed,0
576,2775,2025-03-21,484.412782,Completed,0
1950,2767,2025-01-15,415.872024,Completed,0
903,321,2025-04-18,174.117104,Failed,0
1266,1343,2025-03-24,199.651734,Failed,0
1231,1790,2025-02-05,235.651844,Failed,1
1241,324,2025-01-29,464.332946,Failed,0
2482,843,2025-03-31,309.613715,Failed,0
1355,535,2025-01-10,328.240051,Failed,1
2264,2194,2025-02-17,306.562283,Completed,1
69,2762,2025-03-06,158.593868,Pending,0
1792,1088,2025-04-05,200.942013,Pending,0
363,1137,2025-01-06,66.845834,Pending,1
1573,2071,2025-01-08,393.342420,Failed,1
13,817,2025-01-01,119.975766,Failed,1
1890,1358,2025-01-13,286.130930,Completed,0
426,2891,2025-01-26,447.569220,Pending,0
1337,2907,2025-04-20,432.194558,Completed,0
2199,2946,2025-01-24,153.227887,Pending,0
1325,559,2025-03-26,196.363592,Failed,0
1881,445,2025-03-02,439.416162,Completed,0
235,1844,2025-02-03,451.682993,Pending,0
1996,437,2025-04-15,234.668008,Completed,1
382,670,2025-01-08,497.929978,Completed,1
2189,1181,2025-01-10,290.316240,Completed,0
1918,1903,2025-01-06,264.628806,Failed,0
1217,111,2025-03-31,170.696851,Failed,1
504,2665,2025-03-01,132.287857,Failed,0
2993,650,2025-01-12,91.058215,Failed,0
631,2881,2025-02-13,349.905248,Completed,0
291,2091,2025-03-30,458.222945,Completed,0
1320,1711,2025-01-06,356.988368,Pending,1
160,1881,2025-04-14,423.062547,Pending,0
2707,599,2025-03-07,452.883272,Pending,0
2717,1329,2025-03-19,210.664219,Failed,0
2723,1616,2025-02-22,157.298600,Pending,1
1209,612,2025-04-11,416.994827,Failed,0
1718,1104,2025-04-12,494.845796,Failed,0
350,1739,2025-01-04,242.993583,Pending,1
443,2100,2025-01-13,376.120094,Pending,0
1561,2019,2025-02-12,280.655389,Pending,0
231,1227,2025-04-15,331.105584,Completed,0
2005,1082,2025-01-06,119.410211,Pending,0
2108,2495,2025-01-21,53.285736,Failed,1
1680,2435,2025-01-03,220.922793,Failed,0
1695,939,2025-01-07,498.047241,Pending,0
2554,1216,2025-03-28,200.529502,Pending,0
2364,781,2025-03-19,175.438934,Failed,0
977,898,2025-03-09,416.309661,Completed,0
2306,709,2025-01-20,255.818019,Pending,0
2983,2163,2025-02-13,438.863169,Pending,0
1659,1668,2025-03-11,437.803324,Failed,0
530,2398,2025-01-09,73.405473,Failed,0
2765,1559,2025-02-06,292.886654,Pending,0
1358,1345,2025-01-20,488.232729,Pending,0
949,1074,2025-02-14,470.442950,Failed,0
2982,1975,2025-02-05,332.817709,Pending,0
1929,1055,2025-03-27,66.814549,Failed,0
1290,2526,2025-04-22,495.777002,Failed,1
2814,455,2025-02-04,201.488901,Completed,0
406,1251,2025-03-10,468.792084,Failed,0
840,71,2025-02-01,436.569162,Pending,0
2174,517,2025-04-22,57.298379,Failed,0
1917,1062,2025-01-28,213.425400,Completed,0
2614,2073,2025-04-23,108.563763,Pending,0
1802,1775,2025-04-19,289.764121,Failed,0
1785,927,2025-01-20,456.682127,Completed,0
1497,1237,2025-03-29,401.735686,Failed,0
1790,1534,2025-01-01,97.303494,Completed,0
215,2779,2025-04-07,420.679816,Completed,0
2571,1730,2025-02-03,187.917833,Completed,0
500,2471,2025-01-16,468.955537,Pending,0
1022,2295,2025-02-19,191.548987,Failed,0
24,2235,2025-03-29,293.117961,Completed,0
1062,2977,2025-01-15,454.468825,Pending,0
210,1322,2025-03-03,230.740052,Completed,0
1072,163,2025-04-24,351.809602,Pending,0
1482,248,2025-02-02,290.180006,Pending,0
1755,55,2025-02-24,100.752263,Pending,0
1583,1637,2025-03-27,62.044095,Failed,1
188,770,2025-03-31,223.920282,Completed,0
2479,1145,2025-03-09,320.605658,Pending,1
2293,1795,2025-03-08,469.156279,Failed,0
2136,1846,2025-03-04,269.260970,Pending,0
2776,431,2025-01-20,162.756261,Pending,0
98,1954,2025-04-21,406.591290,Failed,0
2218,1436,2025-03-12,243.675279,Failed,1
1327,124,2025-03-14,259.246851,Completed,0
2659,254,2025-04-08,475.088796,Completed,0
708,1341,2025-02-13,183.126813,Failed,1
1468,658,2025-04-10,411.007670,Failed,0
2400,1075,2025-02-05,339.266564,Pending,1
2701,955,2025-01-16,53.472632,Completed,0
978,130,2025-02-03,420.622848,Pending,0
1089,1442,2025-01-11,194.979825,Pending,0
2341,758,2025-03-23,317.680356,Pending,0
2560,1552,2025-04-17,302.892108,Completed,0
2532,1285,2025-01-04,229.692417,Pending,0
454,1764,2025-01-08,114.157402,Failed,0
2720,843,2025-03-19,54.559030,Pending,0
2475,1512,2025-03-09,289.668207,Pending,0
2977,1810,2025-03-07,368.083122,Pending,1
1860,1237,2025-02-20,235.003144,Pending,0
2079,1056,2025-01-19,438.005586,Failed,0
627,1646,2025-02-10,134.785408,Failed,0
2839,2477,2025-01-26,127.997853,Completed,0
30,2269,2025-01-03,365.663467,Pending,0
32,1387,2025-02-19,277.728275,Pending,1
710,756,2025-03-11,387.871317,Failed,0
1567,2668,2025-01-04,194.589152,Completed,0
1539,1398,2025-01-24,433.049779,Failed,1
1634,1665,2025-01-31,467.041624,Failed,0
2578,2508,2025-02-02,63.951813,Failed,0
1147,1483,2025-01-01,319.332386,Failed,0
785,2444,2025-03-18,406.191500,Completed,1
830,1885,2025-03-09,331.929831,Failed,1
577,256,2025-04-18,227.927892,Completed,1
2547,34,2025-03-07,169.840413,Pending,0
2440,1997,2025-03-06,148.437004,Failed,1
1340,1825,2025-01-18,178.411775,Pending,0
615,2127,2025-03-30,332.535218,Completed,0
2501,1939,2025-02-07,288.346165,Completed,0
906,1410,2025-03-28,235.185748,Completed,0
1730,1314,2025-02-18,226.785718,Completed,0
2426,1172,2025-03-26,492.835128,Pending,0
1071,60,2025-02-23,284.626696,Pending,0
1832,2723,2025-04-20,439.541488,Pending,0
1923,2366,2025-02-11,105.224769,Pending,0
368,143,2025-01-23,497.846985,Completed,1
705,706,2025-03-02,400.421774,Failed,0
431,2738,2025-03-21,432.078239,Pending,0
1016,512,2025-02-18,363.059716,Pending,0
2041,1611,2025-02-07,268.028388,Completed,0
2431,2892,2025-04-04,146.071304,Failed,0
2557,2314,2025-04-06,457.767599,Pending,0
419,2708,2025-04-08,499.779598,Completed,0
1064,2813,2025-01-26,234.711036,Failed,1
2555,1340,2025-01-06,290.172982,Completed,0
1056,911,2025-04-17,272.279443,Failed,0
1324,2333,2025-02-21,152.642339,Completed,0
1848,247,2025-03-04,462.927217,Completed,1
1069,1499,2025-01-22,467.066723,Completed,0
2083,2562,2025-01-24,280.058180,Failed,0
1601,314,2025-02-27,344.556985,Completed,0
2696,1646,2025-01-10,129.824284,Pending,0
1856,2414,2025-03-08,73.585818,Failed,0
1097,1910,2025-01-06,271.268672,Failed,1
663,50,2025-02-01,316.558671,Pending,0
2460,1702,2025-02-02,150.991788,Completed,1
2539,1341,2025-01-04,213.105537,Pending,1
2642,2932,2025-02-27,186.980479,Failed,1
428,1139,2025-02-22,481.297494,Failed,0
133,377,2025-03-22,286.531930,Failed,0
1465,2090,2025-01-31,57.981737,Failed,0
2525,2384,2025-01-12,439.216426,Failed,1
165,433,2025-03-14,433.285374,Failed,0
2756,2914,2025-02-12,395.873310,Pending,0
1452,2497,2025-03-21,415.741274,Failed,0
1338,1296,2025-04-11,371.759362,Completed,0
932,1793,2025-02-16,350.707996,Pending,0
860,755,2025-03-16,459.254744,Failed,0
2074,91,2025-04-15,301.787588,Completed,0
717,1026,2025-04-04,468.104759,Failed,1
668,1587,2025-03-30,472.723820,Failed,0
2907,2710,2025-02-03,402.776433,Failed,0
2001,897,2025-03-18,305.964309,Completed,0
2351,384,2025-04-10,417.029058,Failed,0
1884,228,2025-01-27,232.695105,Failed,1
1684,1766,2025-03-01,193.114261,Pending,0
2962,537,2025-01-06,81.834384,Failed,1
2674,457,2025-01-12,234.902897,Completed,0
2129,1984,2025-01-08,473.866827,Pending,0
2217,577,2025-04-06,303.492080,Failed,0
1908,355,2025-04-11,57.599483,Failed,0
233,738,2025-04-07,283.379914,Pending,0
109,2196,2025-02-13,222.897521,Pending,0
366,1645,2025-04-01,430.219056,Failed,0
261,782,2025-04-16,248.421852,Completed,0
688,2581,2025-03-04,226.902469,Completed,0
1164,2586,2025-03-31,136.733918,Pending,0
1568,823,2025-03-27,303.294382,Failed,1
140,2050,2025-02-18,331.144950,Completed,0
638,2468,2025-03-16,280.096738,Failed,1
1173,2869,2025-02-04,485.603811,Completed,0
766,953,2025-01-03,426.166823,Pending,1
1367,218,2025-04-21,62.974251,Pending,0
671,2911,2025-03-28,94.941734,Pending,0
1395,1141,2025-01-02,368.888713,Failed,1
1309,230,2025-03-04,111.702068,Failed,0
2003,696,2025-01-30,141.327598,Failed,0
957,2632,2025-03-15,167.720452,Completed,0
2309,2716,2025-03-23,488.221283,Pending,1
1879,2528,2025-02-26,101.614491,Failed,0
1201,1096,2025-02-01,492.768579,Pending,0
1699,1569,2025-01-06,441.676702,Failed,0
885,2486,2025-02-06,387.165953,Completed,0
692,165,2025-04-04,210.226740,Pending,0
1751,1982,2025-03-11,257.225755,Completed,0
2897,918,2025-03-24,486.634198,Completed,0
1903,2121,2025-03-14,278.735275,Failed,0
2230,1837,2025-02-11,156.050526,Completed,1
1271,13,2025-01-14,54.183033,Pending,0
256,2866,2025-03-20,349.053708,Pending,0
2165,253,2025-03-24,447.944904,Completed,0
1353,1918,2025-01-23,397.654807,Completed,0
546,1212,2025-02-16,102.995791,Completed,0
2384,1459,2025-01-07,106.009487,Pending,1
154,2799,2025-03-18,77.189985,Failed,0
20,1089,2025-02-16,171.448329,Pending,0
1245,2675,2025-02-05,390.703013,Pending,0
412,1831,2025-02-20,68.526342,Pending,0
348,733,2025-01-09,50.781791,Pending,0
1485,2126,2025-03-11,274.285600,Failed,0
468,2245,2025-02-10,163.762382,Pending,0
2049,305,2025-03-18,285.718657,Completed,0
2782,593,2025-04-21,499.143897,Failed,0
358,1888,2025-03-23,430.054313,Pending,0
1516,1786,2025-01-25,197.743848,Completed,0
2570,2590,2025-02-22,249.216460,Pending,0
2024,544,2025-02-05,327.010012,Completed,0
1947,2008,2025-02-01,466.932831,Completed,0
1302,510,2025-01-04,56.913752,Completed,0
553,2671,2025-03-12,335.720828,Completed,0
1808,326,2025-01-30,252.877379,Pending,0
1945,218,2025-04-22,495.015765,Failed,0
892,2217,2025-02-03,318.668472,Pending,0
928,2637,2025-04-12,79.618022,Failed,1
1715,1065,2025-01-13,307.360943,Completed,0
122,1409,2025-01-03,294.720258,Completed,0
2455,2014,2025-01-23,254.467366,Pending,0
2265,1655,2025-03-28,369.877660,Completed,1
792,2945,2025-02-11,168.055563,Completed,0
2150,899,2025-01-03,192.775550,Pending,0
303,1275,2025-02-23,223.283758,Completed,0
1692,2381,2025-04-24,184.615444,Completed,0
1017,1308,2025-03-13,135.190146,Completed,0
1937,1093,2025-03-02,229.284466,Pending,0
1122,118,2025-01-19,249.793136,Pending,0
1198,2514,2025-02-09,219.382428,Completed,0
2180,1281,2025-01-04,250.685485,Failed,1
714,2809,2025-03-01,458.537505,Failed,0
1405,2165,2025-03-22,312.599424,Completed,0
1842,251,2025-02-07,184.543585,Pending,0
2387,83,2025-02-14,348.048847,Failed,0
1316,2879,2025-03-21,76.234704,Pending,0
1086,1096,2025-04-07,255.769260,Pending,0
1132,2402,2025-04-18,397.458359,Failed,0
2927,2005,2025-04-05,190.122872,Completed,1
1944,523,2025-03-30,367.132435,Completed,0
1081,1587,2025-03-14,237.101950,Pending,0
1854,2496,2025-01-25,357.678950,Pending,0
1588,1008,2025-01-07,472.337486,Pending,0
38,2673,2025-01-29,147.510508,Completed,1
2138,2385,2025-02-25,378.865054,Completed,0
2356,2075,2025-02-24,406.599657,Pending,0
2580,2339,2025-04-01,356.736596,Pending,0
1377,598,2025-03-28,479.021666,Failed,1
37,454,2025-02-14,361.126320,Pending,0
867,2977,2025-03-27,372.481361,Completed,0
2496,952,2025-02-04,97.326705,Failed,0
1982,1303,2025-04-20,492.847607,Failed,0
2324,2891,2025-04-21,217.600391,Pending,0
2432,2992,2025-01-04,377.707626,Completed,0
2379,1051,2025-01-14,382.500856,Pending,0
1057,964,2025-02-24,72.966462,Completed,0
2093,328,2025-03-16,68.623901,Failed,1
1495,534,2025-03-22,120.030577,Pending,0
1237,1493,2025-02-09,424.442200,Pending,0
2900,2335,2025-02-07,257.551315,Pending,0
2337,1682,2025-04-05,170.294201,Completed,0
1014,590,2025-03-17,379.772027,Failed,0
103,2356,2025-04-03,98.206626,Completed,0
2576,892,2025-02-21,490.469661,Failed,1
289,2299,2025-03-10,169.011601,Pending,0
1756,2749,2025-04-16,50.888525,Failed,1
2234,2757,2025-01-15,59.614519,Completed,0
1614,702,2025-02-14,214.542019,Pending,0
1422,2913,2025-03-27,215.759409,Completed,0
2500,1871,2025-01-29,300.559791,Completed,0
2254,2763,2025-03-04,493.937259,Completed,0
1119,1733,2025-04-24,484.554898,Completed,0
2075,4,2025-01-06,362.386321,Completed,0
1171,1018,2025-01-28,421.595262,Pending,0
2922,1378,2025-03-09,281.052578,Completed,0
2757,2,2025-01-10,401.823689,Failed,1
21,1722,2025-02-07,292.630819,Failed,0
1054,1398,2025-04-02,395.760141,Failed,0
1504,1669,2025-01-10,414.578486,Failed,1
2790,1812,2025-02-22,329.753649,Pending,0
914,1941,2025-02-19,123.852730,Pending,0
544,2186,2025-02-21,118.963968,Completed,0
2406,2343,2025-03-25,323.192345,Pending,0
151,129,2025-03-05,72.575082,Completed,0
2445,1170,2025-02-11,311.246322,Completed,1
2375,2195,2025-01-03,201.376348,Pending,1
1505,2643,2025-03-09,83.198549,Pending,0
2322,1845,2025-01-22,294.541140,Completed,0
817,1386,2025-01-19,60.867009,Completed,1
1226,2077,2025-03-27,252.792519,Pending,0
2102,673,2025-01-23,489.004887,Pending,0
2629,866,2025-04-23,302.022383,Pending,0
2245,309,2025-01-14,75.439495,Pending,0
2099,2789,2025-04-23,206.196206,Pending,0
36,1283,2025-03-04,235.299996,Pending,0
1517,2228,2025-03-22,189.061233,Pending,0
1729,2574,2025-03-20,396.898520,Completed,0
392,2950,2025-01-12,253.856547,Completed,0
2457,133,2025-03-18,420.511103,Pending,0
1148,1205,2025-01-05,125.075128,Failed,0
2952,1052,2025-01-10,287.415811,Completed,0
2854,946,2025-03-03,388.595978,Completed,0
2323,478,2025-04-02,175.571287,Pending,0
891,2047,2025-02-10,360.790406,Pending,0
636,2412,2025-01-07,357.992004,Failed,0
1228,2245,2025-03-03,94.770878,Pending,0
226,1221,2025-02-08,117.715737,Failed,1
684,2953,2025-02-21,141.031257,Pending,0
1872,2155,2025-01-22,271.291494,Completed,0
1256,930,2025-02-15,422.239377,Pending,1
460,2372,2025-02-16,73.001873,Pending,0
676,799,2025-03-25,384.139095,Completed,1
378,121,2025-04-06,377.638152,Completed,0
214,1871,2025-02-03,308.289231,Pending,0
831,630,2025-02-27,400.797800,Pending,0
829,116,2025-04-12,387.171384,Completed,0
955,532,2025-04-14,428.240797,Pending,0
1518,663,2025-02-15,422.167729,Completed,1
2420,1154,2025-02-22,233.423046,Completed,0
1169,2401,2025-02-03,155.517580,Failed,1
2017,373,2025-04-11,395.726677,Pending,0
1,1070,2025-04-14,141.086924,Failed,0
276,960,2025-03-24,402.763715,Failed,0
1767,791,2025-03-08,189.549954,Completed,0
1852,1472,2025-03-08,440.970431,Pending,0
679,750,2025-03-29,396.038056,Completed,0
416,2318,2025-01-24,186.338213,Pending,0
1357,376,2025-02-24,362.192301,Pending,0
2015,561,2025-01-08,274.026156,Pending,0
2846,2134,2025-03-07,283.399883,Pending,1
2295,1043,2025-01-26,123.984110,Completed,0
2778,543,2025-01-27,387.090693,Failed,0
1675,2524,2025-02-20,455.019336,Pending,0
1869,2122,2025-02-11,357.783586,Completed,0
808,1990,2025-04-19,351.103455,Completed,1
2275,2861,2025-02-26,258.536717,Failed,1
476,1066,2025-04-12,239.558507,Pending,1
104,1698,2025-04-19,171.456780,Failed,0
1103,2296,2025-01-10,239.482748,Failed,0
1332,2256,2025-02-18,165.956451,Failed,1
791,1940,2025-01-31,84.110448,Failed,1
743,2303,2025-02-07,327.703880,Pending,0
2433,430,2025-04-22,469.165898,Failed,0
1584,2587,2025-02-16,111.743908,Failed,0
489,2444,2025-04-14,347.429267,Failed,1
2357,703,2025-02-19,173.235645,Pending,0
881,1976,2025-02-09,178.328486,Completed,0
2179,1281,2025-03-18,206.817233,Pending,0
2239,2573,2025-02-04,323.630069,Completed,0
559,918,2025-03-20,143.682028,Failed,0
1484,2150,2025-02-24,157.999223,Failed,0
593,615,2025-01-14,70.557356,Pending,0
2104,2987,2025-02-03,95.639867,Completed,0
1254,1996,2025-01-22,281.304291,Failed,0
2859,1129,2025-03-06,429.999715,Pending,0
2287,2151,2025-03-16,457.012562,Completed,0
1983,1510,2025-04-11,179.719727,Failed,0
1229,2980,2025-02-27,308.317097,Completed,0
2248,1647,2025-01-20,287.428478,Completed,0
1722,2972,2025-02-08,337.577221,Completed,0
2913,679,2025-03-25,269.048021,Pending,0
828,2859,2025-03-13,147.623529,Failed,0
2103,2043,2025-03-28,239.552067,Pending,1
1018,2022,2025-03-10,412.722981,Failed,0
990,1559,2025-01-19,393.254963,Completed,0
1223,647,2025-01-17,146.576399,Completed,0
1116,399,2025-01-01,110.607569,Failed,1
1586,1269,2025-04-24,427.188413,Pending,0
2477,1459,2025-02-23,382.301510,Pending,1
682,2335,2025-02-01,468.763325,Completed,0
793,1687,2025-02-20,61.983818,Pending,0
2978,2382,2025-02-16,415.322090,Pending,0
2744,474,2025-03-03,320.894095,Completed,1
913,2244,2025-03-24,392.478126,Pending,0
1094,1409,2025-03-22,133.234842,Failed,0
72,2205,2025-02-15,317.627418,Pending,0
800,190,2025-02-02,241.173095,Completed,1
1397,2175,2025-03-11,167.022841,Completed,0
2350,528,2025-02-16,454.183113,Failed,1
2543,820,2025-03-05,55.805959,Completed,0
1905,655,2025-02-14,242.922858,Pending,0
1521,992,2025-01-05,196.562685,Pending,0
1637,1280,2025-01-25,131.872114,Failed,0
1658,161,2025-03-17,443.539559,Completed,0
1124,2117,2025-02-15,453.134762,Pending,0
661,2870,2025-03-27,65.901239,Completed,0
895,1539,2025-03-24,348.111716,Completed,1
2471,809,2025-02-10,52.743050,Pending,0
2853,2729,2025-01-06,137.248890,Pending,0
1667,1894,2025-01-16,215.522171,Completed,0
1410,2436,2025-02-25,461.678966,Failed,0
969,1808,2025-03-16,477.885492,Completed,0
2340,2079,2025-01-28,119.962601,Failed,0
2486,1874,2025-01-18,343.903323,Pending,0
1975,495,2025-01-03,108.849921,Failed,1
2876,877,2025-03-10,255.398762,Completed,0
1010,947,2025-01-17,349.733110,Pending,0
2395,2671,2025-03-12,432.824904,Pending,0
2745,383,2025-03-04,220.123333,Completed,0
882,1386,2025-02-27,175.871655,Pending,1
2503,792,2025-01-14,94.196102,Pending,0
2708,243,2025-02-19,145.079389,Completed,0
2380,2061,2025-04-22,448.409296,Failed,1
1287,2527,2025-03-21,96.168936,Pending,0
252,12,2025-02-05,150.729453,Completed,1
1005,2988,2025-02-12,78.544713,Pending,0
524,1730,2025-04-19,423.270997,Pending,0
591,327,2025-03-10,72.691809,Completed,0
1418,1200,2025-02-07,408.292145,Failed,0
2681,1685,2025-04-18,456.929078,Pending,0
92,2047,2025-04-23,234.911621,Pending,0
2652,2644,2025-02-03,71.195707,Completed,1
1412,1475,2025-02-16,280.301910,Pending,0
1702,931,2025-03-07,259.819520,Pending,0
379,2856,2025-01-02,313.380707,Completed,0
1048,2088,2025-01-15,429.877824,Failed,0
2416,2892,2025-04-10,368.276139,Pending,0
2636,982,2025-01-04,274.895435,Completed,0
2725,2826,2025-01-31,157.767214,Pending,0
1436,2670,2025-03-16,480.453789,Failed,0
1522,479,2025-01-14,114.675786,Failed,0
2410,1980,2025-01-31,163.433934,Failed,1
2353,48,2025-03-09,352.683502,Failed,0
2472,1157,2025-04-17,426.383453,Failed,0
600,1397,2025-01-29,328.634707,Completed,0
2382,2459,2025-02-19,245.029236,Completed,0
1768,2480,2025-02-18,165.085746,Completed,1
142,740,2025-03-22,385.750614,Failed,0
2545,577,2025-02-13,323.780695,Failed,1
2307,2298,2025-04-20,391.127736,Failed,1
1727,2961,2025-02-23,418.609250,Completed,0
219,2004,2025-03-01,83.393530,Completed,0
241,2953,2025-02-22,474.252192,Pending,0
272,1187,2025-03-10,357.773466,Failed,0
1399,1876,2025-01-17,129.079243,Completed,1
1694,2580,2025-03-01,419.467864,Failed,0
694,37,2025-03-20,246.388966,Pending,0
1512,1226,2025-01-18,281.866064,Failed,0
1454,519,2025-01-25,89.315630,Completed,0
1142,816,2025-03-23,174.177393,Completed,1
137,1469,2025-04-15,104.363326,Completed,0
106,2788,2025-02-10,71.476690,Failed,0
1781,2445,2025-03-10,465.934284,Pending,0
2013,2388,2025-04-20,141.637070,Pending,0
2263,2436,2025-02-18,206.448861,Failed,1
99,1817,2025-02-01,274.019770,Pending,0
1330,2159,2025-03-21,72.564779,Pending,0
462,1416,2025-01-04,185.048174,Failed,1
274,2741,2025-02-22,322.191838,Pending,0
1255,2487,2025-01-18,383.969998,Pending,0
162,2470,2025-03-26,111.345973,Failed,0
352,706,2025-01-28,160.534316,Failed,0
2873,332,2025-01-01,289.935710,Completed,1
1032,1015,2025-03-20,292.389955,Completed,0
1558,885,2025-03-29,309.589847,Pending,0
127,147,2025-02-09,294.173913,Pending,0
880,2008,2025-04-23,192.213369,Completed,0
967,2150,2025-02-17,386.642144,Pending,0
1607,2678,2025-04-16,309.861941,Completed,0
1242,184,2025-03-29,273.298846,Completed,0
508,1961,2025-01-31,97.663700,Failed,0
2768,1254,2025-04-21,139.343110,Completed,0
673,243,2025-02-11,262.553000,Pending,0
2211,2793,2025-02-19,101.641388,Completed,0
465,807,2025-02-11,118.716699,Completed,0
52,1415,2025-02-20,345.172834,Pending,1
45,2353,2025-04-20,138.462224,Completed,0
1281,1692,2025-01-01,418.159223,Failed,0
15,688,2025-03-09,261.756472,Failed,0
1861,2017,2025-04-04,467.017572,Failed,0
1818,226,2025-03-26,93.314732,Pending,0
2310,504,2025-01-03,264.664098,Completed,0
2857,722,2025-01-16,277.210192,Completed,0
2662,2431,2025-01-17,454.279449,Pending,0
185,2622,2025-01-18,319.931750,Failed,0
704,2735,2025-03-12,318.225597,Failed,0
1328,2223,2025-02-25,460.706955,Failed,0
421,1563,2025-04-01,326.799676,Failed,1
672,1223,2025-01-18,467.653734,Completed,0
2334,1769,2025-03-06,264.091944,Completed,0
1106,708,2025-03-24,129.330656,Completed,0
2057,1710,2025-01-27,185.142617,Failed,0
2419,1217,2025-03-17,447.209287,Completed,0
2834,302,2025-03-28,265.153717,Completed,0
121,949,2025-03-03,460.379204,Failed,0
2279,2334,2025-04-18,232.204828,Failed,1
983,1957,2025-04-06,329.506923,Completed,0
2498,1479,2025-03-08,108.706601,Pending,0
1954,107,2025-01-20,278.347765,Completed,0
2256,22,2025-01-27,149.229622,Pending,0
3000,1687,2025-01-29,343.754797,Completed,0
1744,1080,2025-01-18,199.659758,Pending,0
295,2457,2025-02-03,313.752549,Pending,0
1749,2002,2025-01-30,476.914626,Completed,0
1580,366,2025-02-22,169.130850,Failed,1
2202,250,2025-03-21,353.437939,Completed,0
1544,1471,2025-03-12,92.538058,Completed,0
2538,1160,2025-04-12,114.809997,Failed,0
1052,2843,2025-02-01,110.082178,Completed,0
114,2890,2025-04-16,417.777347,Completed,0
2831,1828,2025-03-09,193.424932,Failed,1
2262,2290,2025-03-26,149.422679,Pending,0
689,201,2025-02-28,247.793427,Pending,0
1652,2509,2025-02-19,271.688288,Pending,0
2969,2652,2025-03-29,231.432218,Pending,0
2269,1694,2025-04-06,498.219555,Completed,0
667,1748,2025-04-19,402.412196,Pending,0
410,897,2025-02-20,409.179291,Pending,0
572,789,2025-03-15,309.354942,Completed,0
2492,953,2025-04-18,395.775605,Completed,0
1172,889,2025-04-11,352.922924,Completed,0
1002,1727,2025-01-28,224.521511,Pending,0
1540,2172,2025-02-05,226.420515,Failed,0
2411,1883,2025-02-17,203.537957,Pending,0
2634,825,2025-04-03,475.241023,Pending,0
2390,1241,2025-01-26,246.763244,Failed,1
2167,2162,2025-01-01,487.919007,Failed,0
2101,881,2025-01-12,303.874680,Pending,0
391,2425,2025-01-05,455.708889,Completed,0
1125,1165,2025-02-01,140.908587,Completed,0
2605,1376,2025-03-03,389.326013,Completed,0
2519,1405,2025-01-24,413.444580,Pending,0
2964,866,2025-03-27,481.480644,Pending,0
924,2655,2025-04-05,107.633820,Failed,1
278,2536,2025-03-29,275.721559,Pending,0
275,230,2025-04-12,350.211422,Failed,1
872,2611,2025-02-02,228.402426,Completed,0
935,63,2025-02-21,461.652348,Pending,0
1015,2225,2025-04-11,95.683219,Failed,0
2494,600,2025-01-19,150.190727,Failed,0
2201,542,2025-02-04,460.306506,Completed,0
1391,2369,2025-01-12,177.604124,Failed,0
2226,1491,2025-02-27,72.040825,Completed,0
1596,2101,2025-03-12,117.487541,Completed,0
205,2960,2025-02-17,177.728558,Pending,0
1303,2265,2025-04-07,86.666914,Pending,0
816,1925,2025-02-18,150.659014,Failed,0
351,1699,2025-04-09,259.639207,Completed,0
2413,2016,2025-04-15,246.331170,Pending,0
2588,1309,2025-02-16,102.656106,Pending,0
1259,1539,2025-02-10,149.711106,Failed,1
1393,2440,2025-01-17,461.895515,Failed,0
1577,1398,2025-02-17,237.586017,Completed,1
556,1473,2025-04-15,222.353666,Completed,0
598,2680,2025-01-07,116.694622,Completed,0
248,2406,2025-03-22,418.338576,Failed,1
1386,1397,2025-02-04,90.701260,Pending,0
119,2162,2025-04-17,242.416208,Pending,1
2391,2715,2025-03-19,220.503073,Failed,1
2905,109,2025-03-15,239.178423,Completed,0
324,2997,2025-03-26,281.050968,Pending,0
1878,2309,2025-04-11,134.144728,Completed,0
2896,961,2025-01-29,494.444629,Completed,0
2793,2611,2025-03-14,289.201034,Completed,0
1759,1146,2025-03-19,183.456450,Failed,0
2442,137,2025-04-19,61.274290,Pending,0
326,2766,2025-04-24,226.974412,Pending,0
1624,1432,2025-03-28,210.311748,Pending,1
375,2645,2025-01-06,312.599430,Failed,0
2691,127,2025-01-25,206.127733,Pending,0
2961,235,2025-04-21,405.459479,Pending,0
2986,2426,2025-04-17,485.673479,Completed,0
1640,544,2025-01-11,209.093093,Failed,0
2517,2775,2025-02-20,393.380584,Pending,0
763,1612,2025-01-05,313.021072,Failed,0
721,2099,2025-01-04,78.632424,Completed,0
1591,1693,2025-04-08,387.086502,Pending,1
115,317,2025-01-17,457.129184,Pending,0
629,617,2025-02-04,446.633157,Completed,0
2124,2642,2025-03-25,350.281485,Failed,0
1283,2344,2025-02-17,138.769995,Completed,0
2534,2850,2025-02-20,367.202035,Failed,0
1876,932,2025-03-13,106.068062,Completed,0
536,2228,2025-03-07,75.383271,Completed,0
65,1530,2025-01-04,200.930819,Pending,0
1305,427,2025-02-16,362.080587,Failed,1
535,1064,2025-01-31,100.595940,Failed,1
1178,2043,2025-04-12,401.030967,Failed,1
1009,1958,2025-03-19,414.746616,Failed,0
617,2305,2025-03-23,228.288072,Completed,0
2902,803,2025-03-05,484.608168,Completed,0
371,1252,2025-02-09,293.112783,Completed,0
1067,2982,2025-04-04,118.002550,Pending,0
1451,2193,2025-01-03,267.516328,Failed,1
1461,709,2025-03-04,434.578317,Completed,0
505,373,2025-03-19,281.126959,Completed,0
1042,2825,2025-02-19,487.736579,Failed,1
164,519,2025-04-13,269.072876,Completed,0
2863,2533,2025-01-16,457.505827,Failed,1
76,379,2025-04-07,54.983705,Pending,0
1190,2635,2025-04-21,365.577170,Completed,0
2684,396,2025-04-08,289.867481,Failed,0
1066,2341,2025-04-24,399.405501,Pending,0
1720,2274,2025-02-26,330.151001,Pending,0
575,2287,2025-03-18,56.213678,Pending,0
1821,2349,2025-01-20,82.920383,Pending,0
735,1961,2025-01-01,143.730503,Completed,0
2345,2486,2025-03-27,486.669024,Completed,0
2987,1653,2025-01-20,386.101764,Pending,0
2288,446,2025-02-25,89.040871,Failed,1
847,1155,2025-03-27,305.437319,Failed,0
369,2356,2025-04-08,174.228384,Failed,0
2283,2325,2025-01-07,244.841112,Failed,0
2675,2539,2025-03-04,127.990255,Failed,1
2593,2546,2025-03-05,315.588552,Failed,0
2801,2450,2025-02-15,366.775740,Pending,1
1791,931,2025-02-24,208.803528,Failed,0
2609,2249,2025-01-07,413.468771,Failed,0
89,1941,2025-02-14,259.103848,Completed,0
982,1432,2025-02-01,262.871425,Failed,1
541,1090,2025-04-08,460.146179,Failed,0
2033,1933,2025-04-19,63.431495,Failed,1
170,1080,2025-03-02,384.365075,Pending,0
2512,877,2025-01-14,284.952122,Completed,0
1137,1311,2025-02-18,462.705034,Completed,0
2903,2335,2025-02-15,255.464146,Failed,1
769,698,2025-01-24,364.219454,Completed,0
2491,848,2025-02-08,314.083951,Completed,0
1820,1835,2025-01-13,120.673051,Completed,0
2653,301,2025-02-17,203.645572,Pending,0
628,26,2025-03-12,315.121233,Pending,0
2763,243,2025-04-09,320.940886,Failed,0
232,1666,2025-02-24,77.659914,Failed,1
1859,2968,2025-02-02,149.912226,Pending,0
1093,2441,2025-03-10,364.426645,Pending,0
2611,1326,2025-04-18,186.316604,Completed,0
1763,1605,2025-01-18,436.884744,Pending,0
2647,166,2025-03-15,366.076047,Completed,1
1487,332,2025-01-27,218.982074,Failed,0
190,2511,2025-01-30,390.234670,Failed,1
2754,2944,2025-01-22,122.084238,Pending,0
1076,1533,2025-02-25,173.761852,Failed,1
894,1031,2025-04-19,438.396540,Completed,0
532,1608,2025-04-04,418.335884,Pending,0
646,1744,2025-04-16,376.593251,Failed,0
2396,1697,2025-01-27,111.412974,Pending,0
2153,2346,2025-02-01,72.990862,Completed,0
722,952,2025-03-28,490.194140,Pending,0
1765,1313,2025-03-01,129.422081,Failed,0
1006,632,2025-03-14,484.577823,Completed,0
2456,1112,2025-02-19,338.473098,Failed,0
1111,1239,2025-01-29,479.386356,Completed,0
2252,23,2025-04-04,51.781683,Completed,0
2541,322,2025-04-05,164.509358,Completed,0
5,1095,2025-03-08,159.225937,Completed,0
1656,235,2025-03-06,137.668413,Completed,0
1762,2482,2025-03-17,52.014092,Completed,0
2470,1767,2025-02-26,152.202544,Failed,1
877,1591,2025-03-08,466.371914,Failed,0
788,1904,2025-02-12,432.440944,Pending,0
1252,2181,2025-04-13,128.964953,Completed,0
2452,2544,2025-01-18,80.009967,Failed,0
612,368,2025-02-24,125.650026,Pending,0
2975,2286,2025-01-07,410.121587,Completed,0
1931,1292,2025-03-31,234.629201,Failed,0
516,2543,2025-03-17,415.731065,Failed,0
1528,674,2025-02-15,138.821877,Failed,0
1037,2535,2025-03-06,293.399762,Failed,0
455,2585,2025-03-16,53.249213,Pending,0
2349,734,2025-01-18,472.060354,Pending,0
778,1393,2025-02-18,211.363943,Pending,0
1036,1712,2025-03-26,368.709488,Completed,0
651,2611,2025-03-12,476.266927,Pending,0
260,575,2025-03-23,268.539844,Failed,0
2843,2110,2025-01-15,388.098763,Failed,0
652,74,2025-03-02,418.563723,Completed,0
1795,641,2025-01-18,76.028192,Pending,1
172,2246,2025-02-20,399.824004,Failed,1
173,2965,2025-04-19,84.713267,Pending,0
2680,2767,2025-03-29,57.766190,Failed,0
339,1686,2025-02-08,112.171988,Pending,0
2722,2838,2025-03-14,267.225973,Completed,0
310,723,2025-01-24,364.225249,Completed,0
697,1500,2025-04-21,256.716803,Completed,0
1074,1516,2025-03-15,412.696402,Completed,0
2070,895,2025-04-24,82.115403,Failed,0
2444,1459,2025-01-20,152.608182,Failed,1
1227,1821,2025-03-22,398.387026,Completed,0
1398,2486,2025-03-20,403.199709,Completed,0
2421,2341,2025-03-01,87.618823,Failed,0
1300,1027,2025-03-07,373.288395,Pending,0
1867,2810,2025-04-01,60.631843,Pending,0
784,2547,2025-02-03,293.060468,Failed,0
1264,1595,2025-01-25,77.319806,Completed,0
1569,688,2025-03-27,441.110068,Completed,0
1389,4,2025-03-30,170.248094,Failed,0
201,135,2025-03-26,437.443522,Pending,0
1725,1255,2025-01-15,176.757396,Pending,0
2882,967,2025-01-25,386.160749,Completed,0
2,1456,2025-01-06,51.548401,Failed,0
1007,2878,2025-01-15,151.229740,Pending,0
945,2013,2025-01-04,110.494946,Failed,0
1757,1939,2025-03-05,327.774461,Completed,0
1133,534,2025-01-20,211.775515,Failed,0
565,1546,2025-01-28,350.819363,Completed,0
1467,1702,2025-04-11,346.080739,Completed,1
823,339,2025-02-14,435.224798,Pending,0
2131,206,2025-01-24,284.540428,Pending,0
300,734,2025-03-21,75.930123,Completed,0
2424,2813,2025-03-04,194.357592,Failed,1
775,1791,2025-03-19,237.373456,Completed,0
2261,169,2025-01-31,343.267154,Completed,0
976,40,2025-04-12,349.477538,Failed,0
654,529,2025-03-22,425.734592,Pending,0
1883,1025,2025-02-07,250.331028,Completed,0
2880,2167,2025-01-04,480.418422,Completed,0
509,847,2025-03-17,148.942459,Pending,0
435,2067,2025-03-22,210.208850,Failed,0
1321,72,2025-04-12,223.878398,Failed,0
1952,2238,2025-01-13,203.840159,Failed,1
2739,360,2025-01-28,456.925521,Pending,0
1100,513,2025-01-02,112.577420,Pending,0
2549,1657,2025-02-24,185.643017,Failed,0
1617,2589,2025-02-04,142.108198,Failed,1
2328,251,2025-02-16,198.122162,Pending,0
182,784,2025-04-18,284.375745,Failed,0
2343,834,2025-03-08,191.922542,Failed,0
2548,190,2025-03-22,186.569994,Pending,1
833,2267,2025-03-24,427.134729,Completed,0
557,224,2025-02-14,260.351542,Failed,0
1092,2127,2025-03-07,388.310676,Pending,0
2443,896,2025-04-21,392.561792,Completed,0
1572,1557,2025-03-13,195.797983,Pending,1
561,1211,2025-04-14,282.890165,Failed,0
814,1370,2025-01-31,347.881350,Failed,0
2314,1302,2025-03-22,76.220804,Pending,0
473,2134,2025-04-18,184.101048,Completed,0
886,2561,2025-03-06,235.336617,Pending,0
422,2156,2025-04-14,88.597708,Pending,0
1105,216,2025-02-27,68.342732,Failed,0
450,2621,2025-04-18,83.255473,Completed,0
2635,1342,2025-02-19,105.194264,Pending,0
1050,623,2025-03-11,305.590991,Failed,0
2059,1042,2025-01-23,187.210738,Completed,0
2700,1183,2025-03-22,188.440571,Completed,0
2979,1665,2025-02-27,331.039137,Completed,0
311,190,2025-01-06,271.679070,Failed,1
1310,381,2025-03-01,131.475291,Failed,0
669,2223,2025-01-23,354.656702,Pending,0
2769,1793,2025-03-08,189.356148,Pending,0
331,2323,2025-04-05,321.802667,Failed,0
2060,2466,2025-01-30,389.188812,Failed,0
942,2805,2025-01-19,83.284900,Pending,0
2168,2482,2025-01-31,132.037810,Completed,0
120,1830,2025-03-06,355.307707,Pending,0
973,1477,2025-03-28,394.450027,Pending,0
1407,1919,2025-03-23,349.550443,Pending,0
2995,394,2025-04-13,350.138083,Failed,0
2333,732,2025-04-18,490.489061,Pending,0
2670,695,2025-02-13,234.332877,Failed,0
1769,911,2025-03-28,186.078531,Completed,0
1874,1583,2025-01-11,495.308952,Completed,0
2071,1360,2025-01-11,488.845198,Completed,1
579,892,2025-02-09,366.489889,Completed,1
1162,2346,2025-03-22,175.902020,Pending,0
2032,5,2025-03-19,208.447630,Failed,1
448,673,2025-04-06,406.899845,Pending,0
941,1287,2025-01-25,136.377991,Failed,0
1372,2167,2025-01-04,326.489558,Pending,0
2386,2194,2025-02-13,370.235703,Completed,0
2043,111,2025-04-09,435.849641,Failed,1
2628,2173,2025-03-22,128.402843,Completed,0
799,1335,2025-04-01,427.069274,Completed,0
921,1245,2025-02-14,133.447635,Completed,0
2490,1693,2025-03-07,445.751785,Failed,1
583,2044,2025-02-12,382.535905,Completed,0
1830,892,2025-04-22,318.296050,Failed,1
2405,2458,2025-04-13,333.013534,Failed,0
1833,1029,2025-04-02,378.630378,Completed,0
648,274,2025-03-13,339.671061,Completed,0
2372,1746,2025-03-17,162.284169,Completed,0
2278,288,2025-04-24,62.208992,Completed,0
2425,2178,2025-01-18,461.669028,Completed,0
1871,2267,2025-03-06,473.298705,Failed,0
1951,2844,2025-03-30,473.605255,Completed,0
2959,608,2025-02-17,450.855473,Failed,0
1404,2106,2025-03-26,238.862849,Completed,0
1706,2771,2025-02-08,277.638676,Failed,0
1943,1607,2025-04-13,51.529789,Completed,0
1998,1870,2025-03-26,401.569672,Completed,1
623,777,2025-02-16,309.479623,Completed,0
1587,1021,2025-01-20,274.129425,Completed,0
2980,2863,2025-01-25,467.753954,Failed,1
850,1493,2025-04-06,418.615613,Failed,0
2999,521,2025-01-05,70.816721,Completed,0
259,566,2025-03-18,362.776927,Completed,0
586,2885,2025-03-09,376.105070,Completed,0
2030,975,2025-02-16,277.420582,Failed,0
1322,2529,2025-02-21,332.600956,Failed,0
730,537,2025-04-15,262.756379,Failed,0
1602,2694,2025-03-15,335.861079,Pending,0
398,817,2025-03-03,196.920358,Completed,0
174,1474,2025-03-17,433.704420,Pending,0
1849,2556,2025-01-29,325.130245,Completed,0
1932,1762,2025-02-13,117.240807,Pending,0
2205,2147,2025-01-24,251.926440,Pending,0
2145,2720,2025-03-15,221.456121,Completed,0
1177,972,2025-03-05,84.549309,Failed,0
1359,852,2025-02-03,123.849338,Completed,0
958,1439,2025-02-25,343.496330,Completed,0
594,1027,2025-03-28,295.438674,Failed,1
1500,2557,2025-02-18,168.156271,Completed,0
1593,424,2025-03-14,301.694431,Failed,0
2222,2464,2025-02-01,195.334800,Failed,0
1354,1561,2025-01-06,433.151001,Failed,0
1350,2612,2025-01-16,91.977764,Failed,1
414,2416,2025-03-24,417.711170,Completed,0
2728,2628,2025-03-31,299.515111,Completed,0
856,1857,2025-03-09,148.837907,Failed,0
2361,688,2025-03-15,359.654261,Failed,0
2631,21,2025-02-20,248.946500,Failed,1
2042,859,2025-03-21,117.542781,Pending,0
596,2833,2025-03-31,498.493842,Failed,0
1964,206,2025-03-29,100.786478,Failed,1
2564,1839,2025-02-19,124.753986,Pending,0
2942,1198,2025-04-14,331.178367,Completed,0
2802,1035,2025-02-01,167.240602,Pending,1
2664,1461,2025-02-18,422.349605,Pending,0
2009,1586,2025-02-20,307.634075,Pending,0
1970,901,2025-03-24,192.722137,Failed,0
2819,403,2025-02-26,358.373154,Failed,1
153,499,2025-03-22,202.462865,Failed,0
507,2829,2025-01-21,359.920408,Failed,0
2820,2583,2025-02-11,316.443110,Completed,0
2883,2589,2025-02-03,275.252402,Pending,0
2143,2484,2025-03-29,195.811409,Pending,0
1203,1929,2025-01-15,95.190154,Completed,0
2338,1037,2025-01-23,300.849671,Completed,0
2727,1364,2025-03-31,317.062313,Failed,0
2856,1367,2025-04-09,264.176421,Failed,0
237,2224,2025-02-08,413.075185,Failed,1
1352,2342,2025-04-16,369.735703,Pending,1
2552,442,2025-03-22,353.289192,Pending,0
329,392,2025-03-31,168.877273,Pending,0
2232,1306,2025-04-04,235.402940,Completed,0
1907,223,2025-01-27,355.322375,Failed,0
187,732,2025-01-06,299.226306,Completed,0
2112,909,2025-04-21,410.129482,Completed,0
756,1013,2025-02-02,320.633890,Failed,0
843,208,2025-03-22,393.062262,Completed,0
2170,2763,2025-02-22,274.269360,Pending,0
951,2715,2025-03-01,164.398679,Completed,1
2530,1878,2025-04-13,332.408134,Pending,0
1191,1427,2025-02-19,317.125680,Completed,0
812,1315,2025-01-26,101.520670,Completed,0
543,1465,2025-03-29,318.421283,Pending,0
2954,689,2025-03-04,256.156320,Failed,0
1789,1324,2025-03-27,243.028585,Failed,1
1249,412,2025-01-28,191.119125,Completed,0
1224,2708,2025-02-15,242.201576,Failed,1
1130,2963,2025-01-02,139.747699,Pending,0
570,1434,2025-01-17,194.817550,Failed,1
2025,1699,2025-01-04,423.199848,Failed,0
2130,583,2025-01-07,218.477578,Pending,0
2280,1417,2025-02-07,308.996054,Failed,0
2134,2071,2025-03-16,253.132839,Failed,1
2446,2864,2025-02-27,204.638898,Pending,0
1743,446,2025-04-02,200.551997,Failed,1
884,964,2025-03-18,256.951428,Pending,0
863,256,2025-01-14,360.431079,Failed,1
2992,614,2025-03-20,497.485051,Failed,0
2459,30,2025-02-21,162.295581,Failed,1
211,641,2025-01-20,399.044440,Failed,1
2948,2896,2025-01-11,259.671829,Completed,0
1288,2804,2025-02-18,428.005470,Pending,0
2649,581,2025-01-17,360.050387,Pending,0
2427,2531,2025-04-05,77.745357,Failed,0
1033,1567,2025-03-18,155.886956,Pending,0
2938,976,2025-03-31,53.162947,Pending,0
279,1537,2025-04-17,294.179584,Pending,0
2178,2881,2025-01-06,478.776010,Pending,0
2711,1007,2025-02-27,435.106142,Failed,0
1783,268,2025-02-09,113.113402,Pending,0
2746,2591,2025-03-07,262.478475,Completed,0
846,820,2025-03-14,390.597532,Pending,0
901,665,2025-02-23,57.878105,Completed,0
16,777,2025-01-12,424.605095,Completed,0
1368,1597,2025-03-03,369.695048,Failed,0
1938,2089,2025-04-09,184.653661,Pending,0
2429,616,2025-01-31,414.947752,Completed,0
459,1660,2025-02-27,311.263903,Failed,0
470,1010,2025-04-01,424.554697,Failed,0
2523,1509,2025-02-16,402.806374,Failed,1
2011,1143,2025-03-18,172.937341,Completed,0
533,2526,2025-04-07,70.796338,Failed,1
1663,181,2025-01-10,139.038949,Pending,0
1213,654,2025-01-09,60.889716,Pending,0
724,145,2025-01-27,440.767614,Failed,1
2467,2018,2025-04-24,398.430477,Failed,0
2127,953,2025-03-22,443.552852,Failed,0
1053,2387,2025-02-08,148.579834,Pending,0
467,608,2025-04-07,327.280383,Pending,0
2105,2616,2025-01-06,497.687869,Pending,0
887,1672,2025-03-18,51.583050,Completed,0
2401,1777,2025-01-07,374.827086,Completed,0
2317,172,2025-02-28,247.676811,Pending,0
2468,225,2025-02-01,89.384680,Failed,1
337,2858,2025-02-16,142.408916,Pending,0
2550,1111,2025-04-19,144.881305,Failed,1
2901,70,2025-01-03,299.548584,Completed,0
2142,5,2025-02-23,344.693307,Pending,0
1108,140,2025-01-03,107.322834,Completed,0
2289,2281,2025-01-30,308.674940,Pending,0
845,875,2025-03-19,352.853188,Failed,0
1001,164,2025-04-19,223.452361,Failed,0
2126,676,2025-02-02,195.925123,Completed,0
1443,2040,2025-04-15,191.514880,Pending,1
1698,884,2025-01-30,127.467866,Completed,0
1775,220,2025-04-17,165.077140,Completed,0
918,1390,2025-04-21,112.874798,Failed,0
1369,2129,2025-01-10,62.237808,Completed,0
2514,991,2025-02-22,488.905790,Completed,0
1650,1269,2025-03-29,276.173538,Pending,0
2735,956,2025-01-07,327.279729,Completed,1
649,2299,2025-03-20,355.227827,Pending,1
141,1162,2025-01-10,154.517036,Pending,0
2862,1005,2025-03-30,421.797811,Completed,1
167,1968,2025-02-08,295.898696,Pending,0
2373,1500,2025-01-07,470.687443,Completed,0
2187,663,2025-02-17,371.767307,Pending,1
2366,996,2025-02-09,128.145026,Failed,0
481,1749,2025-04-08,234.045150,Pending,0
1815,1570,2025-03-06,53.509824,Pending,0
537,190,2025-01-10,346.334677,Failed,1
1230,334,2025-03-29,366.871730,Pending,0
1088,1163,2025-01-13,347.773385,Failed,0
2643,2096,2025-04-17,360.394595,Failed,0
2850,1612,2025-02-15,450.870579,Pending,0
1253,2222,2025-03-24,149.877215,Pending,0
630,1584,2025-03-07,291.589371,Pending,0
198,2288,2025-03-10,157.350723,Failed,1
1481,2653,2025-01-09,313.105353,Failed,0
1061,2562,2025-02-16,430.250849,Failed,0
2671,1125,2025-01-06,356.113821,Failed,0
1527,1172,2025-03-22,439.026920,Pending,0
2606,138,2025-04-09,297.542468,Failed,0
2988,1660,2025-03-01,325.116071,Completed,0
2791,1241,2025-02-17,366.724492,Failed,1
2339,447,2025-03-21,102.364684,Pending,0
1059,525,2025-02-22,126.477054,Failed,1
1463,2031,2025-01-19,123.540912,Completed,0
1406,1389,2025-01-26,400.911609,Pending,0
245,1890,2025-02-05,421.334866,Failed,1
820,256,2025-02-28,98.848454,Completed,0
8,994,2025-01-19,310.282279,Completed,0
758,1407,2025-02-28,399.529970,Completed,0
1306,2603,2025-04-18,305.445459,Pending,0
2858,1853,2025-02-10,195.444262,Pending,0
2918,690,2025-01-05,449.799916,Pending,0
327,1813,2025-04-04,78.155490,Completed,0
54,624,2025-01-11,272.867545,Completed,0
2463,136,2025-03-23,138.741360,Failed,1
1313,2565,2025-01-27,326.238395,Pending,0
620,700,2025-02-16,436.324934,Completed,0
1887,1082,2025-02-19,440.622823,Failed,0
849,1606,2025-01-15,206.520746,Pending,0
1557,1144,2025-01-04,467.753711,Pending,1
869,2776,2025-03-17,498.113159,Pending,0
1196,2176,2025-02-18,275.261935,Pending,0
1479,2401,2025-03-04,434.176650,Failed,1
1286,812,2025-01-19,184.933267,Completed,0
77,2682,2025-02-18,168.463671,Failed,0
975,1992,2025-02-16,368.827674,Completed,0
2699,1912,2025-03-09,264.436083,Pending,1
875,892,2025-02-07,373.383294,Failed,1
1753,648,2025-02-22,215.398744,Completed,0
2950,900,2025-04-09,126.577491,Failed,1
1488,2632,2025-04-06,269.507802,Pending,1
132,1797,2025-04-17,83.759287,Failed,0
2712,1428,2025-04-14,493.186310,Failed,0
501,549,2025-01-29,136.111314,Failed,0
1696,2638,2025-02-24,204.727126,Completed,0
487,2005,2025-02-22,262.456285,Failed,1
1850,2028,2025-01-03,244.104629,Failed,0
889,2982,2025-01-09,337.226895,Pending,0
285,2456,2025-03-02,408.108613,Completed,0
1387,1222,2025-01-17,165.455064,Failed,0
1078,2841,2025-02-27,114.402326,Completed,0
744,72,2025-02-05,478.025678,Completed,1
752,373,2025-03-26,457.066310,Pending,0
1466,45,2025-01-04,118.768256,Completed,0
1635,421,2025-03-31,289.788018,Completed,0
2887,720,2025-03-04,296.868541,Pending,0
2622,1976,2025-03-08,318.082262,Pending,0
851,1914,2025-03-27,385.088110,Completed,0
1682,710,2025-01-06,316.041020,Completed,0
1927,1505,2025-04-19,92.544556,Pending,0
116,2832,2025-01-06,407.703366,Pending,0
1380,121,2025-02-10,65.170345,Failed,0
1275,2296,2025-01-05,263.163056,Completed,0
2688,338,2025-03-10,427.137161,Failed,0
1678,2569,2025-02-26,412.628296,Completed,0
587,1208,2025-03-21,398.306893,Completed,0
2718,1293,2025-02-28,475.019558,Pending,0
451,376,2025-01-01,146.628565,Completed,0
2526,2901,2025-03-20,55.601668,Pending,0
156,1344,2025-04-01,452.930957,Completed,0
478,124,2025-01-02,431.459439,Completed,0
60,2975,2025-01-04,357.723573,Failed,0
223,2754,2025-04-14,107.664541,Pending,0
126,2116,2025-01-16,100.093946,Completed,0
1151,910,2025-02-10,94.862151,Failed,1
2274,421,2025-02-15,99.968931,Completed,0
1776,1865,2025-01-06,473.103574,Failed,0
1721,2,2025-03-10,75.740150,Completed,1
2272,1925,2025-03-31,448.742322,Pending,0
519,1706,2025-03-17,276.562736,Completed,0
1537,31,2025-01-21,115.796860,Completed,0
2958,2709,2025-02-24,190.445771,Pending,1
2483,106,2025-03-17,366.593136,Completed,0
2069,2878,2025-02-23,312.636470,Pending,0
81,1700,2025-03-06,271.304277,Failed,0
2536,2272,2025-03-11,111.469752,Failed,0
2971,2612,2025-01-31,461.606794,Failed,1
2304,2941,2025-01-20,369.246960,Failed,1
424,1366,2025-01-27,189.354964,Completed,0
143,777,2025-03-30,350.223359,Completed,0
2063,1615,2025-01-31,225.318138,Failed,0
344,1387,2025-03-06,126.721905,Failed,1
2348,974,2025-02-28,77.731009,Failed,0
916,1321,2025-04-21,172.968586,Completed,1
2599,1300,2025-03-21,416.034996,Completed,1
2094,1811,2025-02-20,300.016256,Pending,0
844,1479,2025-01-27,465.428299,Completed,0
2679,1380,2025-04-17,209.508652,Completed,0
2347,11,2025-01-01,264.680777,Failed,0
1899,987,2025-03-07,126.785437,Pending,0
2529,379,2025-02-13,115.638303,Completed,0
68,1448,2025-01-12,95.720371,Completed,0
90,1206,2025-02-12,486.535702,Pending,0
2602,997,2025-04-16,222.142327,Failed,0
1251,2093,2025-02-24,158.107032,Completed,0
1748,1066,2025-02-26,358.755293,Pending,0
1362,1689,2025-03-28,128.315244,Pending,0
2141,1416,2025-04-02,204.504590,Failed,1
1344,2388,2025-04-18,123.062862,Failed,0
2240,2043,2025-01-02,263.750429,Pending,1
1644,1360,2025-02-15,262.529925,Failed,1
1546,1268,2025-02-11,286.962280,Failed,1
1549,345,2025-03-07,265.550193,Pending,0
2006,2187,2025-04-02,376.104528,Completed,0
625,2076,2025-01-03,356.987954,Completed,0
2989,1779,2025-03-22,327.621313,Pending,0
1297,683,2025-04-14,490.110899,Failed,0
2743,1436,2025-04-24,390.535400,Pending,1
444,1096,2025-01-13,85.379799,Pending,0
1985,1824,2025-02-18,464.095912,Pending,0
2388,1669,2025-03-17,368.573736,Failed,1
192,1082,2025-03-14,382.216059,Completed,0
998,2346,2025-02-27,87.598644,Completed,1
2196,1166,2025-04-02,145.487102,Completed,0
2149,2470,2025-04-23,219.216448,Pending,0
1576,1207,2025-01-25,390.829945,Pending,0
2898,2402,2025-03-13,235.837081,Completed,1
163,1767,2025-02-07,55.367329,Failed,1
984,1702,2025-03-05,360.600635,Failed,1
280,1944,2025-02-09,152.129557,Completed,0
1519,1411,2025-03-20,395.924543,Pending,0
740,2409,2025-03-02,143.918061,Failed,0
2064,2313,2025-04-16,77.507870,Completed,0
2985,2709,2025-03-22,315.975774,Failed,1
1314,2057,2025-01-20,446.253725,Pending,0
1277,2765,2025-01-30,381.553854,Pending,0
1649,2964,2025-04-07,95.295948,Pending,0
595,1457,2025-01-04,128.163096,Failed,1
1351,731,2025-04-20,465.378253,Failed,1
2156,925,2025-01-17,234.821235,Pending,0
2119,1626,2025-01-11,74.235355,Failed,1
1746,2093,2025-01-20,493.746457,Failed,0
1533,136,2025-01-28,461.183665,Failed,1
1021,1759,2025-04-22,325.898954,Pending,0
1083,648,2025-03-07,123.061644,Failed,0
1940,2697,2025-02-07,250.450662,Pending,0
2721,2058,2025-02-25,301.527579,Completed,0
2255,1037,2025-03-03,259.158573,Failed,0
605,1522,2025-01-08,144.806915,Pending,0
1633,1985,2025-03-14,341.390877,Completed,0
1402,2610,2025-02-22,171.741227,Pending,0
956,705,2025-01-09,151.377032,Failed,0
2147,1144,2025-02-10,73.102083,Pending,1
1745,2910,2025-03-11,70.474840,Completed,0
2188,482,2025-01-30,340.262320,Completed,1
1155,2306,2025-01-03,162.686571,Completed,0
1490,1500,2025-04-18,275.628233,Failed,0
2082,1926,2025-01-19,243.888192,Completed,0
1312,1815,2025-02-05,245.369595,Completed,0
1653,1410,2025-03-08,390.949494,Completed,0
497,2003,2025-04-17,310.604963,Pending,1
1180,887,2025-04-18,65.264784,Pending,0
221,2177,2025-03-16,62.525002,Completed,0
2994,1096,2025-03-05,192.614466,Completed,0
307,1350,2025-01-26,287.164712,Completed,0
946,2289,2025-01-16,426.817917,Completed,0
498,2178,2025-02-26,215.043298,Failed,0
2847,2211,2025-03-26,124.826590,Completed,0
1570,2941,2025-04-15,97.290211,Failed,1
2936,880,2025-01-23,134.800878,Completed,0
1285,2712,2025-01-07,82.269362,Pending,0
317,1924,2025-01-12,308.894382,Pending,0
2302,1873,2025-03-01,54.523605,Failed,0
2516,1113,2025-03-02,444.176277,Failed,1
699,2379,2025-04-05,111.508500,Completed,0
1891,275,2025-04-21,235.159919,Completed,0
2448,2204,2025-04-10,294.745515,Failed,0
2092,2831,2025-02-03,401.942070,Completed,0
2321,2195,2025-02-22,96.835884,Failed,1
2813,1403,2025-03-19,178.401716,Completed,0
2409,733,2025-04-05,382.609395,Failed,0
2924,426,2025-01-10,435.988001,Pending,0
962,351,2025-01-15,358.617098,Completed,0
2981,1059,2025-03-03,322.573520,Failed,1
2318,2274,2025-03-03,390.596428,Completed,0
1374,425,2025-01-05,58.953706,Completed,0
2148,369,2025-01-25,122.939499,Failed,0
1676,2801,2025-03-03,303.941744,Failed,0
2826,704,2025-01-12,75.539105,Failed,1
390,809,2025-03-01,419.908429,Pending,0
1144,275,2025-01-06,391.513858,Failed,0
418,1630,2025-01-15,241.329325,Completed,0
727,2288,2025-03-12,498.470641,Failed,1
1163,2811,2025-04-03,76.318454,Completed,0
57,921,2025-01-25,411.423724,Pending,0
488,958,2025-04-13,409.289334,Failed,1
795,211,2025-04-04,210.550860,Pending,0
1409,1574,2025-04-03,367.439693,Failed,0
2963,2283,2025-03-19,350.291409,Pending,0
558,2272,2025-04-17,241.451244,Pending,0
39,1828,2025-04-03,209.650446,Failed,1
2220,868,2025-01-10,383.922345,Completed,0
1677,1928,2025-01-07,406.626458,Failed,0
2224,2286,2025-02-25,284.530817,Failed,0
388,663,2025-02-15,437.882273,Failed,1
218,2840,2025-02-16,375.324898,Failed,0
746,1362,2025-01-29,112.369208,Pending,1
1138,2558,2025-01-10,437.450214,Failed,0
1128,1043,2025-02-06,223.871479,Failed,0
1687,281,2025-01-05,161.881221,Failed,0
1963,85,2025-01-22,81.205108,Failed,0
2940,2513,2025-01-06,112.104799,Completed,1
772,973,2025-03-22,101.163325,Completed,0
403,554,2025-03-16,179.154798,Completed,0
2241,1706,2025-03-22,197.324157,Pending,0
346,1977,2025-02-12,492.880055,Failed,1
1408,1551,2025-02-22,183.584259,Failed,0
1953,2061,2025-04-04,211.985883,Completed,1
2553,1566,2025-01-15,433.869231,Failed,0
1834,67,2025-04-23,239.328705,Completed,0
384,2587,2025-04-12,225.763245,Completed,1
1685,1909,2025-01-26,446.872427,Failed,0
2374,818,2025-01-29,390.370949,Pending,0
639,747,2025-01-29,138.978892,Failed,0
2243,2221,2025-02-02,243.924532,Completed,0
1562,1944,2025-02-25,338.838499,Completed,0
1958,2992,2025-02-04,275.161874,Pending,0
158,1874,2025-04-21,287.935370,Pending,0
2966,1687,2025-04-04,348.650534,Pending,0
2140,525,2025-03-09,280.804035,Failed,0
2088,371,2025-02-03,452.248729,Failed,1
726,676,2025-02-12,449.248597,Pending,0
1444,907,2025-04-02,230.765084,Failed,0
2729,1682,2025-02-02,79.874082,Completed,0
2110,1373,2025-04-22,129.141057,Completed,0
1437,2375,2025-02-05,75.955308,Completed,1
1012,1828,2025-04-13,397.334388,Pending,1
554,2736,2025-02-04,119.404493,Completed,0
1962,1261,2025-01-04,137.622629,Failed,0
1847,1703,2025-03-25,109.902665,Pending,0
2352,1694,2025-02-14,283.349636,Completed,0
1794,2603,2025-02-04,170.223163,Completed,0
1496,1917,2025-01-07,288.878197,Completed,0
1726,2536,2025-01-12,307.403442,Failed,0
2672,2321,2025-02-05,239.532312,Pending,0
1728,2130,2025-04-07,479.229579,Completed,0
1346,1763,2025-02-11,174.398142,Completed,0
1936,2947,2025-02-23,240.486431,Completed,0
265,697,2025-03-22,204.023498,Completed,0
2316,32,2025-01-09,356.725495,Pending,0
2162,1555,2025-03-06,142.695116,Pending,0
2253,123,2025-02-05,128.530698,Pending,0
1494,2230,2025-03-01,119.225541,Pending,0
1003,23,2025-02-11,383.212278,Failed,0
2246,1193,2025-03-30,215.486628,Failed,0
723,432,2025-01-31,149.096157,Failed,0
2319,742,2025-01-16,456.639367,Failed,0
621,699,2025-01-15,402.831146,Pending,0
1686,1613,2025-03-28,280.059343,Pending,0
2943,938,2025-01-07,481.549745,Pending,0
2365,1069,2025-03-22,141.179873,Failed,0
1218,1281,2025-04-14,404.418073,Pending,1
1441,2366,2025-02-26,63.369206,Completed,0
1877,329,2025-01-29,464.650757,Failed,0
1292,2831,2025-01-14,446.626338,Pending,0
1175,1958,2025-03-04,336.595819,Pending,0
313,125,2025-03-21,163.221459,Failed,0
1626,2886,2025-02-15,120.523118,Pending,0
578,498,2025-02-14,93.935845,Failed,0
931,1933,2025-03-19,320.151296,Completed,1
356,1860,2025-01-29,361.536639,Failed,0
996,2517,2025-01-03,236.002287,Pending,0
852,453,2025-02-09,479.011260,Pending,0
1336,2170,2025-02-28,71.836372,Pending,0
1348,376,2025-02-04,123.244417,Pending,0
2837,1979,2025-01-12,238.697497,Pending,0
93,2654,2025-01-07,160.912247,Failed,0
2665,1849,2025-02-18,234.373114,Completed,0
1202,1332,2025-01-17,447.405961,Failed,0
2759,1918,2025-02-08,358.713820,Completed,0
555,2076,2025-03-17,357.067267,Pending,0
2651,921,2025-02-11,448.042854,Completed,0
184,87,2025-04-06,382.908535,Completed,0
377,427,2025-01-04,342.011867,Failed,1
1547,1595,2025-04-06,467.271798,Failed,0
2881,680,2025-02-05,473.960487,Failed,1
186,1453,2025-01-05,327.324608,Failed,0
796,1921,2025-01-23,378.969716,Completed,0
759,1285,2025-03-13,152.795318,Completed,0
2367,142,2025-03-18,492.086759,Pending,1
1911,730,2025-02-08,144.704240,Pending,0
1898,982,2025-01-29,157.211654,Completed,0
2161,2444,2025-01-08,437.040303,Failed,0
607,2259,2025-02-27,325.164851,Completed,0
2575,731,2025-02-14,100.060686,Pending,1
737,2994,2025-01-23,458.696286,Failed,1
539,701,2025-04-20,322.835043,Pending,0
2107,1383,2025-04-24,373.721371,Failed,0
745,2385,2025-02-25,187.291538,Completed,0
91,1025,2025-02-01,267.196318,Failed,0
268,2270,2025-04-01,361.967350,Failed,0
760,1002,2025-03-01,335.877653,Pending,0
1013,457,2025-03-02,271.766204,Failed,0
1375,493,2025-04-24,482.468584,Pending,0
1738,2190,2025-04-13,90.041267,Failed,0
442,2009,2025-04-06,449.075272,Failed,0
1473,2715,2025-01-05,67.152881,Completed,1
655,1594,2025-04-13,53.831664,Failed,0
2668,670,2025-03-03,420.643944,Failed,0
1420,1096,2025-04-09,202.845916,Completed,0
659,1033,2025-03-27,133.598214,Pending,0
1472,2823,2025-02-20,189.349612,Completed,1
2122,778,2025-02-03,72.576514,Failed,1
2203,2552,2025-03-04,397.353986,Completed,0
718,1151,2025-01-08,498.252263,Completed,0
135,2421,2025-03-22,52.751441,Failed,0
2666,1430,2025-02-18,186.068249,Completed,1
2655,140,2025-02-23,208.995357,Completed,0
2621,2950,2025-01-25,55.073257,Pending,0
738,2209,2025-03-28,256.146212,Failed,0
1631,693,2025-02-21,91.687436,Completed,0
2305,79,2025-04-13,83.600875,Failed,0
1828,431,2025-03-06,333.799842,Completed,0
2229,2286,2025-02-16,145.716895,Pending,0
1724,427,2025-01-01,63.438680,Failed,1
779,626,2025-01-15,67.976342,Pending,0
2050,1454,2025-01-31,359.976354,Failed,0
1615,1439,2025-01-06,272.940581,Completed,0
2657,2659,2025-04-15,209.948103,Completed,0
1008,2117,2025-04-07,465.777574,Failed,0
1909,1494,2025-01-22,323.713714,Completed,0
1910,2081,2025-01-31,233.876068,Pending,0
11,1237,2025-02-03,243.947655,Pending,0
2741,1406,2025-03-27,137.555276,Failed,1
839,856,2025-04-03,85.035091,Failed,0
547,224,2025-03-22,74.523027,Pending,1
2237,1061,2025-01-30,348.011788,Failed,0
157,1621,2025-01-03,464.494497,Pending,0
686,2832,2025-04-22,478.719738,Completed,0
1174,778,2025-02-18,314.527847,Pending,0
1564,1300,2025-03-14,369.625622,Completed,1
2022,1459,2025-03-31,134.544571,Failed,1
1520,689,2025-04-22,210.811384,Completed,0
420,971,2025-03-08,303.553500,Completed,1
568,2336,2025-02-18,141.130359,Failed,1
2816,1930,2025-03-20,496.361756,Failed,0
1774,1018,2025-02-10,400.025825,Completed,0
2639,601,2025-01-02,419.170217,Failed,1
2097,1278,2025-02-20,265.003947,Completed,0
1232,1360,2025-01-09,227.833817,Failed,1
46,162,2025-02-21,147.404079,Pending,0
571,1566,2025-02-20,103.221695,Completed,0
320,2834,2025-02-05,210.243085,Pending,0
2726,1834,2025-01-30,128.010741,Completed,1
18,2174,2025-03-13,161.027053,Failed,0
2086,1528,2025-02-21,402.250221,Failed,1
2535,305,2025-01-19,269.741172,Failed,0
486,460,2025-03-29,191.339026,Pending,0
2667,1801,2025-02-26,294.501374,Failed,1
2363,938,2025-02-15,256.885182,Completed,0
55,2985,2025-01-10,400.077040,Completed,0
2173,2846,2025-01-23,139.589323,Pending,0
2414,2098,2025-03-15,385.314992,Failed,1
960,2798,2025-03-07,250.685999,Completed,0
1113,764,2025-03-12,67.223987,Pending,0
857,139,2025-02-13,77.685916,Failed,1
1559,2873,2025-04-13,132.955558,Failed,0
2028,2125,2025-03-14,497.052720,Pending,1
1579,1735,2025-03-17,101.289096,Completed,0
2892,2614,2025-01-18,291.511620,Failed,0
1761,358,2025-04-20,388.927380,Failed,0
1990,2494,2025-04-11,380.926222,Completed,0
2779,551,2025-02-20,492.513322,Failed,1
1194,1072,2025-01-16,339.683661,Pending,0
1421,1978,2025-04-11,409.416892,Failed,1
934,428,2025-02-09,59.607784,Failed,0
970,2111,2025-01-02,398.080635,Failed,0
2185,2281,2025-02-13,437.952849,Failed,0
2114,1925,2025-01-10,185.165253,Pending,0
2434,2604,2025-02-02,52.496916,Completed,0
2753,2234,2025-03-30,132.613523,Failed,1
2397,1315,2025-03-04,289.364566,Pending,0
2845,328,2025-01-11,65.687405,Failed,1
637,1027,2025-01-27,69.471272,Failed,1
2192,1444,2025-03-03,242.800887,Failed,0
1560,955,2025-01-01,477.855721,Failed,0
993,72,2025-03-20,104.861723,Completed,0
1060,2895,2025-01-23,137.013711,Pending,0
2607,1215,2025-03-25,257.692147,Pending,0
1403,1198,2025-01-26,236.594973,Failed,0
2036,1221,2025-03-21,475.685981,Completed,0
2296,1059,2025-01-01,499.411376,Failed,1
1989,78,2025-03-28,304.947488,Pending,0
1475,2143,2025-01-05,271.570589,Pending,0
2811,1682,2025-02-06,375.950861,Completed,0
1208,1291,2025-01-14,415.445508,Completed,0
1582,1308,2025-04-01,399.782272,Pending,0
1238,2001,2025-02-07,411.087458,Pending,0
1195,1579,2025-04-24,363.614227,Completed,0
1134,1109,2025-04-13,279.850800,Failed,0
1411,867,2025-04-03,191.914825,Pending,0
2182,2322,2025-02-08,76.501653,Failed,1
2683,2471,2025-01-31,216.132542,Pending,0
189,720,2025-02-16,169.921656,Completed,0
695,157,2025-01-11,466.834348,Failed,0
2800,2482,2025-01-29,204.074039,Failed,0
1530,458,2025-03-30,165.426835,Completed,0
23,910,2025-01-05,315.855529,Failed,1
2299,1651,2025-02-26,50.203852,Completed,0
1153,1257,2025-03-15,331.230999,Failed,0
1335,370,2025-04-14,440.581766,Failed,0
1199,1698,2025-01-04,415.842162,Pending,0
1957,1426,2025-02-18,211.736779,Failed,0
2676,1585,2025-03-19,494.148195,Pending,0
83,1808,2025-03-27,373.136383,Pending,0
361,1177,2025-03-10,328.622835,Pending,0
169,1665,2025-03-01,132.995247,Pending,0
171,2214,2025-02-22,345.081679,Pending,0
2613,1290,2025-01-27,351.057584,Completed,0
2216,1172,2025-04-16,479.582687,Pending,1
236,737,2025-01-10,120.558258,Pending,0
262,2259,2025-02-16,458.825937,Completed,0
925,2023,2025-01-06,328.734277,Completed,0
2748,2870,2025-03-01,103.949248,Pending,0
1629,2739,2025-01-05,241.740676,Pending,0
196,643,2025-02-15,366.537997,Completed,0
747,236,2025-01-12,324.191071,Failed,0
1638,52,2025-01-12,447.997505,Failed,1
584,827,2025-02-25,265.728114,Pending,0
822,2517,2025-03-24,380.455582,Pending,1
1433,2279,2025-01-30,395.667430,Failed,0
1146,2802,2025-02-26,125.092989,Pending,0
1157,1916,2025-01-12,450.800976,Completed,0
948,216,2025-02-23,291.774684,Pending,0
1186,1618,2025-04-12,121.586973,Completed,0
1239,1735,2025-02-20,397.679857,Failed,0
1507,2522,2025-02-19,160.922368,Pending,0
1385,1989,2025-03-03,230.977336,Failed,0
2487,2011,2025-02-01,82.573681,Completed,0
1291,2621,2025-01-20,93.447363,Failed,0
2081,1054,2025-03-21,79.595359,Failed,0
2038,1994,2025-04-04,138.559946,Failed,0
2803,254,2025-01-23,343.755101,Failed,0
2616,2031,2025-02-25,170.706510,Failed,0
2792,944,2025-02-26,381.119563,Pending,0
2780,1401,2025-04-19,375.156142,Completed,0
1986,1064,2025-03-21,278.425494,Failed,0
1158,2161,2025-02-12,389.956789,Pending,0
890,2404,2025-04-15,181.544002,Pending,0
1149,1608,2025-03-26,204.487943,Completed,1
2186,958,2025-03-31,183.561706,Failed,0
490,1886,2025-03-13,319.160536,Pending,0
2937,1291,2025-02-07,83.259159,Failed,1
2223,2215,2025-03-05,107.820160,Completed,0
312,2209,2025-03-23,331.451344,Completed,1
335,2199,2025-02-10,147.462639,Completed,0
1280,513,2025-04-07,211.046877,Failed,0
2874,378,2025-04-15,181.517490,Failed,0
1150,2,2025-02-28,328.981217,Failed,1
859,1116,2025-02-02,259.985360,Failed,0
2957,1949,2025-02-25,494.003443,Completed,0
879,1834,2025-01-17,415.750568,Failed,0
25,86,2025-03-04,174.896280,Pending,1
959,370,2025-01-15,251.730781,Completed,0
2939,247,2025-04-20,409.797531,Failed,0
1136,667,2025-01-18,224.111882,Completed,1
1799,2436,2025-01-18,278.392302,Completed,1
2654,807,2025-01-03,249.258920,Completed,0
1145,2541,2025-04-16,71.487663,Completed,0
1616,325,2025-01-08,413.936500,Failed,0
4,776,2025-03-05,232.333474,Failed,0
1709,986,2025-04-08,96.324805,Completed,0
253,1694,2025-03-25,309.819937,Completed,0
1268,1372,2025-04-04,468.811010,Failed,0
2394,113,2025-01-17,196.485328,Failed,1
64,824,2025-01-31,335.214670,Failed,0
2236,2056,2025-03-01,55.785814,Failed,0
494,1085,2025-02-13,201.570774,Pending,0
2678,1429,2025-02-19,142.123985,Failed,0
2084,924,2025-02-11,149.742753,Failed,1
100,1479,2025-01-16,229.716915,Pending,0
645,2862,2025-01-05,417.601070,Failed,0
112,2434,2025-04-01,52.708848,Completed,0
2326,2926,2025-03-01,435.616888,Completed,0
254,2343,2025-02-09,479.990711,Pending,0
2215,2187,2025-03-09,71.372276,Pending,0
741,2790,2025-02-26,59.207056,Completed,0
2661,1091,2025-01-08,341.712287,Completed,0
1543,697,2025-04-05,303.484865,Pending,0
940,2684,2025-04-09,61.272670,Pending,0
1102,2456,2025-04-11,105.975272,Failed,0
1594,176,2025-02-24,281.563195,Completed,0
400,409,2025-01-02,147.130003,Completed,0
1181,2569,2025-02-21,411.547629,Completed,0
66,2316,2025-03-17,207.716373,Completed,0
599,2681,2025-01-30,405.000521,Pending,0
2520,2126,2025-02-27,478.624855,Pending,1
2955,914,2025-01-19,494.437839,Pending,0
2267,2516,2025-03-27,413.632807,Pending,0
2037,1568,2025-03-28,217.943728,Completed,0
1641,1341,2025-01-28,246.633192,Failed,1
243,1034,2025-01-19,412.988800,Failed,0
634,805,2025-03-31,121.427135,Pending,0
1023,814,2025-04-12,462.374156,Failed,0
1835,1616,2025-03-03,327.293867,Failed,1
43,2137,2025-02-26,197.294201,Pending,0
2488,1748,2025-03-13,189.132859,Pending,0
915,1549,2025-04-14,445.461989,Pending,0
2567,448,2025-02-08,371.596822,Completed,0
963,2166,2025-02-09,293.086606,Failed,0
1621,112,2025-02-27,271.586625,Completed,0
909,2228,2025-04-04,216.456823,Pending,0
777,206,2025-01-08,52.733608,Completed,1
2840,2346,2025-03-17,71.929036,Completed,1
2686,1454,2025-01-02,221.653084,Pending,0
2953,2804,2025-01-18,230.988563,Failed,0
2303,462,2025-03-12,446.875474,Failed,1
1590,1655,2025-02-17,467.871355,Completed,1
666,318,2025-01-07,257.174698,Completed,0
2852,481,2025-01-02,194.003105,Completed,0
1665,2598,2025-01-05,367.937402,Pending,0
2513,1437,2025-03-12,259.550350,Failed,0
2627,2637,2025-04-10,171.829016,Failed,1
1599,1427,2025-03-08,208.408876,Failed,1
1630,240,2025-04-17,419.881001,Failed,1
2398,447,2025-02-21,274.354171,Failed,1
1225,385,2025-03-23,436.016879,Pending,0
2542,2410,2025-04-12,191.378002,Completed,0
1965,918,2025-01-12,410.733407,Pending,1
2783,1243,2025-01-31,408.297229,Completed,0
134,691,2025-04-05,377.617433,Failed,0
681,2068,2025-03-20,327.850738,Completed,0
88,1505,2025-04-23,496.801534,Completed,0
798,869,2025-01-30,244.290173,Pending,0
1733,852,2025-02-09,404.691724,Pending,0
1438,2027,2025-03-25,391.300927,Failed,0
102,2125,2025-03-12,258.425165,Completed,1
374,1927,2025-03-20,305.698801,Completed,0
2990,1663,2025-04-03,497.989616,Pending,0
2615,1573,2025-02-08,216.888215,Completed,0
2956,316,2025-04-24,333.704592,Failed,1
842,488,2025-02-05,75.533214,Failed,0
1360,843,2025-01-25,254.597401,Pending,0
209,2958,2025-04-18,397.593791,Completed,0
2404,2633,2025-03-15,65.944927,Pending,0
804,2817,2025-04-14,481.220490,Failed,1
2951,766,2025-04-09,257.430864,Pending,0
1031,2042,2025-01-10,404.536019,Failed,0
1779,1182,2025-03-11,79.751467,Pending,0
479,1309,2025-02-18,120.512160,Completed,0
2335,2558,2025-02-10,121.320738,Completed,1
1273,2783,2025-03-07,415.993645,Completed,0
2598,1030,2025-02-22,432.449065,Completed,0
680,2713,2025-01-10,186.118013,Completed,0
1670,238,2025-01-06,109.454197,Completed,0
258,1293,2025-04-24,368.779283,Pending,0
1690,2585,2025-01-27,256.322598,Pending,0
2325,340,2025-03-06,116.846711,Failed,0
417,229,2025-01-10,493.566342,Pending,0
1523,337,2025-01-31,195.763600,Pending,0
2640,852,2025-04-06,431.966728,Pending,0
950,449,2025-02-05,51.724158,Failed,0
685,662,2025-03-22,272.331560,Failed,0
309,2880,2025-03-14,238.555310,Failed,0
183,1267,2025-04-20,253.548740,Pending,0
1219,1996,2025-01-13,123.123668,Pending,0
2740,1923,2025-02-04,134.898476,Pending,0
2320,2253,2025-04-22,307.047776,Completed,0
1279,304,2025-03-05,270.423049,Pending,0
1772,684,2025-02-07,250.619403,Completed,1
1959,2871,2025-01-15,127.840065,Pending,0
2208,2910,2025-03-12,461.031449,Completed,0
2574,1741,2025-01-09,281.322319,Completed,0
2842,702,2025-03-25,381.645578,Completed,0
159,1354,2025-02-06,396.006007,Pending,0
2298,179,2025-01-10,111.205777,Pending,0
1838,2327,2025-02-14,425.251196,Pending,0
2704,1368,2025-03-04,139.811808,Failed,1
569,1901,2025-04-23,81.105967,Completed,1
1489,2638,2025-04-07,180.638522,Failed,0
1366,1109,2025-01-24,59.310676,Completed,0
2597,2715,2025-02-22,294.792561,Failed,1
989,261,2025-04-01,71.902185,Pending,0
438,2317,2025-03-17,288.757715,Pending,0
1458,1835,2025-04-06,306.806349,Pending,0
1446,1985,2025-01-13,387.973580,Pending,0
1585,2403,2025-03-10,188.239434,Pending,0
338,602,2025-02-28,299.049865,Completed,0
2151,691,2025-02-06,286.895850,Pending,0
566,237,2025-01-14,98.069204,Completed,0
825,618,2025-04-05,336.798074,Pending,0
2439,1071,2025-03-20,472.658709,Completed,0
2849,824,2025-02-09,170.470429,Pending,0
35,1303,2025-02-03,223.207760,Completed,0
2646,1242,2025-02-13,393.915931,Pending,0
1969,2250,2025-01-09,288.155650,Completed,0
2945,763,2025-01-13,328.692339,Completed,0
923,2367,2025-04-06,305.292257,Failed,1
757,120,2025-02-10,254.356397,Pending,1
1846,183,2025-02-20,221.685338,Completed,0
2447,1259,2025-03-25,56.794155,Pending,0
1606,2074,2025-01-18,414.318631,Completed,0
1070,2410,2025-03-10,181.301040,Completed,0
1851,212,2025-03-27,60.935926,Failed,1
2089,1577,2025-04-04,260.199929,Pending,0
56,2517,2025-03-02,389.273090,Completed,0
1782,2026,2025-02-13,97.633600,Failed,0
2090,431,2025-01-25,59.948535,Completed,0
282,1513,2025-04-01,189.407751,Completed,0
1096,2252,2025-03-15,244.251062,Completed,0
1311,1821,2025-01-01,99.748572,Completed,0
225,2110,2025-02-22,252.023268,Pending,0
1780,50,2025-03-02,280.528941,Completed,0
2007,417,2025-04-08,305.931206,Failed,0
1701,880,2025-04-18,347.243133,Pending,0
2872,1148,2025-02-10,178.543728,Completed,0
389,435,2025-04-11,132.232233,Failed,0
292,902,2025-03-06,133.998966,Completed,0
1080,1356,2025-03-09,413.122348,Failed,0
1742,1671,2025-01-10,83.742072,Completed,0
2663,2475,2025-02-22,305.131319,Completed,0
95,1839,2025-03-28,185.958295,Failed,0
2864,1554,2025-01-18,366.078004,Failed,1
862,1581,2025-01-01,124.338605,Pending,0
1029,1576,2025-01-26,485.554186,Pending,1
2596,2363,2025-03-21,92.977810,Failed,1
316,495,2025-04-03,282.685246,Failed,1
2169,2683,2025-04-21,165.311829,Failed,1
1112,2632,2025-03-15,444.411334,Pending,0
1627,602,2025-01-27,164.549862,Completed,0
1703,247,2025-04-15,396.405655,Pending,1
719,138,2025-03-25,51.220736,Completed,0
2312,347,2025-01-22,61.480059,Pending,0
734,1165,2025-01-28,470.926783,Failed,1
2132,1061,2025-04-24,290.773892,Pending,0
854,828,2025-04-12,250.736496,Pending,0
701,984,2025-02-24,316.780128,Pending,0
238,1091,2025-03-03,383.612514,Completed,0
1865,2860,2025-03-06,468.477745,Pending,0
653,235,2025-02-14,324.157103,Completed,0
736,185,2025-04-12,347.514099,Failed,0
1184,675,2025-04-03,100.373293,Pending,0
2906,2427,2025-02-17,374.155522,Failed,0
2480,775,2025-03-28,315.028034,Completed,0
2893,2997,2025-03-08,101.667166,Failed,0
2579,1199,2025-02-22,104.947748,Failed,1
2910,1103,2025-02-14,350.615809,Completed,0
2210,2018,2025-03-04,332.790241,Pending,1
2417,2431,2025-03-07,380.391850,Pending,0
273,2511,2025-01-19,358.307926,Pending,1
2469,1615,2025-01-10,55.417940,Pending,0
51,742,2025-03-27,421.719489,Completed,0
1480,429,2025-04-21,402.044889,Completed,0
2650,2823,2025-01-08,318.074211,Failed,1
181,2119,2025-02-06,393.841710,Completed,0
748,1159,2025-02-19,239.051232,Failed,0
819,1412,2025-02-18,466.562200,Failed,0
1205,493,2025-02-04,306.743485,Completed,1
2742,369,2025-03-30,366.159794,Pending,0
1647,778,2025-01-16,187.936457,Failed,1
1597,1143,2025-02-28,479.894605,Completed,0
1502,722,2025-01-05,451.771433,Failed,0
2012,1721,2025-02-14,150.027871,Completed,0
1906,2608,2025-02-16,272.858511,Completed,0
485,1230,2025-03-27,456.665647,Pending,0
1200,292,2025-01-27,117.235838,Failed,0
563,944,2025-01-06,470.234240,Failed,0
