branch_id,performance_score,customer_satisfaction,average_service_time,employee_efficiency,OptimalStaffingLevel
2139,97,85.800767,15.322104,6.330723,0
1697,87,78.954034,19.877603,4.376785,0
1243,56,91.421054,11.822646,4.736672,0
1498,97,97.444508,8.067857,12.023019,0
1187,67,94.117727,7.398454,9.055946,1
716,99,86.566903,12.122095,8.166905,0
2889,79,83.494784,14.954445,5.282710,0
2885,75,80.527714,19.377492,3.870470,0
2213,81,75.168190,14.223942,5.694624,0
2710,92,84.353282,15.881441,5.792925,0
1140,57,85.003783,9.015274,6.322603,0
452,67,78.107326,8.119512,8.251727,0
111,81,84.633610,11.589541,6.989060,1
1020,97,76.472339,17.558709,5.524324,0
1574,98,85.435556,18.251411,5.369448,0
1719,76,80.010779,11.162877,6.808281,0
1034,71,86.521978,12.169402,5.834305,0
2055,83,83.596028,12.159990,6.825664,0
1301,59,91.405470,18.605084,3.171176,1
2624,50,83.700956,12.595770,3.969587,0
2804,52,98.987876,11.263073,4.616857,1
2967,68,74.808296,7.532513,9.027531,1
1645,78,83.235220,10.158054,7.678636,0
564,60,93.848137,9.268929,6.473240,0
2258,57,70.316280,8.884089,6.415964,0
255,84,95.216227,10.376940,8.094872,1
573,64,90.257344,12.805542,4.997836,0
806,92,70.002850,14.070587,6.538462,0
619,93,99.552846,18.344016,5.069773,0
2891,85,73.212875,7.559254,11.244495,0
2183,51,88.400667,13.182979,3.868625,0
2290,50,88.782765,17.896777,2.793799,0
2810,68,83.650539,15.285863,4.448555,0
861,73,87.078870,9.095132,8.026271,0
1356,57,87.092326,5.762500,9.891541,0
2212,97,90.754714,14.367227,6.751477,0
506,78,73.628582,10.174617,7.666137,1
2932,77,93.405413,9.242073,8.331464,1
2617,56,93.934844,10.916610,5.129798,0
284,77,82.222110,5.167178,14.901751,0
1267,65,97.567929,19.290777,3.369486,0
1679,70,70.006332,16.357229,4.279453,0
336,50,83.363010,9.520452,5.251851,0
2078,81,71.488054,19.230159,4.212134,0
1942,62,84.922090,16.356406,3.790564,0
2623,83,87.926439,7.166384,11.581853,0
2458,62,78.683400,16.239481,3.817856,0
581,68,77.176489,8.110067,8.384641,0
2796,85,89.795229,11.039038,7.699946,0
1674,84,71.521246,19.568851,4.292536,0
2073,58,81.911343,13.878619,4.179090,0
1378,92,90.100985,11.124726,8.269867,0
74,59,91.434234,8.576691,6.879110,0
1773,69,90.658553,6.475878,10.654925,0
1525,90,72.925254,5.321893,16.911274,0
2342,98,83.601105,18.278696,5.361433,1
212,83,92.268344,13.083455,6.343890,1
1453,94,89.013346,15.189703,6.188403,1
207,56,88.831471,9.847931,5.686474,0
1955,77,71.553926,14.619866,5.266806,1
1536,82,94.323942,9.555740,8.581230,0
2376,72,80.070784,6.055344,11.890323,0
22,96,73.912878,19.765753,4.856886,0
1661,54,99.658499,19.959095,2.705534,0
979,74,72.795199,9.268768,7.983802,0
480,82,83.696449,14.472547,5.665900,0
2281,98,92.688298,17.240650,5.684240,0
876,58,88.400838,11.909297,4.870145,1
1019,61,96.468124,9.141518,6.672853,0
2159,94,90.334568,17.984505,5.226722,0
1474,86,72.287964,11.732770,7.329897,0
239,76,87.124796,8.039189,9.453689,0
1095,55,94.138201,6.346999,8.665512,1
264,80,80.539761,10.104053,7.917614,0
1129,73,84.130266,8.551008,8.537005,1
790,79,97.365113,10.634673,7.428531,1
2474,89,98.699187,17.032581,5.225280,0
2276,51,76.488242,17.380439,2.934333,0
2184,93,72.257261,5.622511,16.540652,0
2268,78,96.591866,5.020698,15.535689,0
531,98,72.400923,13.963596,7.018250,0
1025,61,74.852845,14.525251,4.199583,0
2698,58,90.947654,18.707359,3.100384,1
1260,81,78.109977,7.628997,10.617386,0
1425,72,84.480632,18.704671,3.849306,0
1307,52,75.681436,18.898958,2.751474,0
700,64,79.915026,5.013575,12.765341,0
1361,61,82.994052,10.936612,5.577596,0
386,51,93.766138,14.360995,3.551286,0
2355,81,72.723046,10.377751,7.805159,0
2369,64,90.527221,16.184804,3.954327,0
1117,61,74.640865,8.212606,7.427606,0
1373,85,84.738314,9.335910,9.104629,1
40,76,95.765862,9.657554,7.869487,0
208,64,77.810210,13.397710,4.776936,0
1426,51,79.540252,9.333672,5.464087,0
79,62,85.877877,7.028300,8.821478,0
1914,85,92.838324,14.548322,5.842598,0
2909,60,79.583609,5.433462,11.042684,0
1941,73,83.053918,8.583562,8.504627,0
2594,77,81.597560,6.662074,11.557962,0
222,95,74.220316,12.978115,7.320015,1
813,69,99.778702,6.081857,11.345220,0
1269,94,74.785794,12.856677,7.311376,1
1058,78,87.899723,7.985956,9.767146,1
308,99,72.002625,19.601998,5.050506,0
1987,67,70.652767,9.162385,7.312507,0
85,87,71.013469,14.189226,6.131412,1
2544,92,85.038620,17.276116,5.325271,0
2311,71,88.446418,19.168826,3.703931,0
2152,79,87.806939,12.326632,6.408887,0
2968,77,85.287130,6.012571,12.806501,0
567,53,95.058191,13.346126,3.971190,0
1651,84,78.850156,7.152160,11.744704,1
2894,76,71.302465,6.042192,12.578216,0
2418,63,85.156392,12.073005,5.218254,0
1604,70,89.913269,7.446776,9.400040,0
751,62,84.366102,15.141437,4.094724,0
802,80,73.608885,15.199157,5.263450,1
1030,70,86.955824,6.328322,11.061384,0
618,98,75.510515,5.039746,19.445424,0
2771,96,93.544913,6.712910,14.300802,1
453,69,74.112785,18.973205,3.636708,0
870,64,74.374117,7.440083,8.602055,0
206,68,99.930239,5.272626,12.896800,1
2200,88,97.272470,14.037216,6.269049,1
1250,71,98.633453,11.714797,6.060711,0
1293,56,84.900181,17.233115,3.249558,0
1295,73,76.405025,16.140261,4.522851,0
203,77,87.090170,10.291785,7.481695,0
662,92,78.146214,12.879933,7.142894,0
1717,82,95.618384,19.113151,4.290240,0
381,80,90.833482,13.435890,5.954202,0
2832,79,97.830953,8.710877,9.069121,0
1278,63,82.342786,9.677505,6.509942,1
1027,89,80.160858,15.689173,5.672702,1
2693,64,81.114675,8.133976,7.868231,0
1654,63,71.875991,7.572348,8.319744,0
1968,59,99.517456,15.987170,3.690459,0
2895,66,88.512489,15.445942,4.272967,1
2221,79,78.012588,6.696789,11.796698,0
349,76,89.155640,14.447201,5.260534,0
2225,67,76.448013,17.561378,3.815190,0
2608,97,99.756619,12.828096,7.561527,0
991,89,83.794772,15.563145,5.718638,0
922,91,95.550520,17.505807,5.198275,0
2181,62,95.167767,12.136235,5.108668,0
1087,72,84.093559,19.596836,3.674062,0
2360,63,84.021193,15.136997,4.161988,1
670,57,74.404498,15.889908,3.587182,0
1210,59,77.900046,10.123889,5.827800,1
202,80,85.034194,17.837322,4.484978,0
1994,65,71.739051,12.674350,5.128468,1
2402,50,91.862229,16.373163,3.053778,0
1609,85,78.149691,17.696425,4.803230,1
1993,82,95.470208,14.075969,5.825531,0
912,63,82.671549,13.856770,4.546514,0
2270,91,94.828716,19.227501,4.732804,0
1671,76,84.561501,17.976579,4.227723,0
2113,54,89.088857,19.298536,2.798140,0
2568,58,98.016544,17.649776,3.286161,1
1823,54,77.861292,9.452349,5.712865,1
318,66,83.391030,7.536828,8.756999,0
1882,71,81.163433,5.136375,13.822977,0
896,91,93.784384,6.843350,13.297581,0
939,85,74.991248,12.876332,6.601259,0
1979,97,88.879438,15.142132,6.405967,0
1304,64,83.080292,5.349142,11.964537,1
774,68,94.961512,5.382349,12.633890,0
1492,68,91.834928,19.485037,3.489857,0
2451,84,77.820726,17.783483,4.723484,0
117,87,80.296396,13.495762,6.446468,0
2368,99,72.855856,5.494726,18.017278,0
2327,68,87.027810,10.365687,6.560105,0
2128,57,75.211493,13.077031,4.358788,0
1732,73,96.904366,19.641465,3.716627,1
220,66,82.393699,6.664363,9.903422,0
1347,84,86.641952,18.339135,4.580369,1
2370,51,82.985064,17.581013,2.900857,0
693,72,79.558155,17.189551,4.188591,0
2277,81,73.745162,12.329300,6.569716,0
947,51,77.889751,19.403602,2.628378,0
2511,59,76.191713,13.219004,4.463271,0
1284,71,74.480690,16.129385,4.401904,1
1508,53,98.510499,5.682345,9.327135,0
706,65,93.182774,8.988225,7.231683,0
865,64,95.366567,16.345979,3.915336,0
2998,71,86.163549,7.805969,9.095603,1
1777,57,75.025744,6.284307,9.070212,0
1457,96,90.326550,16.908453,5.677633,0
1840,86,76.149208,11.204785,7.675292,1
2423,71,84.088654,10.576005,6.713310,0
383,70,70.638096,6.211725,11.269012,1
2125,75,81.586195,16.082579,4.663431,0
433,92,94.685969,17.118578,5.374278,0
2144,51,88.390927,9.801583,5.203241,1
44,96,98.712221,14.909744,6.438742,1
787,69,82.147871,5.952210,11.592332,1
2359,99,90.449916,14.913097,6.638460,1
2921,87,94.092754,17.724773,4.908384,0
733,99,97.292466,13.296638,7.445491,0
1841,77,77.954753,9.839785,7.825374,0
1900,79,93.904586,14.960677,5.280510,0
1826,78,93.929466,19.830768,3.933282,0
2066,84,92.717195,19.456366,4.317353,0
562,67,93.169734,10.582567,6.331167,0
2197,87,92.717669,10.461094,8.316530,0
2251,91,95.451547,16.515230,5.510065,1
1946,64,79.957305,7.047230,9.081582,0
1855,94,92.972002,15.464039,6.078619,0
50,75,71.241253,15.242890,4.920327,0
1206,94,88.389316,14.429134,6.514597,1
1079,70,78.483494,18.038666,3.880553,0
754,90,96.381555,15.291260,5.885715,0
34,62,88.296297,13.523948,4.584460,0
1915,74,86.292073,6.770287,10.930112,0
1382,90,97.823527,14.045711,6.407650,0
2823,92,93.622623,15.740068,5.844956,0
866,79,73.275722,16.390743,4.819794,0
213,86,76.106844,10.341617,8.315914,1
2928,97,72.389270,18.288127,5.303988,0
404,64,88.556435,9.894618,6.468163,0
2121,77,85.820344,10.047099,7.663903,0
2733,76,82.267655,6.175530,12.306636,0
63,99,98.685648,19.802157,4.999455,0
113,63,86.501905,6.585495,9.566479,1
463,71,82.165492,19.202859,3.697366,1
1933,72,88.397711,13.268105,5.426547,0
1235,88,73.228029,16.305887,5.396824,0
2508,76,99.864860,11.185549,6.794481,0
836,99,98.709939,18.690435,5.296827,0
405,64,92.727693,13.431433,4.764942,1
108,99,92.904125,16.623073,5.955577,0
1866,53,94.758259,14.138327,3.748675,0
2198,66,71.837356,6.862875,9.616960,0
910,80,79.833976,6.787832,11.785796,0
2660,64,91.392395,9.013335,7.100590,0
123,63,90.965827,11.590938,5.435280,0
1639,96,98.107049,17.299091,5.549425,1
503,77,79.202132,6.017713,12.795558,0
1754,94,72.858168,19.505745,4.819093,0
2929,69,74.422343,7.827194,8.815420,0
2209,53,70.149092,17.188248,3.083502,1
246,74,91.157497,16.886434,4.382216,0
771,52,84.349703,14.118574,3.683092,0
2207,91,89.943353,16.248489,5.600521,0
1075,56,94.406944,19.072006,2.936241,0
1104,76,93.040264,12.457436,6.100774,1
1462,74,76.666937,19.523582,3.790288,0
1423,89,99.261280,15.064439,5.907953,1
2228,90,77.623373,19.698876,4.568789,0
2381,80,91.425989,16.253809,4.921923,0
1707,86,87.995552,6.078866,14.147375,0
1662,60,89.051385,16.033432,3.742181,0
31,88,76.920087,16.421548,5.358813,0
2154,72,71.760871,6.294537,11.438490,0
1390,56,99.338245,17.423443,3.214061,0
332,64,93.339120,16.255305,3.937176,1
138,95,80.134094,10.170224,9.340994,0
2566,92,99.660293,17.376930,5.294376,0
1167,97,98.572318,12.700978,7.637207,0
1333,59,74.898035,16.804589,3.510946,0
1318,57,98.815391,15.708286,3.628658,1
482,74,71.806970,19.390019,3.816396,1
1370,71,74.678445,17.225546,4.121785,0
522,68,70.161667,11.755280,5.784635,0
2206,57,73.364363,10.466822,5.445779,0
997,98,83.089478,13.224430,7.410527,0
2026,97,86.679329,10.076928,9.625949,0
1161,98,75.441932,6.499970,15.076992,1
1813,97,92.507986,11.863653,8.176234,1
511,55,94.482794,15.664632,3.511094,0
1045,85,92.733535,10.979424,7.741754,0
1024,62,97.485049,13.376220,4.635091,0
302,91,80.817517,15.443198,5.892562,0
1723,87,88.775237,17.483165,4.976216,0
1272,62,85.595732,7.128499,8.697483,0
821,83,87.007383,14.165214,5.859424,0
1978,73,77.435877,11.439912,6.381168,0
2997,60,86.541322,8.079097,7.426572,0
526,83,97.216618,7.077662,11.727037,0
2933,86,80.911200,6.393865,13.450393,0
2068,84,96.325025,11.070097,7.588009,1
2344,85,74.431500,9.919296,8.569157,0
622,59,78.487258,15.553981,3.793241,0
1204,62,73.395145,8.268126,7.498676,1
341,63,74.748218,10.932424,5.762675,1
1786,58,78.893225,17.923057,3.236055,0
1793,51,94.509071,5.852914,8.713609,0
2163,71,99.867236,5.145838,13.797558,0
1592,64,94.830407,6.108721,10.476824,1
2805,73,79.148155,5.972523,12.222640,0
2476,63,70.350548,18.419455,3.420297,0
632,69,98.183224,9.152885,7.538607,0
2291,75,87.547058,12.218539,6.138213,0
585,62,81.668856,11.764662,5.270020,0
674,58,80.589046,13.172282,4.403185,1
2403,59,96.033536,11.466595,5.145381,0
2191,79,70.446201,14.239582,5.547916,1
1299,75,92.775293,19.207066,3.904813,0
2021,74,75.366487,11.622562,6.366927,0
1154,77,92.228584,17.872857,4.308209,0
1668,53,87.088354,15.557562,3.406703,1
270,84,94.032626,5.008086,16.772875,0
2527,60,93.348880,14.755548,4.066267,0
968,99,92.774936,19.659436,5.035750,0
691,67,85.386320,10.956535,6.115072,1
2972,69,75.159727,17.665058,3.906016,0
966,57,92.149635,6.273499,9.085839,1
1750,77,70.279835,14.572855,5.283797,0
2242,55,97.893042,19.347562,2.842735,0
2738,75,76.641066,12.661848,5.923306,1
2214,80,93.825240,16.278104,4.914577,0
1816,77,98.207567,15.714409,4.899961,0
2056,83,81.249121,7.615403,10.898963,0
527,59,96.188188,12.380815,4.765437,1
1183,61,89.960893,17.288514,3.528354,0
994,69,70.712105,15.304058,4.508608,0
2031,56,82.171248,16.105604,3.477051,0
2865,56,98.929942,7.633764,7.335831,1
2058,87,94.617335,18.893141,4.604846,0
783,94,72.865130,15.956368,5.891065,0
1526,53,74.004209,11.670966,4.541184,1
29,71,90.264593,17.877870,3.971390,0
2603,76,92.968972,18.009432,4.220011,0
502,54,94.082963,8.472394,6.373641,0
2908,55,81.213389,8.000833,6.874284,0
2019,85,96.010053,5.455006,15.582017,1
315,95,79.892686,19.272832,4.929218,1
1764,67,95.815950,18.127367,3.696069,0
355,67,73.787766,7.682345,8.721296,0
2111,78,78.821461,9.044809,8.623731,1
1550,64,91.786568,16.838673,3.800775,0
999,69,92.523198,7.538158,9.153430,0
698,80,82.332274,11.825736,6.764907,1
290,94,99.571225,18.629633,5.045725,0
1216,75,70.736566,5.428733,13.815379,0
299,81,85.220180,6.603151,12.266871,0
1182,53,98.149760,12.874224,4.116753,0
1392,66,83.337429,17.094884,3.860804,0
1895,93,72.146146,5.450012,17.064184,1
1317,72,86.581252,7.034160,10.235764,0
609,58,70.507340,9.724532,5.964297,0
613,78,85.285594,17.279109,4.514122,1
1090,51,94.178730,14.678402,3.474493,0
1263,73,98.628009,18.185112,4.014273,0
1571,55,79.827584,16.988607,3.237464,0
1334,88,98.243110,12.039332,7.309375,1
2911,54,94.887743,6.326547,8.535462,0
2106,76,80.559399,18.340319,4.143876,0
2590,74,86.403776,15.821432,4.677200,0
588,84,93.493769,14.607544,5.750453,0
1787,50,88.293325,16.676576,2.998217,0
427,70,84.812712,16.835542,4.157870,1
2563,51,72.842337,7.692102,6.630177,0
1055,96,87.222748,5.940359,16.160639,0
972,71,84.398191,14.189765,5.003606,1
888,62,88.717616,5.129971,12.085838,0
874,58,93.823559,18.377717,3.155996,1
2231,98,73.196187,15.571256,6.293648,0
1513,58,89.469372,7.452731,7.782382,1
2648,73,97.110617,10.468243,6.973472,0
1538,74,83.437390,17.432605,4.244919,1
1107,87,80.378648,16.458183,5.286124,0
323,74,72.158365,19.910451,3.716641,0
1261,57,87.698060,12.196012,4.673659,0
1657,89,75.798155,5.962528,14.926556,0
834,84,70.253276,10.613807,7.914219,0
1294,86,81.851216,16.572187,5.189418,0
49,62,93.460833,14.658892,4.229515,0
145,62,90.248946,7.622800,8.133494,1
2331,70,92.719430,6.715400,10.423802,0
2385,73,76.876441,16.064159,4.544278,0
247,63,84.170472,15.992294,3.939397,0
1442,77,91.214568,6.297719,12.226650,0
2016,64,88.519093,13.894264,4.606217,0
1655,68,82.962849,10.192702,6.671440,1
1734,55,76.405642,16.219704,3.390937,0
2499,88,72.858752,6.377893,13.797660,1
1063,97,73.795242,16.499675,5.878904,0
1240,88,70.523709,11.661175,7.546409,0
2799,80,88.485921,18.932907,4.225447,0
665,94,97.614548,12.635376,7.439430,0
1700,64,98.070869,5.344469,11.974996,0
873,93,85.699430,17.973326,5.174334,0
776,97,83.406281,7.215771,13.442777,0
853,94,72.514777,17.268094,5.443566,0
1486,60,74.010681,6.771143,8.861134,0
803,69,85.364465,5.970461,11.556897,0
943,60,75.177208,16.026670,3.743760,1
2595,87,77.508594,16.849433,5.163378,0
1556,97,81.113285,10.223689,9.487769,0
293,66,74.431965,6.695037,9.858048,0
2767,63,94.339815,7.857478,8.017840,1
810,64,89.224122,15.588401,4.105617,0
1455,87,97.243202,15.982598,5.443420,0
2051,83,86.942822,19.207935,4.321131,0
513,65,85.082054,18.790785,3.459142,0
2393,89,85.176186,17.773951,5.007328,0
1984,62,97.793684,17.926165,3.458632,0
1810,86,76.287110,15.846819,5.426957,0
360,67,88.366601,16.637569,4.027031,0
538,81,89.971543,6.962599,11.633586,0
2692,86,72.399816,19.365979,4.440777,0
2713,76,95.307462,15.331908,4.956983,1
1613,73,78.534829,6.850611,10.655984,0
933,63,71.615860,13.403151,4.700387,0
1646,60,87.914134,9.463700,6.340015,0
1551,72,84.131463,13.755660,5.234209,1
1991,54,79.653110,6.346835,8.508178,0
1371,80,98.728550,10.517853,7.606115,0
980,60,97.635000,15.514316,3.867396,0
1339,50,71.432425,12.602703,3.967403,0
1581,55,70.128643,12.108370,4.542313,0
878,63,91.268322,11.677232,5.395114,0
711,63,70.338422,10.726027,5.873563,0
2673,96,90.886297,6.763840,14.193122,0
48,62,99.768285,11.586039,5.351268,0
1939,57,91.135037,6.957123,8.193042,0
402,52,75.828634,10.049810,5.174227,0
1666,97,73.942793,9.135507,10.617911,0
1973,84,76.206259,13.683657,6.138710,0
408,55,71.918707,5.830380,9.433347,0
2787,76,77.622736,17.285709,4.396696,1
2035,77,80.469343,9.067374,8.491985,0
125,73,91.768655,5.022728,14.533934,1
1084,71,74.888245,14.024373,5.062615,0
1934,65,72.999408,7.941384,8.184971,1
529,77,75.047582,15.528199,4.958721,0
815,98,74.134752,19.988765,4.902754,0
643,91,88.451986,14.437872,6.302868,1
1051,74,89.352702,15.050643,4.916733,1
601,55,76.059161,19.958586,2.755706,0
148,86,98.527189,10.921400,7.874449,1
510,83,90.199551,9.474094,8.760732,0
1193,78,79.780781,7.167467,10.882506,0
1807,72,96.648128,9.912513,7.263547,0
2899,90,81.125479,5.295096,16.996858,0
359,50,82.407701,13.989362,3.574144,0
1214,78,84.133700,14.305565,5.452424,0
2509,85,84.522799,15.112346,5.624540,0
1065,81,74.898490,8.139395,9.951600,0
2177,97,74.640155,12.992548,7.465818,0
1276,62,95.160559,17.898423,3.463992,0
2592,71,84.564196,10.865387,6.534512,0
2120,68,83.844091,14.554549,4.672079,1
2788,59,79.288467,10.002462,5.898548,1
2308,57,73.333631,12.227116,4.661770,0
139,58,95.406663,5.686970,10.198753,0
128,85,91.657360,11.750087,7.233989,1
2766,77,72.439091,15.575795,4.943568,1
1168,86,77.532958,15.607202,5.510277,0
2702,59,70.753936,13.501793,4.369790,0
2506,87,96.000491,11.868046,7.330608,1
294,87,83.200061,5.573821,15.608682,0
228,66,79.418687,12.889477,5.120456,0
1126,63,89.386892,7.873533,8.001491,0
1207,53,90.087672,13.030385,4.067416,1
2524,53,82.583065,8.441214,6.278718,0
1440,56,89.022978,12.444686,4.499913,1
1974,72,73.100939,11.379103,6.327388,0
2877,80,90.920804,9.632660,8.305079,0
2054,94,83.444205,15.920233,5.904436,0
441,64,97.686772,18.949503,3.377397,0
179,57,77.480378,9.658727,5.901399,0
1524,60,70.737181,5.111053,11.739265,0
2946,79,93.345914,13.103789,6.028790,0
1961,74,70.282109,14.089524,5.252129,0
1829,77,91.586572,7.062421,10.902778,0
1349,57,77.952653,15.521554,3.672313,0
2020,67,94.600779,6.816340,9.829322,0
1503,66,92.794284,17.752608,3.717764,0
900,60,94.738387,9.431633,6.361571,0
33,95,74.751280,13.106414,7.248359,0
2462,66,84.165290,9.447464,6.986002,0
466,80,91.617578,14.105030,5.671736,0
1427,83,90.328007,9.561228,8.680893,0
2807,87,82.086571,8.469920,10.271644,0
610,99,70.625803,11.350298,8.722238,0
1566,61,91.943062,10.612947,5.747697,0
472,73,82.223087,7.438224,9.814170,0
2504,97,84.669592,16.037655,6.048266,1
2286,79,71.237926,13.014301,6.070245,0
325,53,86.900462,8.305338,6.381438,0
168,79,88.115572,17.222703,4.586969,0
1605,61,81.655792,13.360460,4.565711,0
449,93,99.886492,11.782620,7.892981,0
1889,85,85.927823,6.796390,12.506640,1
589,70,73.244778,19.323898,3.622458,0
807,92,72.113479,14.108074,6.521088,0
2244,84,77.214317,7.400819,11.350096,0
2730,55,82.122836,11.442958,4.806450,0
193,64,87.163689,10.953602,5.842827,0
1099,98,74.048548,17.667319,5.546965,1
75,94,99.569450,14.913514,6.303008,0
2430,56,90.167750,10.162996,5.510186,0
436,57,77.610953,19.041140,2.993518,0
394,52,75.089162,10.771788,4.827425,0
576,73,94.026376,19.131385,3.815719,0
1950,80,77.663241,13.415913,5.963068,0
903,72,72.027927,7.483119,9.621656,1
1266,75,84.471488,18.545371,4.044136,0
1231,88,78.299192,10.516063,8.368150,0
1241,83,92.446747,12.923548,6.422385,1
2482,78,90.399102,11.550611,6.752890,0
1355,78,77.076676,16.139377,4.832900,0
2264,89,85.886514,13.358444,6.662453,1
69,58,82.006720,13.527279,4.287632,0
1792,90,98.651932,10.590552,8.498140,0
363,69,90.438526,8.443655,8.171816,0
1573,81,77.212783,9.249361,8.757362,0
13,65,71.901669,10.343320,6.284249,0
1890,67,95.159183,8.406999,7.969550,0
426,80,77.477749,14.688909,5.446286,0
1337,99,71.838112,19.182173,5.161042,1
2199,96,79.767570,18.860788,5.089925,0
1325,74,99.283235,12.885728,5.742788,0
1881,93,88.504690,10.886246,8.542890,0
235,95,84.765676,12.083920,7.861687,0
1996,94,90.438820,6.932071,13.560160,1
382,87,96.881518,11.133100,7.814535,1
2189,87,96.264937,7.629932,11.402460,1
1918,96,99.324265,8.615883,11.142213,1
1217,83,96.587037,10.633081,7.805828,1
504,86,95.581072,6.764106,12.714172,0
2993,93,90.985000,5.630379,16.517537,0
631,56,96.167183,14.302092,3.915511,1
291,92,82.010829,6.187022,14.869836,0
1320,85,73.314857,6.495677,13.085627,1
160,55,81.339830,10.983774,5.007386,0
2707,55,78.730093,18.142378,3.031576,1
2717,95,85.022709,11.379584,8.348284,0
2723,59,89.303287,11.392031,5.179059,0
1209,62,81.796888,8.811064,7.036608,0
1718,97,79.993478,13.874219,6.991385,1
350,80,88.343324,8.591121,9.311940,0
443,92,72.802922,5.340901,17.225559,0
1561,96,97.314573,16.058102,5.978290,0
231,75,87.581210,16.723301,4.484761,0
2005,53,79.205789,17.400129,3.045954,0
2108,98,88.797458,10.216806,9.592039,0
1680,95,70.102716,18.675324,5.086927,0
1695,90,92.705564,5.974610,15.063745,0
2554,69,96.601600,14.500587,4.758428,0
2364,67,90.019569,19.407023,3.452358,0
977,82,94.901360,18.763920,4.370089,0
2306,74,98.738279,13.552371,5.460299,0
2983,88,96.765559,11.929726,7.376531,0
1659,83,99.803139,10.851175,7.648941,0
530,73,97.738570,15.042565,4.852896,0
2765,72,72.422228,18.040887,3.990934,1
1358,97,81.779490,15.037116,6.450705,0
949,83,92.281023,10.503661,7.902007,1
2982,94,85.024531,12.036831,7.809365,0
1929,52,90.901522,9.569230,5.434084,0
1290,90,94.108077,19.048512,4.724779,1
2814,68,70.246765,6.044083,11.250672,0
406,52,94.060965,6.453506,8.057636,0
840,75,99.358971,12.651805,5.928008,0
2174,50,91.124258,9.573907,5.222528,0
1917,80,70.763765,13.240007,6.042293,0
2614,93,75.973891,13.520654,6.878365,0
1802,82,93.393103,9.772430,8.390953,1
1785,65,82.093034,13.402091,4.849989,1
1497,61,96.560866,8.954496,6.812220,0
1790,61,85.695047,10.421096,5.853511,0
215,73,76.848957,18.312761,3.986291,1
2571,83,78.744822,7.718607,10.753235,0
500,56,93.200247,16.710711,3.351144,0
1022,92,85.952155,9.612895,9.570478,0
24,51,71.782595,8.384345,6.082765,0
1062,58,77.802374,6.811321,8.515235,0
210,85,87.837497,11.946075,7.115308,0
1072,89,70.206285,11.725230,7.590470,0
1482,69,72.002746,5.660901,12.188872,0
1755,58,91.305873,15.287642,3.793914,1
1583,89,92.500151,12.404007,7.175101,1
188,83,70.248797,12.237533,6.782413,1
2479,59,93.889392,17.749088,3.324114,0
2293,61,88.186149,6.075043,10.041082,0
2136,85,92.284122,17.062697,4.981628,0
2776,54,72.007278,9.009927,5.993390,0
98,91,89.806599,19.655481,4.629752,0
2218,68,76.760773,14.356467,4.736542,0
1327,59,98.646286,17.727815,3.328103,0
2659,83,80.217141,15.198195,5.461175,0
708,69,71.265537,17.705383,3.897120,1
1468,58,81.621557,6.029249,9.619772,0
2400,99,92.394385,5.960824,16.608442,1
2701,77,80.175012,10.730821,7.175593,0
978,56,70.513589,9.735937,5.751886,0
1089,52,86.178136,5.129678,10.137089,0
2341,76,75.108515,14.630855,5.194502,1
2560,97,99.476303,19.615748,4.945006,0
2532,80,97.793685,7.723299,10.358268,1
454,64,77.436080,7.344629,8.713851,0
2720,88,74.843210,15.614059,5.635946,0
2475,57,72.024064,18.011318,3.164677,0
2977,69,94.998375,14.292186,4.827813,0
1860,90,76.151384,18.070870,4.980391,0
2079,84,71.717327,18.461576,4.549991,0
627,82,79.940515,18.761628,4.370623,0
2839,52,71.758417,9.747710,5.334586,0
30,52,93.552511,10.299219,5.048927,0
32,91,71.923833,11.806062,7.707905,0
710,97,88.503864,12.999589,7.461774,1
1567,84,98.422509,5.611500,14.969259,0
1539,87,70.496395,16.138725,5.390760,0
1634,71,78.575498,12.657778,5.609199,1
2578,79,90.156792,12.661700,6.239289,0
1147,82,79.282993,9.972228,8.222836,0
785,63,90.739377,6.397980,9.846857,1
830,79,90.159641,18.214957,4.337095,0
577,59,93.523028,15.137399,3.897631,1
2547,69,76.361522,6.131415,11.253520,0
2440,70,85.047611,19.628528,3.566238,1
1340,92,88.861580,16.891276,5.446599,0
615,92,91.295003,5.780490,15.915606,0
2501,76,71.535815,7.690871,9.881846,0
906,86,86.734647,12.956565,6.637562,0
1730,95,91.437231,8.082213,11.754207,1
2426,92,82.598365,6.704783,13.721547,1
1071,73,96.200026,18.897802,3.862883,0
1832,95,90.983585,16.835011,5.643002,0
1923,76,88.306376,18.813592,4.039633,0
368,94,93.706638,5.947021,15.806234,0
705,74,91.570977,18.540166,3.991334,0
431,54,85.162302,10.885579,4.960692,0
1016,73,84.594072,5.321775,13.717228,0
2041,73,81.528882,9.691664,7.532246,0
2431,61,88.903187,8.270687,7.375445,0
2557,70,91.787834,13.425090,5.214118,0
419,93,77.676137,18.783404,4.951179,0
1064,95,72.126099,16.070491,5.911456,0
2555,85,90.053117,15.465373,5.496149,0
1056,51,77.352769,11.214965,4.547495,0
1324,53,84.090673,7.430048,7.133197,0
1848,72,93.301502,8.775944,8.204245,0
1069,75,73.372787,12.906554,5.811001,1
2083,54,86.622140,6.712920,8.044190,0
1601,83,71.255836,19.318305,4.296443,0
2696,54,73.656082,14.498428,3.724542,0
1856,72,92.263538,13.590088,5.297979,0
1097,88,94.758416,5.242462,16.786006,0
663,73,85.229761,7.331595,9.956906,0
2460,79,70.874070,13.147442,6.008773,1
2539,88,70.829919,18.924087,4.650158,0
2642,99,92.184068,8.788478,11.264749,0
428,62,75.398019,5.874178,10.554668,0
133,64,80.264453,9.315369,6.870367,0
1465,56,77.169412,19.832039,2.823714,0
2525,61,92.755051,8.625282,7.072232,1
165,98,92.660453,17.775073,5.513339,0
2756,83,78.626951,14.542638,5.707355,0
1452,84,77.407168,14.951028,5.618343,0
1338,53,82.392163,17.869557,2.965938,0
932,60,89.672888,9.089914,6.600723,0
860,88,79.357602,14.917089,5.899274,0
2074,55,74.192186,7.425556,7.406853,0
717,50,76.248145,5.618669,8.898905,0
668,81,84.283391,7.668757,10.562338,1
2907,55,79.111985,19.362267,2.840577,0
2001,80,73.256789,19.734934,4.053725,0
2351,76,88.735343,18.546225,4.097869,0
1884,99,94.180492,16.354651,6.053324,0
1684,84,83.461445,6.454525,13.014125,0
2962,52,77.722378,6.118697,8.498542,0
2674,86,73.287737,13.583631,6.331149,0
2129,56,76.500368,7.839506,7.143307,0
2217,87,89.994370,17.502124,4.970825,0
1908,94,77.034644,14.308498,6.569523,0
233,80,71.744558,17.658845,4.530308,0
109,63,73.090660,16.823926,3.744667,0
366,55,71.445198,5.138589,10.703326,0
261,79,88.845179,10.423376,7.579118,0
688,80,83.686037,19.394808,4.124815,0
1164,64,87.430175,16.356369,3.912849,0
1568,50,74.846251,10.705838,4.670349,0
140,68,78.133998,6.965358,9.762599,0
638,60,70.224769,5.859424,10.239915,0
1173,96,95.258041,14.066758,6.824600,1
766,76,79.635251,5.321903,14.280605,0
1367,84,98.157250,15.820205,5.309666,0
671,55,92.831504,9.157113,6.006260,0
1395,92,84.841914,11.926756,7.713749,0
1309,66,70.365221,18.102440,3.645917,0
2003,68,77.388533,7.535709,9.023703,0
957,76,70.651867,10.793900,7.041014,0
2309,55,82.128801,7.653592,7.186168,0
1879,64,96.592889,15.811608,4.047659,0
1201,71,74.359027,13.441774,5.282041,0
1699,85,96.627498,9.498992,8.948318,0
885,58,97.525387,7.452837,7.782272,0
692,62,98.154151,19.188317,3.231133,0
1751,75,91.628835,7.674596,9.772502,0
2897,70,74.386318,17.772747,3.938615,0
1903,85,86.788267,17.093258,4.972721,0
2230,71,90.241182,7.673401,9.252742,1
1271,89,92.588408,12.393407,7.181238,1
256,74,81.429347,6.521108,11.347765,0
2165,81,95.653999,12.995206,6.233068,0
1353,78,79.747908,11.541241,6.758372,1
546,77,81.139013,16.770266,4.591460,1
2384,64,90.666043,9.322532,6.865088,0
154,61,70.406555,12.393489,4.921939,0
20,85,70.874710,10.855617,7.830048,0
1245,59,78.867450,10.342316,5.704718,0
412,54,86.196871,14.607948,3.696618,0
348,69,84.029952,16.937659,4.073762,0
1485,63,96.199953,6.809651,9.251576,1
468,69,72.199491,12.874171,5.359568,0
2049,99,95.587141,19.896793,4.975676,0
2782,58,96.470712,12.553236,4.620323,0
358,64,96.512053,11.599072,5.517683,0
1516,92,99.079382,15.138857,6.077077,0
2570,72,72.016251,17.379528,4.142805,0
2024,69,82.611579,13.933840,4.951973,0
1947,58,86.303286,15.117225,3.836683,0
1302,80,89.023112,6.821847,11.727029,0
553,64,93.908071,17.413368,3.675337,0
1808,91,89.918121,13.404284,6.788874,0
1945,51,72.954424,12.036253,4.237199,0
892,54,88.505339,17.669607,3.056095,0
928,95,98.946685,6.393427,14.859010,0
1715,85,78.944003,8.491346,10.010192,0
122,79,76.459067,10.688280,7.391274,1
2455,96,97.502158,16.264777,5.902325,1
2265,59,95.602019,18.948616,3.113684,1
792,92,80.749410,12.671695,7.260276,0
2150,89,90.890061,17.837857,4.989389,0
303,92,81.810295,17.417293,5.282107,0
1692,69,83.037085,8.242285,8.371465,1
1017,64,73.539025,12.092127,5.292700,0
1937,92,71.810985,12.408069,7.414530,0
1122,79,87.157644,8.868386,8.908047,0
1198,51,93.710757,13.280289,3.840278,0
2180,57,73.013767,9.737990,5.853364,0
714,74,77.746676,15.106682,4.898495,0
1405,56,90.264818,7.522805,7.444032,0
1842,69,99.095916,12.037492,5.732091,0
2387,90,94.438851,17.265912,5.212583,0
1316,83,82.617686,16.324315,5.084440,0
1086,59,71.465204,14.710751,4.010672,0
1132,88,78.861885,18.738161,4.696299,0
2927,80,70.972914,7.573699,10.562871,0
1944,85,98.820581,11.559341,7.353360,0
1081,95,83.416161,14.956179,6.351890,1
1854,80,74.356836,9.317386,8.586099,0
1588,64,71.793394,14.463059,4.425067,0
38,93,94.708600,16.174688,5.749724,0
2138,61,86.937044,9.479315,6.435064,0
2356,56,77.176100,11.099267,5.045378,0
2580,93,88.567161,6.361907,14.618258,0
1377,81,77.468707,7.240901,11.186453,0
37,68,96.131410,15.696296,4.332232,0
867,61,90.948977,7.774403,7.846261,0
2496,97,78.326860,8.929931,10.862345,0
1982,82,82.102040,12.362646,6.632884,0
2324,62,74.603876,6.278429,9.875082,1
2432,53,87.769356,5.380921,9.849616,0
2379,90,92.439974,15.261061,5.897362,1
1057,90,84.944316,9.629707,9.346079,0
2093,87,73.262965,18.290944,4.756452,1
1495,86,93.197610,6.057917,14.196298,0
1237,56,94.220697,18.584578,3.013251,0
2900,85,79.189157,5.381361,15.795261,0
2337,90,83.717796,19.406534,4.637613,0
1014,60,86.662639,6.891584,8.706271,0
103,55,81.590438,8.921184,6.165101,1
2576,87,83.242172,11.098510,7.838890,0
289,96,96.217409,7.831515,12.258165,0
1756,53,87.811413,14.708568,3.603342,0
2234,88,96.997739,8.131190,10.822524,1
1614,95,85.111222,15.614307,6.084164,1
1422,73,89.833898,7.934377,9.200471,0
2500,91,89.332933,8.172702,11.134629,0
2254,65,72.662393,17.842485,3.642990,0
1119,63,94.008205,6.521134,9.660896,0
2075,90,79.748418,10.032995,8.970402,0
1171,84,93.051686,16.210010,5.181983,0
2922,93,97.512973,19.220720,4.838528,0
2757,97,84.903467,13.742443,7.058425,0
21,56,98.568048,10.124400,5.531192,0
1054,66,74.087876,12.388201,5.327650,1
1504,60,90.614401,9.799768,6.122594,0
2790,64,86.856954,10.953602,5.842827,0
914,61,97.083555,15.210615,4.010357,0
544,79,89.596634,9.820091,8.044732,0
2406,96,78.346108,7.224572,13.287984,0
151,79,84.506528,5.417775,14.581633,0
2445,56,88.228167,8.655125,6.470155,0
2375,95,77.420035,10.823469,8.777223,0
1505,61,79.882667,18.967060,3.216102,0
2322,83,93.383732,16.132328,5.144949,0
817,80,83.941099,16.366445,4.888050,0
1226,55,78.112519,12.004113,4.581763,0
2102,54,89.332237,12.091314,4.466016,0
2629,59,93.100486,9.290280,6.350724,0
2245,66,86.986425,15.923092,4.144923,0
2099,80,87.634847,6.799673,11.765272,1
36,72,88.666154,8.443290,8.527482,0
1517,78,92.334097,10.133750,7.697052,1
1729,99,78.630526,6.822981,14.509786,0
392,90,89.358053,12.047852,7.470212,0
2457,53,87.960364,8.591785,6.168683,0
1148,58,70.144545,7.314753,7.929181,1
2952,59,83.022656,7.509332,7.856891,0
2854,53,93.727571,12.196742,4.345423,0
2323,81,93.547093,9.210928,8.793902,1
891,64,82.517382,16.743695,3.822334,0
636,64,75.576194,13.107112,4.882845,0
1228,81,90.545032,17.548878,4.615680,0
226,72,83.224489,10.178833,7.073503,1
684,82,98.168595,14.062476,5.831121,1
1872,91,98.670121,11.200632,8.124541,0
1256,64,84.232134,17.987429,3.558040,1
460,91,91.682088,12.507741,7.275495,0
676,52,94.275945,10.337549,5.030206,0
378,69,92.635132,16.511400,4.178931,0
214,51,95.378051,6.087660,8.377603,0
831,58,94.703276,13.844572,4.189368,1
829,68,90.599835,10.474785,6.491780,0
955,94,89.832279,5.279421,17.804982,1
1518,73,83.601095,9.072645,8.046166,0
2420,55,81.173798,15.626771,3.519601,0
1169,58,86.201757,7.902978,7.339006,0
2017,94,79.896789,13.025174,7.216794,0
1,97,75.453333,17.663508,5.491548,0
276,97,90.324183,12.565624,7.719473,0
1767,87,71.711015,17.368501,5.009068,0
1852,91,93.006601,15.830932,5.748240,0
679,85,78.910044,6.882023,12.351020,1
416,84,81.324562,11.018866,7.623289,0
1357,91,94.070349,12.523721,7.266211,1
2015,62,85.141119,16.980926,3.651155,0
2846,68,73.860677,6.996317,9.719400,0
2295,55,83.877811,5.091986,10.801286,0
2778,91,86.601852,14.987542,6.071709,1
1675,84,98.854946,10.368216,8.101683,1
1869,87,77.064273,16.886499,5.152045,0
808,94,95.841154,13.345729,7.043452,1
2275,55,95.117820,12.884883,4.268568,0
476,51,74.038978,14.180144,3.596578,0
104,80,90.158138,19.259070,4.153887,0
1103,58,73.435858,19.727266,2.940093,1
1332,68,77.598412,18.655091,3.645118,0
791,61,91.121329,7.468445,8.167697,0
743,84,85.746781,11.581922,7.252682,1
2433,95,81.741168,12.741700,7.455834,0
1584,84,84.801501,15.499912,5.419386,0
489,59,73.160719,10.309837,5.722690,0
2357,74,89.135283,12.213162,6.059037,0
881,91,82.028479,18.518636,4.913969,0
2179,56,89.348134,8.983054,6.233960,0
2239,71,70.350460,12.873210,5.515330,1
559,99,78.426895,14.970108,6.613179,1
1484,56,97.803654,18.353579,3.051176,0
593,97,72.146431,14.594883,6.646165,0
2104,67,93.706182,8.705487,7.696296,0
1254,94,80.373278,11.236559,8.365550,1
2859,67,92.208870,18.535695,3.614647,1
2287,52,85.684861,12.762944,4.074295,0
1983,97,97.110261,14.784792,6.560796,0
1229,80,71.660316,15.822879,5.055970,0
2248,92,81.669179,12.946307,7.106273,0
1722,53,98.207439,9.467682,5.597991,1
2913,92,96.999399,19.686580,4.673234,0
828,83,96.878513,19.372881,4.284340,1
2103,76,70.242010,15.391803,4.937693,0
1018,86,94.087048,18.814783,4.570874,0
990,78,90.238801,8.155441,9.564167,0
1223,72,75.495222,12.838065,5.608322,0
1116,81,85.750947,18.700956,4.331329,0
1586,66,96.535674,15.699573,4.203936,1
2477,84,93.289051,6.896406,12.180258,0
682,80,94.822238,8.554201,9.352130,0
793,84,90.498573,12.640511,6.645301,1
2978,81,76.269495,13.629075,5.943177,0
2744,82,93.238495,5.522262,14.848989,0
913,57,82.206135,14.569885,3.912179,0
1094,67,70.956281,15.131019,4.427990,0
72,57,73.974543,5.680457,10.034403,0
800,67,92.213605,15.930847,4.205677,0
1397,59,74.388921,15.045014,3.921565,0
2350,52,89.887094,5.002419,10.394970,1
2543,74,94.810021,6.146432,12.039506,0
1905,65,79.706433,14.227414,4.568645,0
1521,91,72.720351,10.268712,8.861871,0
1637,69,79.574223,18.898192,3.651143,0
1658,70,92.161496,16.102517,4.347146,0
1124,99,82.161760,19.042325,5.198945,0
661,99,77.170679,7.378303,13.417719,0
895,64,95.443051,17.369800,3.684556,0
2471,58,80.413848,8.470440,6.847342,0
2853,66,99.200621,18.033130,3.659930,0
1667,61,93.872374,9.229323,6.609369,0
1410,59,80.913386,8.946423,6.594815,1
969,57,84.002918,11.810053,4.826397,0
2340,80,96.702720,6.015548,13.298872,1
2486,55,82.778402,15.122365,3.636997,0
1975,59,88.703221,9.561537,6.170556,0
2876,58,75.676563,5.206796,11.139288,1
1010,64,80.965263,16.530775,3.871567,1
2395,74,76.405303,18.727463,3.951416,0
2745,82,93.287680,12.711294,6.450956,0
882,98,82.556438,7.306621,13.412493,0
2503,63,73.328131,8.664241,7.271266,0
2708,95,98.757404,9.173000,10.356481,1
2380,91,86.470399,7.143751,12.738405,0
1287,96,78.618564,6.270071,15.310833,0
252,73,99.304764,16.176594,4.512693,0
1005,79,80.161479,7.123123,11.090640,0
524,56,73.874561,7.832603,7.149602,0
591,70,78.046046,14.507535,4.825079,1
1418,71,93.609904,10.589222,6.704930,0
2681,89,78.838407,10.612662,8.386209,0
92,58,94.741485,8.684059,6.678905,0
2652,52,81.845878,11.507016,4.518982,0
1412,63,84.613555,12.838902,4.906962,1
1702,95,75.660404,11.014009,8.625379,1
379,72,93.525396,6.537413,11.013531,0
1048,67,89.933105,6.280624,10.667729,0
2416,71,93.969821,10.781147,6.585570,0
2636,62,86.692281,7.306596,8.485484,0
2725,52,74.507330,10.537027,4.934978,0
1436,76,84.397709,15.314349,4.962666,1
1522,88,96.001650,15.426105,5.704616,0
2410,64,75.321223,15.060154,4.249625,0
2353,65,99.758472,13.129326,4.950749,0
2472,57,91.644718,16.006543,3.561044,0
600,72,90.833707,15.544859,4.631756,0
2382,65,96.408641,6.873550,9.456540,0
1768,52,71.519602,19.739995,2.634246,1
142,99,99.301568,15.931741,6.214010,0
2545,73,70.255346,17.244043,4.233346,0
2307,85,82.455089,6.071533,13.999760,0
1727,79,92.804058,11.765849,6.714348,0
219,51,77.083343,13.509550,3.775107,0
241,62,93.771312,10.213584,6.070347,0
272,86,90.803385,18.020484,4.772347,0
1399,75,96.657268,19.077966,3.931237,0
1694,57,98.902287,17.765183,3.208523,0
694,53,91.934681,19.595235,2.704739,0
1512,60,81.256821,9.573778,6.267118,0
1454,76,83.511290,7.946030,9.564525,0
1142,91,86.855432,11.995675,7.586068,0
137,75,72.212305,6.470518,11.591035,1
106,59,85.424272,12.539770,4.705031,0
1781,57,91.691723,8.815470,6.465906,0
2013,80,99.820549,11.346555,7.050598,0
2263,70,96.392811,14.223325,4.921493,0
99,50,92.152847,19.553866,2.557039,0
1330,89,85.871265,15.106419,5.891535,1
462,50,91.478774,5.087282,9.828430,0
274,55,94.829056,13.916867,3.952039,0
1255,70,91.202803,15.102762,4.634914,0
162,71,99.939248,17.378801,4.085437,0
352,65,83.609575,8.259355,7.869864,0
2873,58,87.746649,12.906839,4.493742,0
1032,73,93.080935,18.860977,3.870425,0
1558,79,70.890410,18.451695,4.281450,0
127,60,80.790670,16.134221,3.718804,0
880,53,74.630413,11.582089,4.576031,0
967,75,77.976006,18.273739,4.104250,0
1607,80,71.951094,18.958678,4.219703,0
1242,89,72.772602,16.794708,5.299288,0
508,85,75.750019,19.582508,4.340608,1
2768,97,81.425895,10.410248,9.317741,0
673,69,74.923707,12.179451,5.665280,0
2211,98,86.286430,12.444226,7.875138,1
465,60,88.428603,14.393953,4.168417,1
52,60,90.708167,15.478836,3.876260,0
45,73,74.911969,9.634081,7.577266,0
1281,75,85.512205,17.100762,4.385769,1
15,70,98.907203,17.247333,4.058599,0
1861,64,88.742616,15.613805,4.098937,1
1818,93,78.801682,10.478686,8.875159,0
2310,95,95.003142,10.264217,9.255455,0
2857,95,96.847486,8.964825,10.596972,0
2662,80,79.029575,9.143160,8.749711,0
185,80,74.708767,18.606312,4.299616,0
704,65,88.149651,9.168264,7.089674,0
1328,50,98.377328,18.304477,2.731572,0
421,98,82.882191,18.462993,5.307915,0
672,88,82.069340,8.455734,10.407139,0
2334,65,74.923874,19.366808,3.356258,0
1106,69,71.194078,13.369237,5.161102,0
2057,82,93.534841,12.077488,6.789491,0
2419,84,89.914752,19.898563,4.221410,0
2834,82,88.766962,5.032134,16.295274,0
121,77,99.403674,12.648678,6.087593,1
2279,55,77.919687,7.647211,7.192165,1
983,74,81.025917,18.268872,4.050606,0
2498,71,88.643981,8.216607,8.641036,0
1954,99,82.018298,7.030417,14.081669,0
2256,82,76.345535,9.920404,8.265792,1
3000,79,71.450166,17.124408,4.613298,0
1744,54,80.918315,16.867690,3.201387,0
295,91,87.976417,15.770943,5.770105,0
1749,84,77.769084,10.567000,7.949276,0
1580,75,82.777194,11.301512,6.636280,0
2202,63,95.202016,7.081561,8.896343,0
1544,89,83.025142,14.434443,6.165808,1
2538,86,89.087560,18.933803,4.542141,0
1052,60,72.203111,11.709076,5.124230,1
114,65,79.052583,14.853194,4.376163,1
2831,91,94.370941,7.621678,11.939628,0
2262,50,70.274348,9.791821,5.106302,0
689,51,79.542884,6.570960,7.761423,0
1652,75,92.449428,14.418971,5.201481,1
2969,91,76.875975,12.538597,7.257591,0
2269,57,78.836660,5.186158,10.990795,1
667,82,86.913080,16.133156,5.082701,0
410,60,90.821951,5.087545,11.793507,0
572,75,73.932875,12.366758,6.064645,0
2492,65,80.394737,14.374277,4.521967,0
1172,79,81.943126,11.220519,7.040673,0
1002,88,79.239560,15.910881,5.530806,0
1540,90,92.692055,13.935031,6.458543,0
2411,51,73.710962,12.114183,4.209942,0
2634,98,96.275752,11.688093,8.384601,1
2390,55,88.498972,16.114583,3.413058,0
2167,99,78.956454,6.105082,16.215998,0
2101,64,96.187896,7.876520,8.125416,0
391,69,75.397308,17.525157,3.937197,0
1125,67,96.899170,18.712159,3.580560,0
2605,93,89.776419,18.662833,4.983166,0
2519,59,99.173953,15.009625,3.930811,0
2964,93,93.915878,7.895874,11.778304,0
924,76,99.186216,8.525357,8.914582,0
278,97,82.977246,15.526260,6.247480,0
275,74,83.078332,13.542308,5.464357,0
872,66,85.869796,15.932257,4.142539,0
935,77,80.081096,8.453421,9.108739,0
1015,65,83.512263,19.416771,3.347621,0
2494,59,84.847601,16.642813,3.545074,1
2201,63,88.866919,14.922722,4.221750,0
1391,85,93.317606,11.130045,7.636986,1
2226,96,79.744980,17.353414,5.532053,0
1596,58,90.383131,5.650937,10.263784,0
205,82,95.903660,12.375211,6.626149,1
1303,71,87.184392,5.591800,12.697165,0
816,90,88.413962,16.485831,5.459234,0
351,99,72.968973,15.184160,6.519952,0
2413,98,73.310581,10.590634,9.253459,0
2588,76,72.301165,15.296625,4.968416,0
1259,64,74.891630,5.865214,10.911794,0
1393,54,78.891381,19.976176,2.703220,0
1577,57,84.993381,16.076882,3.545464,1
556,83,82.580978,7.392264,11.227954,1
598,90,82.092280,5.429430,16.576325,1
248,66,80.471993,7.705245,8.565594,0
1386,83,95.720014,6.413293,12.941870,0
119,79,76.505430,5.530469,14.284502,0
2391,52,93.700932,8.788839,5.916595,0
2905,67,79.412991,8.078971,8.293136,0
324,76,89.738423,18.908110,4.019439,0
1878,55,97.077585,5.890320,9.337354,0
2896,82,92.543124,17.933638,4.572413,0
2793,65,96.120410,10.187748,6.380213,0
1759,75,75.839352,8.213284,9.131548,0
2442,55,77.652230,15.255817,3.605182,0
326,92,86.865158,9.424037,9.762271,1
1624,91,95.339695,15.229471,5.975257,0
375,98,74.505781,6.715705,14.592659,1
2691,69,89.296340,8.998525,7.667923,1
2961,72,86.285697,15.871038,4.536565,0
2986,84,75.646022,10.012986,8.389106,0
1640,90,73.623863,14.489577,6.211362,1
2517,97,81.683678,6.611414,14.671597,0
763,83,78.227926,11.793150,7.037984,0
721,76,90.908046,9.353812,8.125030,0
1591,89,76.599562,18.367557,4.845500,0
115,54,80.525323,19.521768,2.766143,0
629,59,88.381953,7.157209,8.243436,0
2124,98,92.177902,16.504172,5.937892,1
1283,74,92.138049,7.381757,10.024713,0
2534,61,82.332975,19.202060,3.176743,0
1876,72,70.200353,10.793018,6.670979,0
536,56,90.695048,12.308345,4.549759,0
65,90,79.416625,6.591702,13.653530,1
1305,52,91.081569,19.263918,2.699347,0
535,86,88.866871,16.357424,5.257551,0
1178,76,74.240833,10.514740,7.227949,0
1009,73,97.679046,18.553210,3.934629,0
617,84,86.227343,12.087581,6.949281,0
2902,84,79.248089,17.623597,4.766337,0
371,82,83.971160,12.373736,6.626940,0
1067,71,85.184130,16.809039,4.223918,0
1451,66,99.879109,14.614141,4.516174,0
1461,78,74.512733,12.453219,6.263441,0
505,65,97.603055,15.542833,4.181992,0
1042,61,71.263059,9.634626,6.331330,0
164,53,75.674360,6.199039,8.549713,0
2863,71,81.238440,18.417295,3.855072,1
76,85,99.604317,13.096178,6.490443,0
1190,72,98.025472,15.719051,4.580429,0
2684,56,84.185238,9.830239,5.696708,0
1066,76,97.325381,17.972664,4.228644,1
1720,67,76.088693,16.327046,4.103620,0
575,56,77.056159,6.838975,8.188362,0
1821,99,89.765669,13.611507,7.273258,0
735,91,89.672386,18.534076,4.909875,0
2345,67,84.279686,7.254017,9.236262,1
2987,92,87.450466,5.848047,15.731746,0
2288,63,96.926031,13.298570,4.737352,0
847,97,90.386104,15.702992,6.177167,0
369,52,78.908343,12.965680,4.010588,0
2283,56,94.321175,9.165576,6.109818,0
2675,87,82.594714,9.138581,9.520077,0
2593,63,71.959348,18.402415,3.423464,0
2801,82,94.715740,15.360560,5.338347,0
1791,54,79.533439,17.293921,3.122485,1
2609,65,85.327424,15.357040,4.232587,0
89,71,81.938265,19.853253,3.576240,0
982,68,73.401666,13.314156,5.107346,0
541,66,80.134757,19.895557,3.317324,0
2033,54,78.785661,16.931244,3.189370,0
170,83,84.869444,6.191340,13.405823,0
2512,59,90.421113,19.058514,3.095729,1
1137,78,96.415692,12.542431,6.218890,0
2903,80,91.262859,16.304962,4.906482,0
769,64,95.182838,10.317897,6.202814,0
2491,81,84.272613,5.748331,14.091046,1
1820,89,80.822708,15.112140,5.889305,0
2653,76,78.816205,5.355144,14.191963,0
628,89,89.799253,16.883531,5.271409,0
2763,94,93.568819,7.810305,12.035381,1
232,76,93.802330,19.877994,3.823323,1
1859,68,85.382873,7.549077,9.007724,1
1093,51,81.090610,14.151925,3.603750,0
2611,69,92.592653,14.599601,4.726156,0
1763,91,91.103260,19.084940,4.768158,0
2647,67,70.311780,18.357253,3.649784,0
1487,91,96.245800,10.300404,8.834605,0
190,65,71.107916,17.969119,3.617317,0
2754,73,73.878979,19.204918,3.801110,0
1076,72,84.061009,19.907789,3.616675,0
894,65,81.181842,16.913659,3.843048,0
532,86,77.877857,14.265686,6.028452,0
646,63,75.907110,8.583469,7.339690,1
2396,94,95.788694,16.788085,5.599209,0
2153,61,70.865907,17.907012,3.406487,0
722,65,77.039296,10.806039,6.015155,1
1765,87,75.903479,11.489493,7.572136,1
1006,71,79.468307,9.028562,7.863932,1
2456,53,81.978817,15.008358,3.531366,0
1111,87,71.872542,8.311790,10.467060,0
2252,83,85.275280,17.609203,4.713445,0
2541,93,96.858265,10.904353,8.528704,0
5,84,71.801340,17.960632,4.676896,1
1656,62,97.035894,19.357495,3.202894,0
1762,69,91.080883,8.945491,7.713383,0
2470,58,76.580426,11.269806,5.146495,0
877,71,72.671785,17.914952,3.963170,0
788,91,72.231195,8.550089,10.643164,1
1252,89,82.423759,10.265041,8.670204,0
2452,67,76.922253,14.936607,4.485624,0
612,59,75.459940,17.326136,3.405260,0
2975,66,77.740361,12.178127,5.419553,0
1931,94,92.410087,18.421890,5.102625,0
516,83,89.006148,13.405590,6.191447,0
1528,73,87.903222,16.339297,4.467756,0
1037,76,75.401849,18.547562,4.097574,0
455,91,79.480305,9.688383,9.392692,0
2349,66,92.496978,6.670492,9.894323,0
778,62,95.763569,12.462830,4.974793,0
1036,63,73.237219,19.009338,3.314161,0
651,85,71.058288,6.267851,13.561266,1
260,51,97.853517,12.464107,4.091749,0
2843,90,75.136984,8.662814,10.389234,0
652,84,88.448857,15.814915,5.311442,0
1795,92,72.398315,10.843399,8.484424,0
172,90,79.381424,17.270997,5.211048,1
173,57,94.202927,11.734320,4.857546,0
2680,51,72.168400,12.515758,4.074863,0
339,88,90.127954,10.885076,8.084464,0
2722,58,99.454834,6.211191,9.337983,0
310,71,77.544454,10.730526,6.616637,1
697,85,84.061291,5.612527,15.144694,0
1074,94,90.661431,16.103090,5.837389,1
2070,92,77.091928,13.398919,6.866225,0
2444,53,97.458656,15.247676,3.475940,0
1227,68,94.358994,9.688942,7.018310,0
1398,58,77.812197,13.119456,4.420915,0
2421,69,82.397109,14.785903,4.666607,1
1300,77,83.267379,13.321428,5.780161,0
1867,90,79.007985,14.215655,6.331048,0
784,63,81.949985,16.390960,3.843582,1
1264,50,99.522978,18.708496,2.672583,0
1569,83,73.590932,15.315555,5.419327,0
1389,65,95.137884,10.297455,6.312239,0
201,67,75.619665,14.901838,4.496090,0
1725,88,92.064572,16.759972,5.250605,0
2882,60,88.747212,5.054640,11.870282,1
2,98,94.204640,11.153349,8.786599,0
1007,63,79.035415,7.602452,8.286800,0
945,91,95.772656,13.984879,6.507028,0
1757,70,95.479180,15.785834,4.434356,0
1133,50,86.551916,9.928271,5.036123,0
565,56,81.442664,15.778335,3.549171,0
1467,93,84.783695,9.402011,9.891501,0
823,78,79.981729,7.512252,10.383038,1
2131,97,85.184788,13.713456,7.073345,0
300,65,73.961710,7.865914,8.263503,0
2424,71,85.557146,5.860507,12.114994,1
775,79,86.115051,16.204462,4.875200,0
2261,64,94.752214,12.914712,4.955588,0
976,63,90.979902,11.411090,5.520945,0
654,56,96.526858,11.270420,4.968759,0
1883,93,74.849455,19.573450,4.751334,1
2880,87,94.177860,16.514133,5.268215,0
509,88,87.920062,12.469100,7.057446,0
435,62,90.553571,15.823188,3.918300,1
1321,76,70.210947,11.723334,6.482797,1
1952,77,88.455067,7.000535,10.999159,0
2739,76,99.736564,13.347951,5.693758,0
1100,78,78.002529,8.376532,9.311730,0
2549,81,71.587568,15.536351,5.213580,0
1617,65,71.894091,17.419062,3.731544,0
2328,54,77.503665,10.582874,5.102584,0
182,58,84.023199,16.068691,3.609504,0
2343,90,99.477244,11.456731,7.855644,0
2548,58,86.648662,13.776472,4.210076,0
833,67,84.842246,16.943063,3.954421,0
557,63,72.491097,6.620485,9.515919,0
1092,72,70.435304,16.567489,4.345861,0
2443,87,97.383083,7.798884,11.155442,0
1572,63,82.654126,10.750481,5.860203,0
561,75,98.544830,9.411361,7.969092,1
814,50,93.500768,11.375649,4.395354,1
2314,96,71.501122,15.553848,6.172106,0
473,58,83.644648,17.124797,3.386902,1
886,85,86.762457,6.523599,13.029618,0
422,54,86.977770,8.135908,6.637243,0
1105,76,94.980727,16.284088,4.667133,0
450,61,94.316981,16.864111,3.617149,0
2635,51,90.170381,14.636865,3.484353,0
1050,67,92.878912,6.833810,9.804194,0
2059,83,82.478262,7.301355,11.367753,1
2700,79,81.766157,10.033508,7.873617,0
2979,65,90.264146,11.598199,5.604318,0
311,89,77.089182,14.681147,6.062197,1
1310,78,88.661710,8.083655,9.649101,0
669,89,96.912206,14.909453,5.969367,1
2769,78,76.318339,14.739050,5.292064,0
331,83,70.270757,18.235693,4.551513,0
2060,76,94.248335,19.160834,3.966424,0
942,67,97.559411,6.706575,9.990197,0
2168,98,99.363108,16.191515,6.052553,0
120,66,81.673326,16.824647,3.922816,0
973,72,71.832034,13.154099,5.473579,0
1407,95,84.946636,15.633570,6.076667,0
2995,68,75.204052,5.245665,12.963085,0
2333,78,86.604568,19.626728,3.974172,0
2670,58,83.861339,8.685044,6.678147,0
1769,90,79.084308,8.874729,10.141154,0
1874,95,96.954356,8.729468,10.882679,0
2071,73,97.638732,12.911499,5.653875,0
579,73,75.811864,10.264766,7.111706,0
1162,59,78.005014,11.752790,5.020084,0
2032,70,92.599946,11.760609,5.952072,0
448,78,82.922016,7.396936,10.544907,0
941,95,87.847299,18.141098,5.236728,0
1372,68,74.196812,9.896482,6.871129,1
2386,98,94.078033,7.788439,12.582753,1
2043,63,74.703833,5.218482,12.072476,1
2628,54,84.871087,10.816568,4.992342,0
799,66,95.793324,10.940467,6.032649,1
921,79,81.963396,9.545654,8.276018,1
2490,84,85.172110,9.006649,9.326443,0
583,58,82.863917,10.994982,5.275134,0
1830,53,77.087863,17.056197,3.107375,0
2405,51,84.989100,16.622049,3.068214,0
1833,58,94.870131,12.348807,4.696810,0
648,53,73.531837,9.036819,5.864896,0
2372,59,77.948756,9.278334,6.358900,0
2278,56,74.446536,6.558994,8.537895,0
2425,91,94.901776,18.202335,4.999359,0
1871,72,81.405658,19.564328,3.680167,1
1951,65,71.843468,15.438425,4.210274,1
2959,66,75.009936,11.436839,5.770825,0
1404,75,70.820644,10.277899,7.297211,0
1706,72,93.873487,9.863615,7.299555,0
1943,58,85.278706,13.242692,4.379774,0
1998,97,84.937626,18.918142,5.127353,0
623,62,90.713659,7.937149,7.811369,0
1587,89,83.031841,17.200204,5.174357,0
2980,61,77.976719,11.044456,5.523133,0
850,91,91.567046,6.173500,14.740423,0
2999,69,82.848737,9.936575,6.944042,0
259,92,76.999730,13.835395,6.649611,0
586,76,86.050100,15.646440,4.857335,0
2030,51,73.948053,5.733696,8.894786,1
1322,51,98.940595,8.241896,6.187897,0
730,83,93.114816,17.703136,4.688435,0
1602,67,99.998465,11.084412,6.044524,0
398,70,72.772481,13.921658,5.028137,0
174,59,85.681126,18.965359,3.110935,1
1849,98,77.164586,19.804512,4.948367,0
1932,97,92.356522,5.247434,18.485224,0
2205,54,70.239806,18.027073,2.995495,0
2145,74,84.434183,12.788090,5.786634,1
1177,66,74.493621,11.420196,5.779235,0
1359,92,77.075677,9.374260,9.814108,0
958,98,73.755850,19.563330,5.009372,0
594,95,75.493567,19.306254,4.920685,0
1500,61,81.794869,16.336358,3.734002,0
1593,52,81.441802,19.680726,2.642179,0
2222,56,91.458985,7.493027,7.473615,0
1354,70,71.551639,15.830493,4.421846,0
1350,88,96.408724,10.114675,8.700230,0
414,59,74.145851,9.462528,6.235120,0
2728,93,83.296011,17.681705,5.259674,0
856,90,71.042173,5.338234,16.859508,0
2361,98,81.654929,19.397505,5.052196,0
2631,82,73.439515,6.344642,12.924291,0
2042,81,87.307194,19.795187,4.091904,1
596,68,74.555129,8.727510,7.791455,1
1964,95,90.363133,14.240835,6.670957,1
2564,63,72.489026,16.314423,3.861614,0
2942,53,88.291769,13.385530,3.959500,1
2802,66,82.358116,11.983612,5.507521,1
2664,76,75.901400,11.434117,6.646775,0
2009,89,92.353134,10.324102,8.620605,0
1970,91,81.553934,12.319865,7.386445,0
2819,67,89.818111,6.670373,10.044416,0
153,80,74.381407,7.274027,10.998034,0
507,77,77.114012,5.616782,13.708916,0
2820,50,70.594481,16.220111,3.082593,0
2883,91,77.292175,7.616117,11.948345,1
2143,78,97.975183,19.855465,3.928389,1
1203,73,86.294062,19.355029,3.771630,0
2338,62,85.628971,6.196919,10.004972,0
2727,57,84.874108,15.556602,3.664039,0
2856,67,92.378106,5.019249,13.348611,0
237,94,93.959202,14.539158,6.465299,0
1352,54,97.028109,10.128474,5.331504,0
2552,91,93.206573,11.321947,8.037487,0
329,71,83.765669,9.089202,7.811467,1
2232,97,93.974548,8.149110,11.903140,0
1907,65,96.857120,19.766996,3.288309,0
187,78,94.597850,11.316290,6.892719,1
2112,51,81.469433,15.166144,3.362753,0
756,64,89.408397,18.895759,3.387003,1
843,86,84.197871,11.667467,7.370923,1
2170,54,75.816627,10.726584,5.034222,0
951,72,75.191339,5.547025,12.979930,0
2530,78,74.674584,5.367252,14.532577,0
1191,88,83.272401,8.497635,10.355822,0
812,57,92.253437,17.246653,3.304989,0
543,73,75.005569,14.758031,4.946459,0
2954,96,94.216734,6.203176,15.475943,1
1789,93,83.910320,9.239808,10.065144,0
1249,96,90.617132,13.134638,7.308919,0
1224,52,83.948664,6.666469,7.800231,0
1130,64,92.869733,14.620018,4.377559,0
570,97,88.718445,8.767123,11.064062,0
2025,77,78.477459,14.344456,5.367928,1
2130,77,94.008087,13.114671,5.871287,0
2280,65,75.469081,8.816951,7.372163,0
2134,83,71.884441,9.292303,8.932124,0
2446,72,96.764047,15.114048,4.763780,0
1743,56,74.930503,13.555614,4.131130,0
884,80,90.587667,18.709433,4.275918,0
863,63,83.115309,6.781374,9.290152,0
2992,84,89.755917,19.854778,4.230720,0
2459,95,99.986718,17.478291,5.435314,0
211,57,87.588562,7.712459,7.390639,1
2948,54,93.306744,17.232233,3.133662,0
1288,96,78.689748,9.921695,9.675766,0
2649,80,73.776453,16.285043,4.912483,1
2427,88,71.014318,13.460997,6.537406,0
1033,82,88.133677,8.910295,9.202837,1
2938,73,95.832179,11.101467,6.575707,0
279,53,85.859590,8.387791,6.318708,0
2178,63,82.852268,7.981058,7.893690,0
2711,93,96.596346,11.233498,8.278810,0
1783,76,79.073892,16.400246,4.634077,0
2746,72,79.798520,7.957200,9.048409,0
846,64,75.869979,13.605094,4.704121,0
901,75,95.705515,17.525807,4.279404,0
16,86,72.039362,19.411816,4.430291,0
1368,77,81.632251,8.008037,9.615340,0
1938,58,79.628288,6.887609,8.420920,0
2429,99,71.856543,5.390966,18.364056,0
459,57,96.755216,16.291181,3.498825,0
470,74,79.460759,18.451427,4.010530,0
2523,77,96.556827,10.910237,7.057592,0
2011,97,70.535451,8.626072,11.244980,1
533,55,93.861002,5.986153,9.187871,0
1663,77,80.471117,10.824795,7.113299,0
1213,54,82.779438,8.854370,6.098683,0
724,90,79.696233,19.903808,4.521748,0
2467,58,71.065970,16.223646,3.575029,0
2127,69,99.275476,12.261331,5.627448,0
1053,93,72.898841,9.992715,9.306780,1
467,73,87.797342,15.514442,4.705293,0
2105,59,71.674560,16.616186,3.550755,0
887,65,98.253176,10.302089,6.309400,0
2401,74,95.700635,9.182187,8.059082,0
2317,53,71.480772,8.715275,6.081277,0
2468,54,83.867925,17.957555,3.007091,0
337,50,94.066910,7.527209,6.642568,0
2550,77,81.734879,7.815040,9.852797,0
2901,71,76.119201,9.465584,7.500858,0
2142,68,75.872746,12.344650,5.508459,0
1108,69,80.090467,11.037409,6.251467,0
2289,70,78.772575,5.563132,12.582839,0
845,56,94.894678,10.758017,5.205420,0
1001,95,74.893213,7.441983,12.765414,0
2126,91,82.215904,17.459303,5.212121,0
1443,70,99.783442,13.412180,5.219137,0
1698,60,74.052603,10.838406,5.535869,0
1775,56,83.829387,5.281636,10.602775,0
918,74,87.767192,18.788749,3.938527,0
1369,74,96.555769,5.682475,13.022494,0
2514,61,92.847411,11.849228,5.148015,0
1650,72,93.396496,6.510093,11.059749,1
2735,55,93.722284,15.045938,3.655472,0
649,83,74.529797,10.309995,8.050440,0
141,65,81.883235,10.484609,6.199564,0
2862,72,81.030554,5.048803,14.260805,0
167,78,99.019240,5.371198,14.521899,0
2373,83,85.704378,19.038728,4.359535,0
2187,63,78.475330,18.148387,3.471383,0
2366,59,72.920372,12.810073,4.605750,0
481,52,98.531101,12.882616,4.036447,0
1815,78,81.626955,19.993362,3.901295,0
537,65,82.861621,15.237955,4.265664,0
1230,96,92.168918,7.486517,12.823053,0
1088,92,95.116211,19.352335,4.753948,0
2643,76,75.705318,7.618597,9.975590,0
2850,51,98.569297,13.181919,3.868936,0
1253,54,79.265200,12.547853,4.303525,0
630,70,72.420608,9.027766,7.753856,1
198,64,95.601034,12.670587,5.051068,0
1481,56,82.369141,11.121155,5.035448,0
1061,51,75.105448,15.423603,3.306620,0
2671,58,75.192856,11.645710,4.980375,0
1527,92,97.535680,18.689443,4.922565,0
2606,95,95.179993,15.223320,6.240426,0
2988,68,77.761012,7.176491,9.475383,1
2791,73,73.895313,14.030710,5.202873,0
2339,69,75.603535,14.040676,4.914293,0
1059,91,91.710579,16.735914,5.437408,1
1463,94,90.774412,12.496548,7.522078,0
1406,98,92.029895,18.017550,5.439141,0
245,98,92.244241,13.691431,7.157762,0
820,75,91.739169,14.460673,5.186481,0
8,82,81.335622,5.016858,16.344890,0
758,95,82.792916,15.615318,6.083770,0
1306,70,79.391345,9.811965,7.134147,0
2858,93,95.062255,13.666734,6.804845,0
2918,73,87.836084,15.503440,4.708633,1
327,63,96.871884,15.550940,4.051202,0
54,86,80.818253,7.533102,11.416280,0
2463,77,78.019849,12.379716,6.219852,0
1313,56,80.384937,7.491975,7.474665,0
620,89,93.022300,16.697842,5.330030,1
1887,64,95.039473,17.017876,3.760751,0
849,67,98.863290,5.079238,13.190954,0
1557,74,78.787929,18.671179,3.963328,0
869,64,72.607238,15.556694,4.113985,0
1196,80,86.787743,6.371657,12.555605,0
1479,74,99.446379,13.121666,5.639528,0
1286,66,79.903527,13.277939,4.970651,0
77,70,72.707003,6.956672,10.062283,1
975,50,73.892749,13.654881,3.661694,0
2699,87,99.890802,18.079661,4.812037,0
875,98,83.615520,8.130629,12.053188,0
1753,77,87.769687,7.079150,10.877013,0
2950,61,79.387515,8.966481,6.803115,0
1488,86,70.401688,15.347089,5.603669,0
132,93,86.227978,18.898398,4.921052,1
2712,56,89.669639,12.068593,4.640143,0
501,91,77.065356,18.904945,4.813555,0
1696,97,89.021840,5.182725,18.716022,0
487,88,99.556844,19.121918,4.602049,0
1850,61,90.256712,13.149838,4.638840,0
889,57,93.687002,10.063941,5.663785,0
285,56,99.400944,12.166677,4.602736,0
1387,64,70.453646,9.510548,6.729370,0
1078,99,92.168453,14.969423,6.613481,0
744,69,93.681378,18.639936,3.701729,0
752,70,76.141050,7.856449,8.909877,0
1466,98,70.426560,14.802365,6.620564,0
1635,56,80.398881,18.304668,3.059329,0
2887,55,82.310992,12.807160,4.294473,1
2622,81,81.762442,16.533454,4.899158,0
851,86,79.020604,15.725010,5.468995,0
1682,56,92.606818,16.025297,3.494475,0
1927,97,73.441310,17.999375,5.389076,1
116,83,89.898710,12.186242,6.810959,0
1380,80,93.222201,18.648622,4.289861,1
1275,78,82.066797,16.277586,4.791865,0
2688,91,89.068795,12.565223,7.242211,0
1678,71,77.458918,15.348858,4.625751,0
587,62,99.770614,5.545386,11.180467,0
2718,77,86.430034,11.059311,6.962459,1
451,58,72.490201,7.541550,7.690726,0
2526,80,70.026737,16.798135,4.762433,0
156,93,70.960345,15.522868,5.991161,0
478,68,72.857108,15.786372,4.307513,0
60,76,75.119559,17.863985,4.254370,0
223,83,73.746362,17.985101,4.614931,1
126,65,93.623752,11.062734,5.875582,0
1151,63,89.094890,15.115508,4.167905,0
2274,71,78.153579,14.356505,4.945493,1
1776,90,87.757553,16.563191,5.433736,0
1721,97,72.640249,12.783673,7.587803,0
2272,60,77.138983,14.504530,4.136639,0
519,82,90.202430,12.528075,6.545299,0
1537,90,73.785662,12.538175,7.178078,0
2958,55,96.810181,15.875476,3.464463,0
2483,81,76.615017,11.870748,6.823496,0
2069,94,85.862169,7.102231,13.235278,0
81,64,77.004582,5.029073,12.726005,0
2536,99,90.112767,16.990076,5.826931,0
2971,65,96.209312,17.125051,3.795609,1
2304,93,73.237830,11.988942,7.757148,0
424,72,77.442075,12.548855,5.737575,0
143,69,88.396496,17.528503,3.936446,0
2063,69,79.704416,15.508482,4.449178,0
344,98,94.450994,5.402809,18.138712,0
2348,62,93.518348,16.605175,3.733776,0
916,99,82.927678,18.317755,5.404593,0
2599,70,86.581210,15.494728,4.517666,0
2094,59,73.189625,13.529982,4.360686,0
844,75,74.721067,18.467954,4.061089,0
2679,53,78.503890,16.579439,3.196731,0
2347,75,91.133709,8.123543,9.232425,1
1899,73,78.163497,15.032922,4.856009,0
2529,60,79.675427,8.494129,7.063702,0
68,88,74.238923,13.535072,6.501628,0
90,62,71.378299,10.213485,6.070406,0
2602,71,94.204006,12.404396,5.723777,0
1251,87,80.826094,5.381487,16.166535,0
1748,60,89.560368,12.924819,4.642231,0
1362,97,78.893397,7.418308,13.075758,1
2141,85,89.794739,5.898009,14.411644,0
1344,93,98.192224,6.157905,15.102540,0
2240,63,96.234747,14.245204,4.422541,0
1644,59,83.923694,5.226001,11.289702,0
1546,82,74.643430,12.217138,6.711883,0
1549,94,78.540888,10.524121,8.931862,0
2006,80,89.277915,13.166365,6.076089,1
625,85,92.545913,11.278402,7.536529,1
2989,80,85.543466,9.884479,8.093497,1
1297,65,79.700551,19.071333,3.408257,0
2743,63,82.970762,14.628156,4.306763,0
444,78,82.188941,13.004129,5.998095,0
1985,79,77.699556,7.990174,9.887144,0
2388,82,85.737497,6.724969,12.193366,0
192,87,92.849570,8.492973,10.243762,0
998,81,71.816410,12.892289,6.282825,1
2196,57,83.939649,7.499622,7.600383,0
2149,75,97.106691,8.964816,8.366039,0
1576,98,98.234712,13.950879,7.024647,1
2898,54,74.193671,10.433939,5.175418,0
163,84,77.820854,5.764362,14.572298,0
984,59,88.409931,18.506003,3.188155,0
280,58,79.238064,12.933867,4.484351,0
1519,87,98.005006,14.422941,6.032057,0
740,89,81.736617,14.127162,6.299921,0
2064,91,96.341394,7.771724,11.709113,0
2985,90,84.909823,7.841452,11.477466,1
1314,87,94.343588,12.909789,6.739072,1
1277,73,79.959838,8.938607,8.166821,0
1649,77,74.513748,15.784053,4.878341,1
595,78,70.736140,9.357246,8.335786,0
1351,90,75.106407,19.380428,4.643860,1
2156,76,84.271129,11.655925,6.520289,0
2119,95,83.388189,13.994566,6.788349,1
1746,56,97.658903,18.103160,3.093383,0
1533,86,80.528033,13.435418,6.400992,1
1021,70,74.969704,17.809849,3.930409,0
1083,75,78.342754,5.825299,12.874875,0
1940,93,89.430276,11.947484,7.784065,0
2721,91,89.011019,16.644942,5.467126,0
2255,59,84.740308,15.052481,3.919620,0
605,67,89.440094,7.378418,9.080537,1
1633,72,83.664929,5.509806,13.067612,0
1402,63,75.419729,19.749201,3.190002,1
956,72,93.750723,14.004434,5.141229,1
2147,60,70.279278,12.308191,4.874803,0
1745,57,75.203029,18.980173,3.003134,0
2188,56,94.041757,15.203661,3.683323,0
1155,85,89.836275,6.362232,13.360091,1
1490,77,92.697182,8.640279,8.911749,0
2082,86,79.636523,15.023848,5.724233,1
1312,87,92.808605,7.740274,11.239913,0
1653,78,79.424866,15.159485,5.145294,0
497,94,98.808092,17.583149,5.346028,0
1180,61,97.886896,18.838297,3.238085,0
221,67,76.985393,16.939837,3.955174,0
2994,90,90.188423,5.414085,16.623306,0
307,78,85.342966,16.757414,4.654656,0
946,50,83.466947,15.004138,3.332414,0
498,53,76.257722,10.873256,4.874345,0
2847,55,76.340734,8.490699,6.477676,1
1570,84,85.766074,12.099962,6.942170,0
2936,73,87.382640,6.540969,11.160426,0
1285,67,76.466453,16.879875,3.969224,0
317,66,93.641223,14.072254,4.690080,0
2302,50,71.070321,17.275955,2.894196,0
2516,97,96.587910,18.551381,5.228721,0
699,92,83.851495,18.911007,4.864892,1
1891,93,95.000638,18.140324,5.126700,0
2448,97,96.779829,17.335904,5.595324,0
2092,62,82.924267,16.616724,3.731181,1
2321,82,73.884734,17.460247,4.696383,0
2813,68,77.111659,18.337687,3.708210,0
2409,77,89.182032,14.078413,5.469367,0
2924,63,72.246873,18.157527,3.469635,0
962,78,76.655083,7.323227,10.651043,0
2981,95,90.192112,12.656356,7.506110,0
2318,72,89.079355,9.252395,7.781769,0
1374,84,89.556166,9.452938,8.886126,0
2148,59,76.209668,5.592047,10.550697,0
1676,55,78.178779,14.797667,3.716802,1
2826,56,77.272822,11.265387,4.970979,0
390,79,75.028655,16.642753,4.746811,0
1144,58,74.894833,18.330087,3.164197,0
418,66,73.307283,10.593124,6.230457,0
727,51,86.301409,15.645409,3.259742,0
1163,81,93.779999,8.340687,9.711431,1
57,84,92.925929,7.765909,10.816506,1
488,86,82.173584,15.818158,5.436790,0
795,64,84.173259,6.514007,9.824981,1
1409,61,91.731024,17.420343,3.501653,0
2963,53,70.786605,18.445266,2.873366,0
558,66,72.786161,9.620217,6.860552,0
39,91,83.942050,12.533999,7.260253,0
2220,54,94.375265,5.640133,9.574243,0
1677,77,91.946047,5.190471,14.834877,1
2224,66,88.102382,16.900933,3.905110,0
388,64,83.632486,12.413526,5.155666,0
218,73,86.478235,17.691817,4.126201,0
746,94,84.349933,18.034788,5.212149,0
1138,81,84.104327,5.948565,13.616730,0
1128,90,72.254173,13.117856,6.860877,1
1687,94,83.988182,12.497522,7.521491,0
1963,91,97.969973,12.702426,7.163986,0
2940,71,75.281798,9.475936,7.492664,0
772,50,76.141206,8.957441,5.581952,0
403,55,91.357883,14.158243,3.884663,0
2241,81,81.208883,9.388579,8.627504,1
346,66,78.673997,15.883197,4.155335,0
1408,56,84.929375,12.009898,4.662821,0
1953,54,86.287110,5.781271,9.340507,1
2553,76,73.044601,14.026672,5.418249,1
1834,94,88.941839,19.990427,4.702251,0
384,95,71.499887,6.461608,14.702222,0
1685,60,93.653341,18.414300,3.258337,0
2374,98,93.373272,9.608817,10.198966,0
639,98,82.492391,15.533008,6.309145,1
2243,58,91.503144,11.089171,5.230328,0
1562,78,97.334224,15.823656,4.929329,0
1958,59,97.803387,9.425074,6.259898,0
158,68,95.269468,5.938138,11.451400,0
2966,57,77.860619,17.703006,3.219792,1
2140,88,77.553781,9.834623,8.947979,1
2088,86,75.895431,15.608970,5.509652,0
726,79,70.046060,12.533707,6.303004,1
1444,78,79.390733,15.943161,4.892380,1
2729,71,89.812656,18.010937,3.942049,1
2110,98,90.165220,8.370618,11.707619,0
1437,90,88.598103,11.162649,8.062602,0
1012,96,87.051124,8.789875,10.921657,0
554,73,86.315106,16.944763,4.308116,0
1962,56,87.895017,5.926623,9.448889,1
1847,99,82.755487,9.142987,10.827972,0
2352,69,90.558223,12.290068,5.614290,0
1794,72,89.997409,17.283130,4.165912,0
1496,63,83.749036,7.735146,8.144642,0
1726,66,91.623816,18.789156,3.512664,0
2672,97,89.004747,5.477089,17.710136,0
1728,56,75.628220,14.158263,3.955287,0
1346,82,72.872895,16.968027,4.832618,0
1936,71,82.037521,19.305632,3.677683,0
265,69,94.656414,11.276181,6.119093,1
2316,66,72.881999,5.418883,12.179631,0
2162,52,88.567199,5.604615,9.278068,0
2253,79,94.044348,14.140931,5.586620,0
1494,62,93.694778,7.461860,8.308920,0
1003,86,89.874451,15.323063,5.612455,0
2246,84,98.591746,19.245568,4.364641,0
723,59,93.960892,11.593908,5.088879,1
2319,73,79.351668,19.114120,3.819166,0
621,85,86.860072,7.623772,11.149336,0
1686,57,94.440367,16.564209,3.441154,0
2943,97,91.373458,12.846257,7.550838,0
2365,93,82.777367,15.420393,6.030975,0
1218,98,71.622881,17.704849,5.535207,0
1441,74,98.778364,5.035518,14.695607,1
1877,82,71.504930,8.581229,9.555740,1
1292,98,95.927794,6.152725,15.927903,0
1175,55,93.028420,6.667956,8.248405,1
313,59,85.746828,10.120845,5.829553,0
1626,69,72.128374,8.332943,8.280388,0
578,81,92.231641,5.620868,14.410586,0
931,56,75.464673,17.257857,3.244899,0
356,56,91.309664,18.024058,3.106959,0
996,83,85.114031,17.021096,4.876302,0
852,88,83.320000,15.063077,5.842100,0
1336,62,80.680157,12.918308,4.799390,0
1348,74,85.720260,16.050945,4.610320,0
2837,56,93.398373,19.284268,2.903921,0
93,74,83.168744,10.129649,7.305288,0
2665,61,72.488971,13.636030,4.473443,0
1202,67,84.998223,14.163793,4.730371,0
2759,88,75.948807,15.380659,5.721471,0
555,64,70.405485,7.810224,8.194388,0
2651,69,70.257317,8.595114,8.027816,1
184,56,90.857068,14.829803,3.776180,0
377,94,94.619760,19.258003,4.881088,0
1547,62,86.923165,16.891960,3.670385,0
2881,65,98.738054,18.607108,3.493289,0
186,50,87.092887,12.213977,4.093671,0
796,87,84.438728,11.212474,7.759215,0
759,64,91.605654,18.848198,3.395550,0
2367,55,90.003758,11.678968,4.709320,0
1911,85,83.230375,17.445101,4.872428,0
1898,84,95.666576,8.699533,9.655691,0
2161,62,70.147841,6.184003,10.025868,0
607,80,73.051853,5.155398,15.517716,0
2575,54,71.446498,9.197214,5.871343,0
737,57,92.748266,7.226335,7.887816,0
539,83,80.650286,11.774248,7.049283,0
2107,77,80.778488,6.668065,11.547579,1
745,61,92.837910,9.618020,6.342262,0
91,53,83.364114,13.344053,3.971807,0
268,76,88.191673,13.442002,5.653920,0
760,97,95.668776,10.720094,9.048428,0
1013,73,97.807743,18.676443,3.908667,0
1375,64,91.328896,8.757571,7.307963,0
1738,80,95.920716,10.689187,7.484199,0
442,90,76.466153,11.500440,7.825787,0
1473,54,80.220995,16.834467,3.207705,0
655,62,76.488752,5.447511,11.381344,1
2668,50,74.522964,8.885618,5.627071,0
1420,78,74.983499,11.761839,6.631616,0
659,52,75.815283,5.861107,8.872044,0
1472,84,94.492585,14.974188,5.609653,0
2122,53,90.599119,19.442553,2.725979,0
2203,63,75.964768,10.334504,6.096084,1
718,69,89.126526,19.279762,3.578882,0
135,84,96.374655,13.817056,6.079443,1
2666,55,75.679377,5.412786,10.161127,0
2655,56,99.049173,5.161195,10.850200,0
2621,80,71.563245,8.562481,9.343086,0
738,66,84.483989,5.295886,12.462503,0
1631,72,96.701706,11.301330,6.370932,0
2305,54,94.041434,5.109814,10.567899,0
1828,66,77.740993,13.022822,5.068026,0
2229,66,83.926408,11.048978,5.973403,0
1724,64,80.441395,5.199319,12.309304,0
779,88,75.033903,6.121909,14.374602,0
2050,66,87.571814,16.859419,3.914726,0
1615,56,93.209147,12.318431,4.546034,0
2657,51,80.729150,16.438577,3.102458,0
1008,93,92.813338,6.305174,14.749792,0
1909,73,89.787859,9.978167,7.315973,1
1910,95,85.591067,15.543177,6.112006,0
11,58,85.528606,16.375989,3.541771,0
2741,90,73.706739,18.077404,4.978591,1
839,77,70.401696,7.485394,10.286699,0
547,76,99.637036,5.365674,14.164112,0
2237,55,90.067492,13.915983,3.952290,1
157,50,98.381147,12.320006,4.058440,0
686,71,92.318934,16.030491,4.429060,1
1174,68,81.712753,17.227532,3.947170,0
1564,60,88.115478,17.558305,3.417186,1
2022,92,82.613369,17.714890,5.193371,0
1520,98,89.587471,14.472093,6.771654,0
420,87,79.417254,5.992436,14.518302,0
568,79,77.621746,8.607916,9.177599,0
2816,94,99.177342,6.433016,14.612119,0
1774,94,91.787744,6.331537,14.846317,1
2639,62,89.626692,18.841302,3.290643,0
2097,51,74.567254,19.619795,2.599416,0
1232,94,95.075430,6.523116,14.410292,0
46,97,73.682658,10.816630,8.967673,0
571,70,80.113451,14.933873,4.687330,1
320,82,73.793518,14.282257,5.741390,0
2726,78,99.694960,7.745700,10.070104,1
18,62,96.632091,7.009185,8.845536,0
2086,66,85.156251,11.701944,5.640088,0
2535,73,90.954734,19.492614,3.745008,0
486,68,79.221420,9.205560,7.386840,0
2667,95,91.979118,9.078839,10.463893,0
2363,77,96.027452,7.727746,9.964096,0
55,96,83.294821,19.993340,4.801599,1
2173,95,89.380248,11.774822,8.068063,0
2414,58,95.200336,7.085693,8.185508,0
960,57,72.512162,13.330954,4.275763,0
1113,90,91.822753,18.963532,4.745951,0
857,84,80.406014,13.062596,6.430575,1
1559,85,75.890189,18.578047,4.575292,0
2028,90,78.687984,11.542853,7.797033,1
1579,91,86.044939,13.526962,6.727305,0
2892,95,80.503408,16.140836,5.885693,0
1761,88,74.444191,10.478603,8.398066,1
1990,85,81.101189,13.871780,6.127548,1
2779,56,75.303021,5.786356,9.677938,0
1194,61,80.412303,6.221309,9.805011,0
1421,97,83.690397,12.650120,7.667912,0
934,95,75.046492,5.344603,17.774939,0
970,63,97.110878,8.901466,7.077486,0
2185,85,89.022598,17.124095,4.963766,0
2114,61,92.471602,7.400879,8.242264,0
2434,99,90.379954,18.252253,5.423988,0
2753,66,88.624685,11.491858,5.743197,0
2397,95,91.314343,13.181376,7.207138,0
2845,80,94.235290,12.535920,6.381662,0
637,76,98.187854,7.240371,10.496700,0
2192,74,96.842406,11.488794,6.441059,0
1560,87,83.386310,7.738571,11.242385,0
993,55,77.777742,18.413970,2.986863,0
1060,75,94.710889,6.067811,12.360306,0
2607,51,92.591864,16.132099,3.161399,0
1403,68,90.831169,5.181911,13.122572,0
2036,65,96.153538,16.006859,4.060759,0
2296,66,70.551032,6.691337,9.863500,1
1989,56,86.970432,10.114483,5.536615,0
1475,62,80.490362,18.928354,3.275509,1
2811,69,75.764694,13.365505,5.162544,0
1208,60,74.003564,19.538523,3.070856,0
1582,82,94.453954,11.958213,6.857212,0
1238,94,93.281517,9.721107,9.669680,1
1195,82,92.514910,17.290907,4.742377,0
1134,93,97.052039,13.084106,7.107860,0
1411,91,94.164017,15.679000,5.803941,1
2182,71,76.734268,15.354707,4.623989,0
2683,62,88.326667,9.496008,6.529059,0
189,61,95.458227,16.421043,3.714746,0
695,82,83.026267,16.070283,5.102586,0
2800,65,91.382745,16.430120,3.956149,0
1530,66,83.734879,18.181716,3.630020,0
23,74,81.165101,16.720767,4.425634,0
2299,84,82.423433,19.962520,4.207886,0
1153,67,97.497882,18.706981,3.581551,0
1335,89,86.066198,19.889153,4.474801,1
1199,69,81.483128,12.747931,5.412643,0
1957,85,98.119711,13.020100,6.528368,0
2676,59,99.626628,7.300776,8.081333,0
83,69,95.257790,7.954461,8.674378,0
361,77,80.209732,13.683616,5.627167,0
169,79,80.918755,12.210510,6.469836,0
171,81,98.892348,19.574163,4.138108,0
2613,76,76.765969,10.159471,7.480705,0
2216,52,76.982166,14.965831,3.474582,0
236,84,89.117910,5.695477,14.748544,0
262,86,86.092771,5.783786,14.869152,0
925,61,91.260427,10.709271,5.695999,1
2748,58,86.246317,13.237754,4.381408,0
1629,63,72.948765,7.709257,8.171994,0
196,59,97.273559,11.761288,5.016457,0
747,52,88.596880,11.048257,4.706625,0
1638,83,78.518361,16.124622,5.147407,0
584,51,88.062118,5.176838,9.851573,1
822,59,91.378136,11.193364,5.270980,0
1433,86,88.410413,7.875051,10.920564,0
1146,60,79.347798,10.653121,5.632152,0
1157,55,89.885592,13.530945,4.064757,0
948,52,74.257402,10.577083,4.916289,0
1186,91,82.276416,13.967538,6.515107,1
1239,52,73.118827,15.827670,3.285386,0
1507,51,96.223476,9.372993,5.441165,0
1385,95,75.474770,19.180205,4.953023,0
2487,94,96.149048,19.830485,4.740177,0
1291,68,82.194322,13.506886,5.034469,1
2081,76,76.377436,8.305966,9.150050,1
2038,97,83.497445,13.444601,7.214792,0
2803,69,74.679724,9.481556,7.277286,1
2616,58,85.937768,11.819067,4.907325,0
2792,88,91.646986,10.957648,8.030920,0
2780,89,81.717822,17.317242,5.139387,1
1986,90,79.650106,9.653588,9.322958,0
1158,93,99.143772,13.672710,6.801870,0
890,53,80.672729,6.589800,8.042732,0
1149,84,74.707797,16.098631,5.217835,1
2186,54,72.422130,14.509526,3.721693,0
490,68,94.015423,13.143986,5.173469,1
2937,62,70.446786,14.354751,4.319128,0
2223,97,88.523066,17.879577,5.425184,1
312,89,75.545654,6.633536,13.416675,0
335,84,74.464227,17.584481,4.776939,0
1280,98,86.174296,9.873542,9.925516,0
2874,50,89.367014,15.577229,3.209814,0
1150,72,92.744071,16.688548,4.314336,0
859,81,75.730705,19.756973,4.099818,0
2957,50,84.647033,10.621015,4.707648,0
879,71,75.811392,6.285525,11.295794,0
25,52,96.515927,5.235443,9.932302,1
959,94,72.825322,19.378957,4.850622,0
2939,77,74.791161,10.188983,7.557182,0
1136,87,74.604309,8.583278,10.135987,1
1799,85,75.680251,8.604674,9.878353,0
2654,75,76.073406,15.576819,4.814847,0
1145,84,70.423475,6.895050,12.182653,0
1616,50,91.022077,19.382961,2.579585,0
4,96,95.797722,5.619088,17.084622,0
1709,99,81.146009,15.417912,6.421103,0
253,65,79.796733,5.100124,12.744788,0
1268,67,80.452576,13.327198,5.027313,1
2394,97,73.236048,12.826132,7.562686,1
64,73,70.185051,7.924718,9.211684,0
2236,63,94.894289,18.901484,3.333072,0
494,87,81.037146,19.892329,4.373545,1
2678,82,78.350829,8.073356,10.156866,0
2084,70,73.768446,15.758988,4.441910,0
100,91,81.961500,9.533572,9.545216,0
645,95,70.161551,6.057058,15.684181,0
112,88,74.658644,14.796311,5.947428,1
2326,88,92.295992,7.593199,11.589318,1
254,60,80.790765,19.430100,3.087992,0
2215,59,85.177523,9.654731,6.110994,0
741,81,74.133208,8.325290,9.729391,1
2661,68,92.582112,7.399296,9.190064,1
1543,85,71.217571,14.235623,5.970936,0
940,74,98.319091,11.204800,6.604313,0
1102,73,98.468233,8.611425,8.477111,0
1594,95,87.335265,19.154251,4.959734,0
400,55,93.735662,13.406389,4.102522,1
1181,77,95.200920,9.247601,8.326484,0
66,77,96.580300,13.628567,5.649897,1
599,97,97.088527,18.720668,5.181439,1
2520,94,82.816697,19.798481,4.747839,0
2955,56,75.960503,15.851328,3.532827,0
2267,63,94.794090,12.984521,4.851931,1
2037,94,91.880982,18.441519,5.097194,1
1641,72,77.693892,12.075312,5.962579,1
243,99,78.861732,11.774113,8.408277,0
634,64,82.405135,16.437627,3.893506,0
1023,51,72.959814,10.801105,4.721739,0
1835,95,84.152820,16.189306,5.868071,0
43,59,80.953709,16.745092,3.523421,1
2488,86,74.655284,10.566693,8.138781,1
915,87,88.347365,13.567971,6.412160,0
2567,70,84.619861,10.630682,6.584714,0
963,57,73.726932,12.614097,4.518754,0
1621,97,97.747002,18.405957,5.270033,1
909,79,91.153485,7.673362,10.295357,1
777,64,77.252182,18.448942,3.469034,0
2840,60,99.449224,6.005914,9.990153,0
2686,59,71.903859,7.073783,8.340657,0
2953,74,78.508788,16.534479,4.475496,0
2303,98,79.655563,12.373560,7.920113,0
1590,81,99.623632,16.771381,4.829656,0
666,51,78.350032,15.460820,3.298661,0
2852,67,82.746662,16.335372,4.101529,0
1665,74,84.213537,12.502384,5.918871,0
2513,56,97.557052,18.071034,3.098882,0
2627,50,91.682616,7.787535,6.420517,0
1599,64,73.834202,16.957215,3.774205,0
1630,72,91.603237,17.418448,4.133549,0
2398,88,72.886940,8.459479,10.402532,0
1225,70,90.176304,18.048761,3.878383,0
2542,85,70.179646,19.328494,4.397652,0
1965,64,75.052991,5.684006,11.259664,0
2783,73,94.237256,8.202736,8.899470,1
134,64,86.483899,12.939501,4.946095,0
681,94,97.033152,14.627572,6.426220,0
88,78,97.671529,19.525195,3.994839,1
798,96,78.438055,19.144440,5.014511,0
1733,69,96.827871,6.236894,11.063199,1
1438,77,81.592575,19.625701,3.923427,0
102,99,76.680977,14.747899,6.712821,0
374,61,98.705654,15.506293,3.933887,0
2990,61,94.494437,8.128928,7.504064,0
2615,79,72.365480,6.494685,12.163792,1
2956,76,92.934103,9.682855,7.848925,0
842,52,85.503194,5.254338,9.896584,0
1360,68,71.649554,8.017759,8.481173,0
209,88,96.630659,5.543136,15.875491,0
2404,75,76.827526,9.174445,8.174881,0
804,71,92.530117,18.488812,3.840160,0
2951,51,93.737783,13.297227,3.835386,0
1031,83,89.094803,7.692304,10.790005,0
1779,56,97.568795,15.805059,3.543169,0
479,69,80.785109,6.432608,10.726598,0
2335,98,74.301034,16.880819,5.805406,1
1273,86,92.009241,7.017966,12.254263,0
2598,93,75.343016,15.852383,5.866626,0
680,65,82.942881,10.712024,6.067948,0
1670,89,86.521027,7.608518,11.697416,0
258,76,94.704330,8.436778,9.008178,0
1690,88,70.614739,15.077831,5.836383,0
2325,68,91.985760,19.630816,3.463942,1
417,51,98.402207,17.767951,2.870337,0
1523,87,78.263847,16.063525,5.415997,1
2640,80,75.297609,16.184929,4.942870,0
950,56,73.678949,14.760802,3.793832,1
685,57,86.913617,18.217356,3.128884,0
309,70,71.146376,6.144949,11.391469,0
183,74,96.998066,9.885046,7.486055,0
1219,66,91.715514,10.566873,6.245935,0
2740,80,82.675169,13.843319,5.778961,0
2320,99,73.334935,8.891749,11.133917,0
1279,52,91.491469,10.112671,5.142064,0
1772,52,75.274807,11.321129,4.593181,1
1959,98,93.865857,10.447298,9.380416,1
2208,55,79.203152,19.795496,2.778410,1
2574,51,71.429381,11.453546,4.452769,0
2842,85,89.009862,12.873970,6.602470,0
159,82,72.406358,5.033998,16.289240,0
2298,50,85.867830,17.703855,2.824244,0
1838,89,98.549241,6.805146,13.078338,0
2704,56,89.258698,19.930287,2.809794,0
569,86,78.341255,18.166406,4.734013,0
1489,65,92.026164,8.732658,7.443323,0
1366,53,72.817419,10.102549,5.246201,0
2597,85,90.968466,19.648632,4.326001,1
989,74,72.353675,12.510421,5.915069,0
438,74,77.390182,5.210585,14.201859,0
1458,63,83.037544,15.711373,4.009834,0
1446,51,86.427388,9.348382,5.455490,0
1585,50,74.386110,5.300888,9.432382,0
338,65,97.385443,14.985089,4.337645,1
2151,95,91.946151,8.899138,10.675191,1
566,93,86.227289,7.558211,12.304498,0
825,94,80.002911,15.423060,6.094770,1
2439,95,77.657657,5.650337,16.813158,0
2849,78,86.328838,18.221505,4.280656,1
35,51,87.094751,19.820100,2.573145,1
2646,70,76.990065,14.224472,4.921097,0
1969,57,74.844776,19.664955,2.898557,0
2945,62,95.951446,8.715215,7.113996,0
923,54,85.233902,7.563627,7.139432,0
757,67,97.862587,6.629901,10.105732,0
1846,99,78.718099,18.373100,5.388312,0
2447,99,77.826162,17.933591,5.520367,1
1606,99,78.018447,5.865458,16.878477,0
1070,78,80.289015,17.634257,4.423209,1
1851,61,87.335307,14.701886,4.149127,1
2089,78,90.014022,12.732187,6.126206,0
56,59,93.751280,7.468105,7.900263,0
1782,63,83.303463,19.013439,3.313446,0
2090,74,99.726630,10.743471,6.887904,0
282,75,75.403643,5.047265,14.859534,0
1096,67,79.268786,7.171786,9.342164,0
1311,89,77.684220,17.559133,5.068587,0
225,90,80.878402,5.034972,17.874974,1
1780,57,71.957127,5.426643,10.503731,0
2007,66,74.520985,11.848059,5.570533,1
1701,72,88.470808,6.865909,10.486595,1
2872,60,71.380598,14.431354,4.157614,0
389,55,74.385392,9.808497,5.607383,0
292,91,97.942298,18.945030,4.803371,0
1080,55,87.261329,19.079761,2.882636,0
1742,50,90.337466,16.753170,2.984510,0
2663,62,94.930570,10.131535,6.119507,0
95,81,84.279727,17.449204,4.642046,0
2864,89,94.134117,19.984501,4.453451,0
862,85,71.964568,9.142515,9.297223,0
1029,78,79.260396,14.389995,5.420433,0
2596,62,95.129341,17.620028,3.518723,0
316,92,70.197541,16.771032,5.485649,0
2169,87,78.232192,13.251255,6.565416,0
1112,88,71.559424,7.722815,11.394809,0
1627,90,91.089348,15.159490,5.936875,0
1703,66,92.063765,11.951653,5.522249,0
719,89,97.472338,6.562333,13.562250,0
2312,61,77.530600,8.611754,7.083342,0
734,53,80.655097,10.781307,4.915916,0
2132,52,89.844865,11.396889,4.562648,0
854,78,82.907167,5.565937,14.013813,0
701,61,93.469243,6.087468,10.020586,0
238,54,78.921098,11.568302,4.667928,0
1865,73,75.797201,17.183013,4.248382,1
653,85,86.854989,11.970091,7.101032,0
736,92,95.790237,6.864997,13.401316,0
1184,67,83.443369,14.734185,4.547248,0
2906,81,97.646689,11.107400,7.292436,0
2480,64,83.334655,10.129727,6.318038,0
2893,77,73.583440,6.388259,12.053362,0
2579,76,99.729033,14.486843,5.246140,0
2910,60,70.511548,5.494744,10.919526,0
2210,94,86.388997,9.749007,9.642008,0
2417,90,98.563422,9.195454,9.787444,1
273,60,94.248207,18.651160,3.216958,0
2469,57,75.163690,7.297920,7.810444,0
51,73,77.065936,19.299540,3.782473,0
1480,94,84.940160,14.147774,6.644155,1
2650,54,76.944979,12.824835,4.210581,0
181,58,82.958795,5.847712,9.918409,0
748,57,72.650794,11.237996,5.072079,0
819,72,92.387285,16.644229,4.325824,1
1205,73,96.071946,5.690059,12.829392,1
2742,95,78.799686,18.325016,5.184170,0
1647,67,96.414999,8.456702,7.922711,0
1597,60,86.677334,9.572495,6.267958,1
1502,75,70.272862,16.273128,4.608825,1
2012,71,87.191075,11.781014,6.026646,0
1906,50,71.268947,6.479946,7.716113,1
485,86,87.203762,15.395198,5.586157,1
1200,73,78.863884,9.442964,7.730624,1
563,66,79.486893,8.048401,8.200387,0
